[2026-02-13T00:28:14.830+0000] {processor.py:186} INFO - Started process (PID=367) to work on /opt/airflow/dags/weather_pipeline_dag.py
[2026-02-13T00:28:14.840+0000] {processor.py:914} INFO - Processing file /opt/airflow/dags/weather_pipeline_dag.py for tasks to queue
[2026-02-13T00:28:14.863+0000] {logging_mixin.py:190} INFO - [2026-02-13T00:28:14.860+0000] {dagbag.py:588} INFO - Filling up the DagBag from /opt/airflow/dags/weather_pipeline_dag.py
[2026-02-13T00:28:17.383+0000] {logging_mixin.py:190} INFO - [2026-02-13T00:28:17.354+0000] {dagbag.py:387} ERROR - Failed to import: /opt/airflow/dags/weather_pipeline_dag.py
Traceback (most recent call last):
  File "/home/airflow/.local/lib/python3.10/site-packages/airflow/models/dagbag.py", line 383, in parse
    loader.exec_module(new_module)
  File "<frozen importlib._bootstrap_external>", line 883, in exec_module
  File "<frozen importlib._bootstrap>", line 241, in _call_with_frames_removed
  File "/opt/airflow/dags/weather_pipeline_dag.py", line 6, in <module>
    from utils.transform import transform_weather
  File "/opt/airflow/dags/utils/transform.py", line 3, in <module>
    from logger import get_logger
ModuleNotFoundError: No module named 'logger'
[2026-02-13T00:28:17.398+0000] {processor.py:927} WARNING - No viable dags retrieved from /opt/airflow/dags/weather_pipeline_dag.py
[2026-02-13T00:28:17.539+0000] {processor.py:208} INFO - Processing /opt/airflow/dags/weather_pipeline_dag.py took 2.798 seconds
[2026-02-13T00:28:48.522+0000] {processor.py:186} INFO - Started process (PID=373) to work on /opt/airflow/dags/weather_pipeline_dag.py
[2026-02-13T00:28:48.525+0000] {processor.py:914} INFO - Processing file /opt/airflow/dags/weather_pipeline_dag.py for tasks to queue
[2026-02-13T00:28:48.535+0000] {logging_mixin.py:190} INFO - [2026-02-13T00:28:48.534+0000] {dagbag.py:588} INFO - Filling up the DagBag from /opt/airflow/dags/weather_pipeline_dag.py
[2026-02-13T00:28:49.977+0000] {logging_mixin.py:190} INFO - [2026-02-13T00:28:49.957+0000] {dagbag.py:387} ERROR - Failed to import: /opt/airflow/dags/weather_pipeline_dag.py
Traceback (most recent call last):
  File "/home/airflow/.local/lib/python3.10/site-packages/airflow/models/dagbag.py", line 383, in parse
    loader.exec_module(new_module)
  File "<frozen importlib._bootstrap_external>", line 883, in exec_module
  File "<frozen importlib._bootstrap>", line 241, in _call_with_frames_removed
  File "/opt/airflow/dags/weather_pipeline_dag.py", line 6, in <module>
    from utils.transform import transform_weather
  File "/opt/airflow/dags/utils/transform.py", line 3, in <module>
    from logger import get_logger
ModuleNotFoundError: No module named 'logger'
[2026-02-13T00:28:49.985+0000] {processor.py:927} WARNING - No viable dags retrieved from /opt/airflow/dags/weather_pipeline_dag.py
[2026-02-13T00:28:50.078+0000] {processor.py:208} INFO - Processing /opt/airflow/dags/weather_pipeline_dag.py took 1.580 seconds
[2026-02-13T00:29:20.473+0000] {processor.py:186} INFO - Started process (PID=379) to work on /opt/airflow/dags/weather_pipeline_dag.py
[2026-02-13T00:29:20.476+0000] {processor.py:914} INFO - Processing file /opt/airflow/dags/weather_pipeline_dag.py for tasks to queue
[2026-02-13T00:29:20.483+0000] {logging_mixin.py:190} INFO - [2026-02-13T00:29:20.483+0000] {dagbag.py:588} INFO - Filling up the DagBag from /opt/airflow/dags/weather_pipeline_dag.py
[2026-02-13T00:29:21.932+0000] {logging_mixin.py:190} INFO - [2026-02-13T00:29:21.910+0000] {dagbag.py:387} ERROR - Failed to import: /opt/airflow/dags/weather_pipeline_dag.py
Traceback (most recent call last):
  File "/home/airflow/.local/lib/python3.10/site-packages/airflow/models/dagbag.py", line 383, in parse
    loader.exec_module(new_module)
  File "<frozen importlib._bootstrap_external>", line 883, in exec_module
  File "<frozen importlib._bootstrap>", line 241, in _call_with_frames_removed
  File "/opt/airflow/dags/weather_pipeline_dag.py", line 6, in <module>
    from utils.transform import transform_weather
  File "/opt/airflow/dags/utils/transform.py", line 3, in <module>
    from logger import get_logger
ModuleNotFoundError: No module named 'logger'
[2026-02-13T00:29:21.942+0000] {processor.py:927} WARNING - No viable dags retrieved from /opt/airflow/dags/weather_pipeline_dag.py
[2026-02-13T00:29:21.998+0000] {processor.py:208} INFO - Processing /opt/airflow/dags/weather_pipeline_dag.py took 1.543 seconds
[2026-02-13T00:29:52.213+0000] {processor.py:186} INFO - Started process (PID=385) to work on /opt/airflow/dags/weather_pipeline_dag.py
[2026-02-13T00:29:52.218+0000] {processor.py:914} INFO - Processing file /opt/airflow/dags/weather_pipeline_dag.py for tasks to queue
[2026-02-13T00:29:52.231+0000] {logging_mixin.py:190} INFO - [2026-02-13T00:29:52.229+0000] {dagbag.py:588} INFO - Filling up the DagBag from /opt/airflow/dags/weather_pipeline_dag.py
[2026-02-13T00:29:53.707+0000] {logging_mixin.py:190} INFO - [2026-02-13T00:29:53.686+0000] {dagbag.py:387} ERROR - Failed to import: /opt/airflow/dags/weather_pipeline_dag.py
Traceback (most recent call last):
  File "/home/airflow/.local/lib/python3.10/site-packages/airflow/models/dagbag.py", line 383, in parse
    loader.exec_module(new_module)
  File "<frozen importlib._bootstrap_external>", line 883, in exec_module
  File "<frozen importlib._bootstrap>", line 241, in _call_with_frames_removed
  File "/opt/airflow/dags/weather_pipeline_dag.py", line 6, in <module>
    from utils.transform import transform_weather
  File "/opt/airflow/dags/utils/transform.py", line 3, in <module>
    from logger import get_logger
ModuleNotFoundError: No module named 'logger'
[2026-02-13T00:29:53.714+0000] {processor.py:927} WARNING - No viable dags retrieved from /opt/airflow/dags/weather_pipeline_dag.py
[2026-02-13T00:29:53.779+0000] {processor.py:208} INFO - Processing /opt/airflow/dags/weather_pipeline_dag.py took 1.595 seconds
[2026-02-13T00:30:24.127+0000] {processor.py:186} INFO - Started process (PID=391) to work on /opt/airflow/dags/weather_pipeline_dag.py
[2026-02-13T00:30:24.130+0000] {processor.py:914} INFO - Processing file /opt/airflow/dags/weather_pipeline_dag.py for tasks to queue
[2026-02-13T00:30:24.139+0000] {logging_mixin.py:190} INFO - [2026-02-13T00:30:24.138+0000] {dagbag.py:588} INFO - Filling up the DagBag from /opt/airflow/dags/weather_pipeline_dag.py
[2026-02-13T00:30:25.399+0000] {logging_mixin.py:190} INFO - [2026-02-13T00:30:25.379+0000] {dagbag.py:387} ERROR - Failed to import: /opt/airflow/dags/weather_pipeline_dag.py
Traceback (most recent call last):
  File "/home/airflow/.local/lib/python3.10/site-packages/airflow/models/dagbag.py", line 383, in parse
    loader.exec_module(new_module)
  File "<frozen importlib._bootstrap_external>", line 883, in exec_module
  File "<frozen importlib._bootstrap>", line 241, in _call_with_frames_removed
  File "/opt/airflow/dags/weather_pipeline_dag.py", line 6, in <module>
    from utils.transform import transform_weather
  File "/opt/airflow/dags/utils/transform.py", line 3, in <module>
    from logger import get_logger
ModuleNotFoundError: No module named 'logger'
[2026-02-13T00:30:25.407+0000] {processor.py:927} WARNING - No viable dags retrieved from /opt/airflow/dags/weather_pipeline_dag.py
[2026-02-13T00:30:25.469+0000] {processor.py:208} INFO - Processing /opt/airflow/dags/weather_pipeline_dag.py took 1.361 seconds
[2026-02-13T00:30:55.723+0000] {processor.py:186} INFO - Started process (PID=397) to work on /opt/airflow/dags/weather_pipeline_dag.py
[2026-02-13T00:30:55.727+0000] {processor.py:914} INFO - Processing file /opt/airflow/dags/weather_pipeline_dag.py for tasks to queue
[2026-02-13T00:30:55.735+0000] {logging_mixin.py:190} INFO - [2026-02-13T00:30:55.734+0000] {dagbag.py:588} INFO - Filling up the DagBag from /opt/airflow/dags/weather_pipeline_dag.py
[2026-02-13T00:30:57.054+0000] {logging_mixin.py:190} INFO - [2026-02-13T00:30:57.034+0000] {dagbag.py:387} ERROR - Failed to import: /opt/airflow/dags/weather_pipeline_dag.py
Traceback (most recent call last):
  File "/home/airflow/.local/lib/python3.10/site-packages/airflow/models/dagbag.py", line 383, in parse
    loader.exec_module(new_module)
  File "<frozen importlib._bootstrap_external>", line 883, in exec_module
  File "<frozen importlib._bootstrap>", line 241, in _call_with_frames_removed
  File "/opt/airflow/dags/weather_pipeline_dag.py", line 6, in <module>
    from utils.transform import transform_weather
  File "/opt/airflow/dags/utils/transform.py", line 3, in <module>
    from logger import get_logger
ModuleNotFoundError: No module named 'logger'
[2026-02-13T00:30:57.060+0000] {processor.py:927} WARNING - No viable dags retrieved from /opt/airflow/dags/weather_pipeline_dag.py
[2026-02-13T00:30:57.126+0000] {processor.py:208} INFO - Processing /opt/airflow/dags/weather_pipeline_dag.py took 1.421 seconds
[2026-02-13T00:31:27.866+0000] {processor.py:186} INFO - Started process (PID=403) to work on /opt/airflow/dags/weather_pipeline_dag.py
[2026-02-13T00:31:27.869+0000] {processor.py:914} INFO - Processing file /opt/airflow/dags/weather_pipeline_dag.py for tasks to queue
[2026-02-13T00:31:27.875+0000] {logging_mixin.py:190} INFO - [2026-02-13T00:31:27.874+0000] {dagbag.py:588} INFO - Filling up the DagBag from /opt/airflow/dags/weather_pipeline_dag.py
[2026-02-13T00:31:29.233+0000] {logging_mixin.py:190} INFO - [2026-02-13T00:31:29.213+0000] {dagbag.py:387} ERROR - Failed to import: /opt/airflow/dags/weather_pipeline_dag.py
Traceback (most recent call last):
  File "/home/airflow/.local/lib/python3.10/site-packages/airflow/models/dagbag.py", line 383, in parse
    loader.exec_module(new_module)
  File "<frozen importlib._bootstrap_external>", line 883, in exec_module
  File "<frozen importlib._bootstrap>", line 241, in _call_with_frames_removed
  File "/opt/airflow/dags/weather_pipeline_dag.py", line 6, in <module>
    from utils.transform import transform_weather
  File "/opt/airflow/dags/utils/transform.py", line 3, in <module>
    from logger import get_logger
ModuleNotFoundError: No module named 'logger'
[2026-02-13T00:31:29.242+0000] {processor.py:927} WARNING - No viable dags retrieved from /opt/airflow/dags/weather_pipeline_dag.py
[2026-02-13T00:31:29.298+0000] {processor.py:208} INFO - Processing /opt/airflow/dags/weather_pipeline_dag.py took 1.454 seconds
[2026-02-13T00:32:00.125+0000] {processor.py:186} INFO - Started process (PID=409) to work on /opt/airflow/dags/weather_pipeline_dag.py
[2026-02-13T00:32:00.129+0000] {processor.py:914} INFO - Processing file /opt/airflow/dags/weather_pipeline_dag.py for tasks to queue
[2026-02-13T00:32:00.136+0000] {logging_mixin.py:190} INFO - [2026-02-13T00:32:00.135+0000] {dagbag.py:588} INFO - Filling up the DagBag from /opt/airflow/dags/weather_pipeline_dag.py
[2026-02-13T00:32:01.556+0000] {logging_mixin.py:190} INFO - [2026-02-13T00:32:01.534+0000] {dagbag.py:387} ERROR - Failed to import: /opt/airflow/dags/weather_pipeline_dag.py
Traceback (most recent call last):
  File "/home/airflow/.local/lib/python3.10/site-packages/airflow/models/dagbag.py", line 383, in parse
    loader.exec_module(new_module)
  File "<frozen importlib._bootstrap_external>", line 883, in exec_module
  File "<frozen importlib._bootstrap>", line 241, in _call_with_frames_removed
  File "/opt/airflow/dags/weather_pipeline_dag.py", line 6, in <module>
    from utils.transform import transform_weather
  File "/opt/airflow/dags/utils/transform.py", line 3, in <module>
    from logger import get_logger
ModuleNotFoundError: No module named 'logger'
[2026-02-13T00:32:01.566+0000] {processor.py:927} WARNING - No viable dags retrieved from /opt/airflow/dags/weather_pipeline_dag.py
[2026-02-13T00:32:01.651+0000] {processor.py:208} INFO - Processing /opt/airflow/dags/weather_pipeline_dag.py took 1.545 seconds
[2026-02-13T00:32:32.342+0000] {processor.py:186} INFO - Started process (PID=415) to work on /opt/airflow/dags/weather_pipeline_dag.py
[2026-02-13T00:32:32.345+0000] {processor.py:914} INFO - Processing file /opt/airflow/dags/weather_pipeline_dag.py for tasks to queue
[2026-02-13T00:32:32.352+0000] {logging_mixin.py:190} INFO - [2026-02-13T00:32:32.351+0000] {dagbag.py:588} INFO - Filling up the DagBag from /opt/airflow/dags/weather_pipeline_dag.py
[2026-02-13T00:32:33.720+0000] {logging_mixin.py:190} INFO - [2026-02-13T00:32:33.698+0000] {dagbag.py:387} ERROR - Failed to import: /opt/airflow/dags/weather_pipeline_dag.py
Traceback (most recent call last):
  File "/home/airflow/.local/lib/python3.10/site-packages/airflow/models/dagbag.py", line 383, in parse
    loader.exec_module(new_module)
  File "<frozen importlib._bootstrap_external>", line 883, in exec_module
  File "<frozen importlib._bootstrap>", line 241, in _call_with_frames_removed
  File "/opt/airflow/dags/weather_pipeline_dag.py", line 6, in <module>
    from utils.transform import transform_weather
  File "/opt/airflow/dags/utils/transform.py", line 3, in <module>
    from logger import get_logger
ModuleNotFoundError: No module named 'logger'
[2026-02-13T00:32:33.728+0000] {processor.py:927} WARNING - No viable dags retrieved from /opt/airflow/dags/weather_pipeline_dag.py
[2026-02-13T00:32:33.784+0000] {processor.py:208} INFO - Processing /opt/airflow/dags/weather_pipeline_dag.py took 1.462 seconds
[2026-02-13T00:33:04.344+0000] {processor.py:186} INFO - Started process (PID=421) to work on /opt/airflow/dags/weather_pipeline_dag.py
[2026-02-13T00:33:04.348+0000] {processor.py:914} INFO - Processing file /opt/airflow/dags/weather_pipeline_dag.py for tasks to queue
[2026-02-13T00:33:04.355+0000] {logging_mixin.py:190} INFO - [2026-02-13T00:33:04.354+0000] {dagbag.py:588} INFO - Filling up the DagBag from /opt/airflow/dags/weather_pipeline_dag.py
[2026-02-13T00:33:05.711+0000] {logging_mixin.py:190} INFO - [2026-02-13T00:33:05.688+0000] {dagbag.py:387} ERROR - Failed to import: /opt/airflow/dags/weather_pipeline_dag.py
Traceback (most recent call last):
  File "/home/airflow/.local/lib/python3.10/site-packages/airflow/models/dagbag.py", line 383, in parse
    loader.exec_module(new_module)
  File "<frozen importlib._bootstrap_external>", line 883, in exec_module
  File "<frozen importlib._bootstrap>", line 241, in _call_with_frames_removed
  File "/opt/airflow/dags/weather_pipeline_dag.py", line 6, in <module>
    from utils.transform import transform_weather
  File "/opt/airflow/dags/utils/transform.py", line 3, in <module>
    from logger import get_logger
ModuleNotFoundError: No module named 'logger'
[2026-02-13T00:33:05.718+0000] {processor.py:927} WARNING - No viable dags retrieved from /opt/airflow/dags/weather_pipeline_dag.py
[2026-02-13T00:33:05.775+0000] {processor.py:208} INFO - Processing /opt/airflow/dags/weather_pipeline_dag.py took 1.451 seconds
[2026-02-13T00:33:36.146+0000] {processor.py:186} INFO - Started process (PID=427) to work on /opt/airflow/dags/weather_pipeline_dag.py
[2026-02-13T00:33:36.148+0000] {processor.py:914} INFO - Processing file /opt/airflow/dags/weather_pipeline_dag.py for tasks to queue
[2026-02-13T00:33:36.156+0000] {logging_mixin.py:190} INFO - [2026-02-13T00:33:36.155+0000] {dagbag.py:588} INFO - Filling up the DagBag from /opt/airflow/dags/weather_pipeline_dag.py
[2026-02-13T00:33:37.423+0000] {logging_mixin.py:190} INFO - [2026-02-13T00:33:37.404+0000] {dagbag.py:387} ERROR - Failed to import: /opt/airflow/dags/weather_pipeline_dag.py
Traceback (most recent call last):
  File "/home/airflow/.local/lib/python3.10/site-packages/airflow/models/dagbag.py", line 383, in parse
    loader.exec_module(new_module)
  File "<frozen importlib._bootstrap_external>", line 883, in exec_module
  File "<frozen importlib._bootstrap>", line 241, in _call_with_frames_removed
  File "/opt/airflow/dags/weather_pipeline_dag.py", line 6, in <module>
    from utils.transform import transform_weather
  File "/opt/airflow/dags/utils/transform.py", line 3, in <module>
    from logger import get_logger
ModuleNotFoundError: No module named 'logger'
[2026-02-13T00:33:37.429+0000] {processor.py:927} WARNING - No viable dags retrieved from /opt/airflow/dags/weather_pipeline_dag.py
[2026-02-13T00:33:37.487+0000] {processor.py:208} INFO - Processing /opt/airflow/dags/weather_pipeline_dag.py took 1.358 seconds
[2026-02-13T00:34:07.869+0000] {processor.py:186} INFO - Started process (PID=433) to work on /opt/airflow/dags/weather_pipeline_dag.py
[2026-02-13T00:34:07.873+0000] {processor.py:914} INFO - Processing file /opt/airflow/dags/weather_pipeline_dag.py for tasks to queue
[2026-02-13T00:34:07.879+0000] {logging_mixin.py:190} INFO - [2026-02-13T00:34:07.878+0000] {dagbag.py:588} INFO - Filling up the DagBag from /opt/airflow/dags/weather_pipeline_dag.py
[2026-02-13T00:34:09.127+0000] {logging_mixin.py:190} INFO - [2026-02-13T00:34:09.105+0000] {dagbag.py:387} ERROR - Failed to import: /opt/airflow/dags/weather_pipeline_dag.py
Traceback (most recent call last):
  File "/home/airflow/.local/lib/python3.10/site-packages/airflow/models/dagbag.py", line 383, in parse
    loader.exec_module(new_module)
  File "<frozen importlib._bootstrap_external>", line 883, in exec_module
  File "<frozen importlib._bootstrap>", line 241, in _call_with_frames_removed
  File "/opt/airflow/dags/weather_pipeline_dag.py", line 6, in <module>
    from utils.transform import transform_weather
  File "/opt/airflow/dags/utils/transform.py", line 3, in <module>
    from logger import get_logger
ModuleNotFoundError: No module named 'logger'
[2026-02-13T00:34:09.135+0000] {processor.py:927} WARNING - No viable dags retrieved from /opt/airflow/dags/weather_pipeline_dag.py
[2026-02-13T00:34:09.186+0000] {processor.py:208} INFO - Processing /opt/airflow/dags/weather_pipeline_dag.py took 1.334 seconds
[2026-02-13T00:34:40.124+0000] {processor.py:186} INFO - Started process (PID=439) to work on /opt/airflow/dags/weather_pipeline_dag.py
[2026-02-13T00:34:40.127+0000] {processor.py:914} INFO - Processing file /opt/airflow/dags/weather_pipeline_dag.py for tasks to queue
[2026-02-13T00:34:40.135+0000] {logging_mixin.py:190} INFO - [2026-02-13T00:34:40.134+0000] {dagbag.py:588} INFO - Filling up the DagBag from /opt/airflow/dags/weather_pipeline_dag.py
[2026-02-13T00:34:41.516+0000] {logging_mixin.py:190} INFO - [2026-02-13T00:34:41.486+0000] {dagbag.py:387} ERROR - Failed to import: /opt/airflow/dags/weather_pipeline_dag.py
Traceback (most recent call last):
  File "/home/airflow/.local/lib/python3.10/site-packages/airflow/models/dagbag.py", line 383, in parse
    loader.exec_module(new_module)
  File "<frozen importlib._bootstrap_external>", line 883, in exec_module
  File "<frozen importlib._bootstrap>", line 241, in _call_with_frames_removed
  File "/opt/airflow/dags/weather_pipeline_dag.py", line 6, in <module>
    from utils.transform import transform_weather
  File "/opt/airflow/dags/utils/transform.py", line 3, in <module>
    from logger import get_logger
ModuleNotFoundError: No module named 'logger'
[2026-02-13T00:34:41.527+0000] {processor.py:927} WARNING - No viable dags retrieved from /opt/airflow/dags/weather_pipeline_dag.py
[2026-02-13T00:34:41.613+0000] {processor.py:208} INFO - Processing /opt/airflow/dags/weather_pipeline_dag.py took 1.512 seconds
[2026-02-13T00:35:12.086+0000] {processor.py:186} INFO - Started process (PID=445) to work on /opt/airflow/dags/weather_pipeline_dag.py
[2026-02-13T00:35:12.089+0000] {processor.py:914} INFO - Processing file /opt/airflow/dags/weather_pipeline_dag.py for tasks to queue
[2026-02-13T00:35:12.095+0000] {logging_mixin.py:190} INFO - [2026-02-13T00:35:12.095+0000] {dagbag.py:588} INFO - Filling up the DagBag from /opt/airflow/dags/weather_pipeline_dag.py
[2026-02-13T00:35:13.370+0000] {logging_mixin.py:190} INFO - [2026-02-13T00:35:13.350+0000] {dagbag.py:387} ERROR - Failed to import: /opt/airflow/dags/weather_pipeline_dag.py
Traceback (most recent call last):
  File "/home/airflow/.local/lib/python3.10/site-packages/airflow/models/dagbag.py", line 383, in parse
    loader.exec_module(new_module)
  File "<frozen importlib._bootstrap_external>", line 883, in exec_module
  File "<frozen importlib._bootstrap>", line 241, in _call_with_frames_removed
  File "/opt/airflow/dags/weather_pipeline_dag.py", line 6, in <module>
    from utils.transform import transform_weather
  File "/opt/airflow/dags/utils/transform.py", line 3, in <module>
    from logger import get_logger
ModuleNotFoundError: No module named 'logger'
[2026-02-13T00:35:13.378+0000] {processor.py:927} WARNING - No viable dags retrieved from /opt/airflow/dags/weather_pipeline_dag.py
[2026-02-13T00:35:13.429+0000] {processor.py:208} INFO - Processing /opt/airflow/dags/weather_pipeline_dag.py took 1.363 seconds
[2026-02-13T00:35:44.320+0000] {processor.py:186} INFO - Started process (PID=451) to work on /opt/airflow/dags/weather_pipeline_dag.py
[2026-02-13T00:35:44.323+0000] {processor.py:914} INFO - Processing file /opt/airflow/dags/weather_pipeline_dag.py for tasks to queue
[2026-02-13T00:35:44.329+0000] {logging_mixin.py:190} INFO - [2026-02-13T00:35:44.329+0000] {dagbag.py:588} INFO - Filling up the DagBag from /opt/airflow/dags/weather_pipeline_dag.py
[2026-02-13T00:35:45.741+0000] {logging_mixin.py:190} INFO - [2026-02-13T00:35:45.720+0000] {dagbag.py:387} ERROR - Failed to import: /opt/airflow/dags/weather_pipeline_dag.py
Traceback (most recent call last):
  File "/home/airflow/.local/lib/python3.10/site-packages/airflow/models/dagbag.py", line 383, in parse
    loader.exec_module(new_module)
  File "<frozen importlib._bootstrap_external>", line 883, in exec_module
  File "<frozen importlib._bootstrap>", line 241, in _call_with_frames_removed
  File "/opt/airflow/dags/weather_pipeline_dag.py", line 6, in <module>
    from utils.transform import transform_weather
  File "/opt/airflow/dags/utils/transform.py", line 3, in <module>
    from logger import get_logger
ModuleNotFoundError: No module named 'logger'
[2026-02-13T00:35:45.749+0000] {processor.py:927} WARNING - No viable dags retrieved from /opt/airflow/dags/weather_pipeline_dag.py
[2026-02-13T00:35:45.813+0000] {processor.py:208} INFO - Processing /opt/airflow/dags/weather_pipeline_dag.py took 1.512 seconds
[2026-02-13T00:36:16.218+0000] {processor.py:186} INFO - Started process (PID=457) to work on /opt/airflow/dags/weather_pipeline_dag.py
[2026-02-13T00:36:16.225+0000] {processor.py:914} INFO - Processing file /opt/airflow/dags/weather_pipeline_dag.py for tasks to queue
[2026-02-13T00:36:16.236+0000] {logging_mixin.py:190} INFO - [2026-02-13T00:36:16.234+0000] {dagbag.py:588} INFO - Filling up the DagBag from /opt/airflow/dags/weather_pipeline_dag.py
[2026-02-13T00:36:17.590+0000] {logging_mixin.py:190} INFO - [2026-02-13T00:36:17.567+0000] {dagbag.py:387} ERROR - Failed to import: /opt/airflow/dags/weather_pipeline_dag.py
Traceback (most recent call last):
  File "/home/airflow/.local/lib/python3.10/site-packages/airflow/models/dagbag.py", line 383, in parse
    loader.exec_module(new_module)
  File "<frozen importlib._bootstrap_external>", line 883, in exec_module
  File "<frozen importlib._bootstrap>", line 241, in _call_with_frames_removed
  File "/opt/airflow/dags/weather_pipeline_dag.py", line 6, in <module>
    from utils.transform import transform_weather
  File "/opt/airflow/dags/utils/transform.py", line 3, in <module>
    from logger import get_logger
ModuleNotFoundError: No module named 'logger'
[2026-02-13T00:36:17.605+0000] {processor.py:927} WARNING - No viable dags retrieved from /opt/airflow/dags/weather_pipeline_dag.py
[2026-02-13T00:36:17.658+0000] {processor.py:208} INFO - Processing /opt/airflow/dags/weather_pipeline_dag.py took 1.468 seconds
[2026-02-13T00:36:48.482+0000] {processor.py:186} INFO - Started process (PID=463) to work on /opt/airflow/dags/weather_pipeline_dag.py
[2026-02-13T00:36:48.485+0000] {processor.py:914} INFO - Processing file /opt/airflow/dags/weather_pipeline_dag.py for tasks to queue
[2026-02-13T00:36:48.491+0000] {logging_mixin.py:190} INFO - [2026-02-13T00:36:48.491+0000] {dagbag.py:588} INFO - Filling up the DagBag from /opt/airflow/dags/weather_pipeline_dag.py
[2026-02-13T00:36:49.696+0000] {logging_mixin.py:190} INFO - [2026-02-13T00:36:49.676+0000] {dagbag.py:387} ERROR - Failed to import: /opt/airflow/dags/weather_pipeline_dag.py
Traceback (most recent call last):
  File "/home/airflow/.local/lib/python3.10/site-packages/airflow/models/dagbag.py", line 383, in parse
    loader.exec_module(new_module)
  File "<frozen importlib._bootstrap_external>", line 883, in exec_module
  File "<frozen importlib._bootstrap>", line 241, in _call_with_frames_removed
  File "/opt/airflow/dags/weather_pipeline_dag.py", line 6, in <module>
    from utils.transform import transform_weather
  File "/opt/airflow/dags/utils/transform.py", line 3, in <module>
    from logger import get_logger
ModuleNotFoundError: No module named 'logger'
[2026-02-13T00:36:49.704+0000] {processor.py:927} WARNING - No viable dags retrieved from /opt/airflow/dags/weather_pipeline_dag.py
[2026-02-13T00:36:49.756+0000] {processor.py:208} INFO - Processing /opt/airflow/dags/weather_pipeline_dag.py took 1.290 seconds
[2026-02-13T00:37:20.433+0000] {processor.py:186} INFO - Started process (PID=469) to work on /opt/airflow/dags/weather_pipeline_dag.py
[2026-02-13T00:37:20.439+0000] {processor.py:914} INFO - Processing file /opt/airflow/dags/weather_pipeline_dag.py for tasks to queue
[2026-02-13T00:37:20.456+0000] {logging_mixin.py:190} INFO - [2026-02-13T00:37:20.452+0000] {dagbag.py:588} INFO - Filling up the DagBag from /opt/airflow/dags/weather_pipeline_dag.py
[2026-02-13T00:37:21.846+0000] {logging_mixin.py:190} INFO - [2026-02-13T00:37:21.823+0000] {dagbag.py:387} ERROR - Failed to import: /opt/airflow/dags/weather_pipeline_dag.py
Traceback (most recent call last):
  File "/home/airflow/.local/lib/python3.10/site-packages/airflow/models/dagbag.py", line 383, in parse
    loader.exec_module(new_module)
  File "<frozen importlib._bootstrap_external>", line 883, in exec_module
  File "<frozen importlib._bootstrap>", line 241, in _call_with_frames_removed
  File "/opt/airflow/dags/weather_pipeline_dag.py", line 6, in <module>
    from utils.transform import transform_weather
  File "/opt/airflow/dags/utils/transform.py", line 3, in <module>
    from logger import get_logger
ModuleNotFoundError: No module named 'logger'
[2026-02-13T00:37:21.853+0000] {processor.py:927} WARNING - No viable dags retrieved from /opt/airflow/dags/weather_pipeline_dag.py
[2026-02-13T00:37:21.906+0000] {processor.py:208} INFO - Processing /opt/airflow/dags/weather_pipeline_dag.py took 1.520 seconds
[2026-02-13T00:37:52.528+0000] {processor.py:186} INFO - Started process (PID=475) to work on /opt/airflow/dags/weather_pipeline_dag.py
[2026-02-13T00:37:52.531+0000] {processor.py:914} INFO - Processing file /opt/airflow/dags/weather_pipeline_dag.py for tasks to queue
[2026-02-13T00:37:52.538+0000] {logging_mixin.py:190} INFO - [2026-02-13T00:37:52.537+0000] {dagbag.py:588} INFO - Filling up the DagBag from /opt/airflow/dags/weather_pipeline_dag.py
[2026-02-13T00:37:53.841+0000] {logging_mixin.py:190} INFO - [2026-02-13T00:37:53.818+0000] {dagbag.py:387} ERROR - Failed to import: /opt/airflow/dags/weather_pipeline_dag.py
Traceback (most recent call last):
  File "/home/airflow/.local/lib/python3.10/site-packages/airflow/models/dagbag.py", line 383, in parse
    loader.exec_module(new_module)
  File "<frozen importlib._bootstrap_external>", line 883, in exec_module
  File "<frozen importlib._bootstrap>", line 241, in _call_with_frames_removed
  File "/opt/airflow/dags/weather_pipeline_dag.py", line 6, in <module>
    from utils.transform import transform_weather
  File "/opt/airflow/dags/utils/transform.py", line 3, in <module>
    from logger import get_logger
ModuleNotFoundError: No module named 'logger'
[2026-02-13T00:37:53.849+0000] {processor.py:927} WARNING - No viable dags retrieved from /opt/airflow/dags/weather_pipeline_dag.py
[2026-02-13T00:37:53.900+0000] {processor.py:208} INFO - Processing /opt/airflow/dags/weather_pipeline_dag.py took 1.390 seconds
[2026-02-13T00:38:24.282+0000] {processor.py:186} INFO - Started process (PID=481) to work on /opt/airflow/dags/weather_pipeline_dag.py
[2026-02-13T00:38:24.285+0000] {processor.py:914} INFO - Processing file /opt/airflow/dags/weather_pipeline_dag.py for tasks to queue
[2026-02-13T00:38:24.292+0000] {logging_mixin.py:190} INFO - [2026-02-13T00:38:24.291+0000] {dagbag.py:588} INFO - Filling up the DagBag from /opt/airflow/dags/weather_pipeline_dag.py
[2026-02-13T00:38:25.665+0000] {logging_mixin.py:190} INFO - [2026-02-13T00:38:25.641+0000] {dagbag.py:387} ERROR - Failed to import: /opt/airflow/dags/weather_pipeline_dag.py
Traceback (most recent call last):
  File "/home/airflow/.local/lib/python3.10/site-packages/airflow/models/dagbag.py", line 383, in parse
    loader.exec_module(new_module)
  File "<frozen importlib._bootstrap_external>", line 883, in exec_module
  File "<frozen importlib._bootstrap>", line 241, in _call_with_frames_removed
  File "/opt/airflow/dags/weather_pipeline_dag.py", line 6, in <module>
    from utils.transform import transform_weather
  File "/opt/airflow/dags/utils/transform.py", line 3, in <module>
    from logger import get_logger
ModuleNotFoundError: No module named 'logger'
[2026-02-13T00:38:25.674+0000] {processor.py:927} WARNING - No viable dags retrieved from /opt/airflow/dags/weather_pipeline_dag.py
[2026-02-13T00:38:25.730+0000] {processor.py:208} INFO - Processing /opt/airflow/dags/weather_pipeline_dag.py took 1.473 seconds
[2026-02-13T00:38:56.083+0000] {processor.py:186} INFO - Started process (PID=487) to work on /opt/airflow/dags/weather_pipeline_dag.py
[2026-02-13T00:38:56.086+0000] {processor.py:914} INFO - Processing file /opt/airflow/dags/weather_pipeline_dag.py for tasks to queue
[2026-02-13T00:38:56.093+0000] {logging_mixin.py:190} INFO - [2026-02-13T00:38:56.092+0000] {dagbag.py:588} INFO - Filling up the DagBag from /opt/airflow/dags/weather_pipeline_dag.py
[2026-02-13T00:38:57.331+0000] {logging_mixin.py:190} INFO - [2026-02-13T00:38:57.301+0000] {dagbag.py:387} ERROR - Failed to import: /opt/airflow/dags/weather_pipeline_dag.py
Traceback (most recent call last):
  File "/home/airflow/.local/lib/python3.10/site-packages/airflow/models/dagbag.py", line 383, in parse
    loader.exec_module(new_module)
  File "<frozen importlib._bootstrap_external>", line 883, in exec_module
  File "<frozen importlib._bootstrap>", line 241, in _call_with_frames_removed
  File "/opt/airflow/dags/weather_pipeline_dag.py", line 6, in <module>
    from utils.transform import transform_weather
  File "/opt/airflow/dags/utils/transform.py", line 3, in <module>
    from logger import get_logger
ModuleNotFoundError: No module named 'logger'
[2026-02-13T00:38:57.339+0000] {processor.py:927} WARNING - No viable dags retrieved from /opt/airflow/dags/weather_pipeline_dag.py
[2026-02-13T00:38:57.394+0000] {processor.py:208} INFO - Processing /opt/airflow/dags/weather_pipeline_dag.py took 1.330 seconds
[2026-02-13T00:39:31.791+0000] {processor.py:186} INFO - Started process (PID=493) to work on /opt/airflow/dags/weather_pipeline_dag.py
[2026-02-13T00:39:31.802+0000] {processor.py:914} INFO - Processing file /opt/airflow/dags/weather_pipeline_dag.py for tasks to queue
[2026-02-13T00:39:31.811+0000] {logging_mixin.py:190} INFO - [2026-02-13T00:39:31.810+0000] {dagbag.py:588} INFO - Filling up the DagBag from /opt/airflow/dags/weather_pipeline_dag.py
[2026-02-13T00:39:33.159+0000] {logging_mixin.py:190} INFO - [2026-02-13T00:39:33.137+0000] {dagbag.py:387} ERROR - Failed to import: /opt/airflow/dags/weather_pipeline_dag.py
Traceback (most recent call last):
  File "/home/airflow/.local/lib/python3.10/site-packages/airflow/models/dagbag.py", line 383, in parse
    loader.exec_module(new_module)
  File "<frozen importlib._bootstrap_external>", line 883, in exec_module
  File "<frozen importlib._bootstrap>", line 241, in _call_with_frames_removed
  File "/opt/airflow/dags/weather_pipeline_dag.py", line 6, in <module>
    from utils.transform import transform_weather
  File "/opt/airflow/dags/utils/transform.py", line 3, in <module>
    from logger import get_logger
ModuleNotFoundError: No module named 'logger'
[2026-02-13T00:39:33.169+0000] {processor.py:927} WARNING - No viable dags retrieved from /opt/airflow/dags/weather_pipeline_dag.py
[2026-02-13T00:39:33.229+0000] {processor.py:208} INFO - Processing /opt/airflow/dags/weather_pipeline_dag.py took 1.470 seconds
[2026-02-13T00:40:03.799+0000] {processor.py:186} INFO - Started process (PID=499) to work on /opt/airflow/dags/weather_pipeline_dag.py
[2026-02-13T00:40:03.803+0000] {processor.py:914} INFO - Processing file /opt/airflow/dags/weather_pipeline_dag.py for tasks to queue
[2026-02-13T00:40:03.813+0000] {logging_mixin.py:190} INFO - [2026-02-13T00:40:03.812+0000] {dagbag.py:588} INFO - Filling up the DagBag from /opt/airflow/dags/weather_pipeline_dag.py
[2026-02-13T00:40:05.176+0000] {logging_mixin.py:190} INFO - [2026-02-13T00:40:05.151+0000] {dagbag.py:387} ERROR - Failed to import: /opt/airflow/dags/weather_pipeline_dag.py
Traceback (most recent call last):
  File "/home/airflow/.local/lib/python3.10/site-packages/airflow/models/dagbag.py", line 383, in parse
    loader.exec_module(new_module)
  File "<frozen importlib._bootstrap_external>", line 883, in exec_module
  File "<frozen importlib._bootstrap>", line 241, in _call_with_frames_removed
  File "/opt/airflow/dags/weather_pipeline_dag.py", line 6, in <module>
    from utils.transform import transform_weather
  File "/opt/airflow/dags/utils/transform.py", line 3, in <module>
    from logger import get_logger
ModuleNotFoundError: No module named 'logger'
[2026-02-13T00:40:05.183+0000] {processor.py:927} WARNING - No viable dags retrieved from /opt/airflow/dags/weather_pipeline_dag.py
[2026-02-13T00:40:05.235+0000] {processor.py:208} INFO - Processing /opt/airflow/dags/weather_pipeline_dag.py took 1.462 seconds
[2026-02-13T00:40:35.535+0000] {processor.py:186} INFO - Started process (PID=505) to work on /opt/airflow/dags/weather_pipeline_dag.py
[2026-02-13T00:40:35.540+0000] {processor.py:914} INFO - Processing file /opt/airflow/dags/weather_pipeline_dag.py for tasks to queue
[2026-02-13T00:40:35.548+0000] {logging_mixin.py:190} INFO - [2026-02-13T00:40:35.547+0000] {dagbag.py:588} INFO - Filling up the DagBag from /opt/airflow/dags/weather_pipeline_dag.py
[2026-02-13T00:40:37.033+0000] {logging_mixin.py:190} INFO - [2026-02-13T00:40:37.010+0000] {dagbag.py:387} ERROR - Failed to import: /opt/airflow/dags/weather_pipeline_dag.py
Traceback (most recent call last):
  File "/home/airflow/.local/lib/python3.10/site-packages/airflow/models/dagbag.py", line 383, in parse
    loader.exec_module(new_module)
  File "<frozen importlib._bootstrap_external>", line 883, in exec_module
  File "<frozen importlib._bootstrap>", line 241, in _call_with_frames_removed
  File "/opt/airflow/dags/weather_pipeline_dag.py", line 6, in <module>
    from utils.transform import transform_weather
  File "/opt/airflow/dags/utils/transform.py", line 3, in <module>
    from logger import get_logger
ModuleNotFoundError: No module named 'logger'
[2026-02-13T00:40:37.039+0000] {processor.py:927} WARNING - No viable dags retrieved from /opt/airflow/dags/weather_pipeline_dag.py
[2026-02-13T00:40:37.089+0000] {processor.py:208} INFO - Processing /opt/airflow/dags/weather_pipeline_dag.py took 1.578 seconds
[2026-02-13T00:41:07.727+0000] {processor.py:186} INFO - Started process (PID=511) to work on /opt/airflow/dags/weather_pipeline_dag.py
[2026-02-13T00:41:07.731+0000] {processor.py:914} INFO - Processing file /opt/airflow/dags/weather_pipeline_dag.py for tasks to queue
[2026-02-13T00:41:07.739+0000] {logging_mixin.py:190} INFO - [2026-02-13T00:41:07.738+0000] {dagbag.py:588} INFO - Filling up the DagBag from /opt/airflow/dags/weather_pipeline_dag.py
[2026-02-13T00:41:09.248+0000] {logging_mixin.py:190} INFO - [2026-02-13T00:41:09.217+0000] {dagbag.py:387} ERROR - Failed to import: /opt/airflow/dags/weather_pipeline_dag.py
Traceback (most recent call last):
  File "/home/airflow/.local/lib/python3.10/site-packages/airflow/models/dagbag.py", line 383, in parse
    loader.exec_module(new_module)
  File "<frozen importlib._bootstrap_external>", line 883, in exec_module
  File "<frozen importlib._bootstrap>", line 241, in _call_with_frames_removed
  File "/opt/airflow/dags/weather_pipeline_dag.py", line 6, in <module>
    from utils.transform import transform_weather
  File "/opt/airflow/dags/utils/transform.py", line 3, in <module>
    from logger import get_logger
ModuleNotFoundError: No module named 'logger'
[2026-02-13T00:41:09.260+0000] {processor.py:927} WARNING - No viable dags retrieved from /opt/airflow/dags/weather_pipeline_dag.py
[2026-02-13T00:41:09.329+0000] {processor.py:208} INFO - Processing /opt/airflow/dags/weather_pipeline_dag.py took 1.622 seconds
[2026-02-13T13:09:59.265+0000] {processor.py:186} INFO - Started process (PID=517) to work on /opt/airflow/dags/weather_pipeline_dag.py
[2026-02-13T13:09:59.281+0000] {processor.py:914} INFO - Processing file /opt/airflow/dags/weather_pipeline_dag.py for tasks to queue
[2026-02-13T13:09:59.305+0000] {logging_mixin.py:190} INFO - [2026-02-13T13:09:59.303+0000] {dagbag.py:588} INFO - Filling up the DagBag from /opt/airflow/dags/weather_pipeline_dag.py
[2026-02-13T13:10:02.259+0000] {logging_mixin.py:190} INFO - [2026-02-13T13:10:02.215+0000] {dagbag.py:387} ERROR - Failed to import: /opt/airflow/dags/weather_pipeline_dag.py
Traceback (most recent call last):
  File "/home/airflow/.local/lib/python3.10/site-packages/airflow/models/dagbag.py", line 383, in parse
    loader.exec_module(new_module)
  File "<frozen importlib._bootstrap_external>", line 883, in exec_module
  File "<frozen importlib._bootstrap>", line 241, in _call_with_frames_removed
  File "/opt/airflow/dags/weather_pipeline_dag.py", line 6, in <module>
    from utils.transform import transform_weather
  File "/opt/airflow/dags/utils/transform.py", line 3, in <module>
    from logger import get_logger
ModuleNotFoundError: No module named 'logger'
[2026-02-13T13:10:02.272+0000] {processor.py:927} WARNING - No viable dags retrieved from /opt/airflow/dags/weather_pipeline_dag.py
[2026-02-13T13:10:02.420+0000] {processor.py:208} INFO - Processing /opt/airflow/dags/weather_pipeline_dag.py took 3.209 seconds
[2026-02-13T13:10:32.854+0000] {processor.py:186} INFO - Started process (PID=523) to work on /opt/airflow/dags/weather_pipeline_dag.py
[2026-02-13T13:10:32.857+0000] {processor.py:914} INFO - Processing file /opt/airflow/dags/weather_pipeline_dag.py for tasks to queue
[2026-02-13T13:10:32.862+0000] {logging_mixin.py:190} INFO - [2026-02-13T13:10:32.861+0000] {dagbag.py:588} INFO - Filling up the DagBag from /opt/airflow/dags/weather_pipeline_dag.py
[2026-02-13T13:10:33.693+0000] {logging_mixin.py:190} INFO - [2026-02-13T13:10:33.679+0000] {dagbag.py:387} ERROR - Failed to import: /opt/airflow/dags/weather_pipeline_dag.py
Traceback (most recent call last):
  File "/home/airflow/.local/lib/python3.10/site-packages/airflow/models/dagbag.py", line 383, in parse
    loader.exec_module(new_module)
  File "<frozen importlib._bootstrap_external>", line 883, in exec_module
  File "<frozen importlib._bootstrap>", line 241, in _call_with_frames_removed
  File "/opt/airflow/dags/weather_pipeline_dag.py", line 6, in <module>
    from utils.transform import transform_weather
  File "/opt/airflow/dags/utils/transform.py", line 3, in <module>
    from logger import get_logger
ModuleNotFoundError: No module named 'logger'
[2026-02-13T13:10:33.698+0000] {processor.py:927} WARNING - No viable dags retrieved from /opt/airflow/dags/weather_pipeline_dag.py
[2026-02-13T13:10:33.737+0000] {processor.py:208} INFO - Processing /opt/airflow/dags/weather_pipeline_dag.py took 0.899 seconds
[2026-02-13T13:11:04.079+0000] {processor.py:186} INFO - Started process (PID=529) to work on /opt/airflow/dags/weather_pipeline_dag.py
[2026-02-13T13:11:04.082+0000] {processor.py:914} INFO - Processing file /opt/airflow/dags/weather_pipeline_dag.py for tasks to queue
[2026-02-13T13:11:04.087+0000] {logging_mixin.py:190} INFO - [2026-02-13T13:11:04.086+0000] {dagbag.py:588} INFO - Filling up the DagBag from /opt/airflow/dags/weather_pipeline_dag.py
[2026-02-13T13:11:04.808+0000] {logging_mixin.py:190} INFO - [2026-02-13T13:11:04.790+0000] {dagbag.py:387} ERROR - Failed to import: /opt/airflow/dags/weather_pipeline_dag.py
Traceback (most recent call last):
  File "/home/airflow/.local/lib/python3.10/site-packages/airflow/models/dagbag.py", line 383, in parse
    loader.exec_module(new_module)
  File "<frozen importlib._bootstrap_external>", line 883, in exec_module
  File "<frozen importlib._bootstrap>", line 241, in _call_with_frames_removed
  File "/opt/airflow/dags/weather_pipeline_dag.py", line 6, in <module>
    from utils.transform import transform_weather
  File "/opt/airflow/dags/utils/transform.py", line 3, in <module>
    from logger import get_logger
ModuleNotFoundError: No module named 'logger'
[2026-02-13T13:11:04.815+0000] {processor.py:927} WARNING - No viable dags retrieved from /opt/airflow/dags/weather_pipeline_dag.py
[2026-02-13T13:11:04.856+0000] {processor.py:208} INFO - Processing /opt/airflow/dags/weather_pipeline_dag.py took 0.789 seconds
[2026-02-13T13:11:35.166+0000] {processor.py:186} INFO - Started process (PID=535) to work on /opt/airflow/dags/weather_pipeline_dag.py
[2026-02-13T13:11:35.169+0000] {processor.py:914} INFO - Processing file /opt/airflow/dags/weather_pipeline_dag.py for tasks to queue
[2026-02-13T13:11:35.179+0000] {logging_mixin.py:190} INFO - [2026-02-13T13:11:35.178+0000] {dagbag.py:588} INFO - Filling up the DagBag from /opt/airflow/dags/weather_pipeline_dag.py
[2026-02-13T13:11:36.393+0000] {logging_mixin.py:190} INFO - [2026-02-13T13:11:36.376+0000] {dagbag.py:387} ERROR - Failed to import: /opt/airflow/dags/weather_pipeline_dag.py
Traceback (most recent call last):
  File "/home/airflow/.local/lib/python3.10/site-packages/airflow/models/dagbag.py", line 383, in parse
    loader.exec_module(new_module)
  File "<frozen importlib._bootstrap_external>", line 883, in exec_module
  File "<frozen importlib._bootstrap>", line 241, in _call_with_frames_removed
  File "/opt/airflow/dags/weather_pipeline_dag.py", line 6, in <module>
    from utils.transform import transform_weather
  File "/opt/airflow/dags/utils/transform.py", line 3, in <module>
    from logger import get_logger
ModuleNotFoundError: No module named 'logger'
[2026-02-13T13:11:36.400+0000] {processor.py:927} WARNING - No viable dags retrieved from /opt/airflow/dags/weather_pipeline_dag.py
[2026-02-13T13:11:36.442+0000] {processor.py:208} INFO - Processing /opt/airflow/dags/weather_pipeline_dag.py took 1.293 seconds
[2026-02-13T13:12:06.728+0000] {processor.py:186} INFO - Started process (PID=541) to work on /opt/airflow/dags/weather_pipeline_dag.py
[2026-02-13T13:12:06.730+0000] {processor.py:914} INFO - Processing file /opt/airflow/dags/weather_pipeline_dag.py for tasks to queue
[2026-02-13T13:12:06.735+0000] {logging_mixin.py:190} INFO - [2026-02-13T13:12:06.734+0000] {dagbag.py:588} INFO - Filling up the DagBag from /opt/airflow/dags/weather_pipeline_dag.py
[2026-02-13T13:12:07.784+0000] {logging_mixin.py:190} INFO - [2026-02-13T13:12:07.767+0000] {dagbag.py:387} ERROR - Failed to import: /opt/airflow/dags/weather_pipeline_dag.py
Traceback (most recent call last):
  File "/home/airflow/.local/lib/python3.10/site-packages/airflow/models/dagbag.py", line 383, in parse
    loader.exec_module(new_module)
  File "<frozen importlib._bootstrap_external>", line 883, in exec_module
  File "<frozen importlib._bootstrap>", line 241, in _call_with_frames_removed
  File "/opt/airflow/dags/weather_pipeline_dag.py", line 6, in <module>
    from utils.transform import transform_weather
  File "/opt/airflow/dags/utils/transform.py", line 3, in <module>
    from logger import get_logger
ModuleNotFoundError: No module named 'logger'
[2026-02-13T13:12:07.790+0000] {processor.py:927} WARNING - No viable dags retrieved from /opt/airflow/dags/weather_pipeline_dag.py
[2026-02-13T13:12:07.828+0000] {processor.py:208} INFO - Processing /opt/airflow/dags/weather_pipeline_dag.py took 1.111 seconds
[2026-02-13T13:12:37.997+0000] {processor.py:186} INFO - Started process (PID=547) to work on /opt/airflow/dags/weather_pipeline_dag.py
[2026-02-13T13:12:37.999+0000] {processor.py:914} INFO - Processing file /opt/airflow/dags/weather_pipeline_dag.py for tasks to queue
[2026-02-13T13:12:38.005+0000] {logging_mixin.py:190} INFO - [2026-02-13T13:12:38.004+0000] {dagbag.py:588} INFO - Filling up the DagBag from /opt/airflow/dags/weather_pipeline_dag.py
[2026-02-13T13:12:39.153+0000] {logging_mixin.py:190} INFO - [2026-02-13T13:12:39.131+0000] {dagbag.py:387} ERROR - Failed to import: /opt/airflow/dags/weather_pipeline_dag.py
Traceback (most recent call last):
  File "/home/airflow/.local/lib/python3.10/site-packages/airflow/models/dagbag.py", line 383, in parse
    loader.exec_module(new_module)
  File "<frozen importlib._bootstrap_external>", line 883, in exec_module
  File "<frozen importlib._bootstrap>", line 241, in _call_with_frames_removed
  File "/opt/airflow/dags/weather_pipeline_dag.py", line 6, in <module>
    from utils.transform import transform_weather
  File "/opt/airflow/dags/utils/transform.py", line 3, in <module>
    from logger import get_logger
ModuleNotFoundError: No module named 'logger'
[2026-02-13T13:12:39.158+0000] {processor.py:927} WARNING - No viable dags retrieved from /opt/airflow/dags/weather_pipeline_dag.py
[2026-02-13T13:12:39.268+0000] {processor.py:208} INFO - Processing /opt/airflow/dags/weather_pipeline_dag.py took 1.289 seconds
[2026-02-13T13:19:38.384+0000] {processor.py:186} INFO - Started process (PID=175) to work on /opt/airflow/dags/weather_pipeline_dag.py
[2026-02-13T13:19:38.388+0000] {processor.py:914} INFO - Processing file /opt/airflow/dags/weather_pipeline_dag.py for tasks to queue
[2026-02-13T13:19:38.392+0000] {logging_mixin.py:190} INFO - [2026-02-13T13:19:38.391+0000] {dagbag.py:588} INFO - Filling up the DagBag from /opt/airflow/dags/weather_pipeline_dag.py
[2026-02-13T13:19:42.094+0000] {logging_mixin.py:190} INFO - [2026-02-13T13:19:42.078+0000] {dagbag.py:387} ERROR - Failed to import: /opt/airflow/dags/weather_pipeline_dag.py
Traceback (most recent call last):
  File "/home/airflow/.local/lib/python3.10/site-packages/airflow/models/dagbag.py", line 383, in parse
    loader.exec_module(new_module)
  File "<frozen importlib._bootstrap_external>", line 883, in exec_module
  File "<frozen importlib._bootstrap>", line 241, in _call_with_frames_removed
  File "/opt/airflow/dags/weather_pipeline_dag.py", line 6, in <module>
    from utils.transform import transform_weather
  File "/opt/airflow/dags/utils/transform.py", line 3, in <module>
    from logger import get_logger
ModuleNotFoundError: No module named 'logger'
[2026-02-13T13:19:42.100+0000] {processor.py:927} WARNING - No viable dags retrieved from /opt/airflow/dags/weather_pipeline_dag.py
[2026-02-13T13:19:42.139+0000] {processor.py:208} INFO - Processing /opt/airflow/dags/weather_pipeline_dag.py took 3.765 seconds
[2026-02-13T13:20:12.692+0000] {processor.py:186} INFO - Started process (PID=181) to work on /opt/airflow/dags/weather_pipeline_dag.py
[2026-02-13T13:20:12.725+0000] {processor.py:914} INFO - Processing file /opt/airflow/dags/weather_pipeline_dag.py for tasks to queue
[2026-02-13T13:20:12.746+0000] {logging_mixin.py:190} INFO - [2026-02-13T13:20:12.745+0000] {dagbag.py:588} INFO - Filling up the DagBag from /opt/airflow/dags/weather_pipeline_dag.py
[2026-02-13T13:20:18.964+0000] {logging_mixin.py:190} INFO - [2026-02-13T13:20:18.947+0000] {dagbag.py:387} ERROR - Failed to import: /opt/airflow/dags/weather_pipeline_dag.py
Traceback (most recent call last):
  File "/home/airflow/.local/lib/python3.10/site-packages/airflow/models/dagbag.py", line 383, in parse
    loader.exec_module(new_module)
  File "<frozen importlib._bootstrap_external>", line 883, in exec_module
  File "<frozen importlib._bootstrap>", line 241, in _call_with_frames_removed
  File "/opt/airflow/dags/weather_pipeline_dag.py", line 6, in <module>
    from utils.transform import transform_weather
  File "/opt/airflow/dags/utils/transform.py", line 3, in <module>
    from logger import get_logger
ModuleNotFoundError: No module named 'logger'
[2026-02-13T13:20:18.971+0000] {processor.py:927} WARNING - No viable dags retrieved from /opt/airflow/dags/weather_pipeline_dag.py
[2026-02-13T13:20:19.123+0000] {processor.py:208} INFO - Processing /opt/airflow/dags/weather_pipeline_dag.py took 6.687 seconds
[2026-02-13T13:20:49.820+0000] {processor.py:186} INFO - Started process (PID=187) to work on /opt/airflow/dags/weather_pipeline_dag.py
[2026-02-13T13:20:49.826+0000] {processor.py:914} INFO - Processing file /opt/airflow/dags/weather_pipeline_dag.py for tasks to queue
[2026-02-13T13:20:49.834+0000] {logging_mixin.py:190} INFO - [2026-02-13T13:20:49.833+0000] {dagbag.py:588} INFO - Filling up the DagBag from /opt/airflow/dags/weather_pipeline_dag.py
[2026-02-13T13:20:51.042+0000] {logging_mixin.py:190} INFO - [2026-02-13T13:20:51.024+0000] {dagbag.py:387} ERROR - Failed to import: /opt/airflow/dags/weather_pipeline_dag.py
Traceback (most recent call last):
  File "/home/airflow/.local/lib/python3.10/site-packages/airflow/models/dagbag.py", line 383, in parse
    loader.exec_module(new_module)
  File "<frozen importlib._bootstrap_external>", line 883, in exec_module
  File "<frozen importlib._bootstrap>", line 241, in _call_with_frames_removed
  File "/opt/airflow/dags/weather_pipeline_dag.py", line 6, in <module>
    from utils.transform import transform_weather
  File "/opt/airflow/dags/utils/transform.py", line 3, in <module>
    from logger import get_logger
ModuleNotFoundError: No module named 'logger'
[2026-02-13T13:20:51.049+0000] {processor.py:927} WARNING - No viable dags retrieved from /opt/airflow/dags/weather_pipeline_dag.py
[2026-02-13T13:20:51.099+0000] {processor.py:208} INFO - Processing /opt/airflow/dags/weather_pipeline_dag.py took 1.296 seconds
[2026-02-13T13:21:04.150+0000] {processor.py:186} INFO - Started process (PID=193) to work on /opt/airflow/dags/weather_pipeline_dag.py
[2026-02-13T13:21:04.152+0000] {processor.py:914} INFO - Processing file /opt/airflow/dags/weather_pipeline_dag.py for tasks to queue
[2026-02-13T13:21:04.158+0000] {logging_mixin.py:190} INFO - [2026-02-13T13:21:04.157+0000] {dagbag.py:588} INFO - Filling up the DagBag from /opt/airflow/dags/weather_pipeline_dag.py
[2026-02-13T13:21:05.623+0000] {logging_mixin.py:190} INFO - [2026-02-13T13:21:05.603+0000] {dagbag.py:387} ERROR - Failed to import: /opt/airflow/dags/weather_pipeline_dag.py
Traceback (most recent call last):
  File "/home/airflow/.local/lib/python3.10/site-packages/airflow/models/dagbag.py", line 383, in parse
    loader.exec_module(new_module)
  File "<frozen importlib._bootstrap_external>", line 883, in exec_module
  File "<frozen importlib._bootstrap>", line 241, in _call_with_frames_removed
  File "/opt/airflow/dags/weather_pipeline_dag.py", line 6, in <module>
    from utils.transform import transform_weather
  File "/opt/airflow/dags/utils/transform.py", line 3, in <module>
    from logger import get_logger
ModuleNotFoundError: No module named 'logger'
[2026-02-13T13:21:05.629+0000] {processor.py:927} WARNING - No viable dags retrieved from /opt/airflow/dags/weather_pipeline_dag.py
[2026-02-13T13:21:05.685+0000] {processor.py:208} INFO - Processing /opt/airflow/dags/weather_pipeline_dag.py took 1.550 seconds
[2026-02-13T13:21:35.958+0000] {processor.py:186} INFO - Started process (PID=199) to work on /opt/airflow/dags/weather_pipeline_dag.py
[2026-02-13T13:21:35.961+0000] {processor.py:914} INFO - Processing file /opt/airflow/dags/weather_pipeline_dag.py for tasks to queue
[2026-02-13T13:21:35.967+0000] {logging_mixin.py:190} INFO - [2026-02-13T13:21:35.966+0000] {dagbag.py:588} INFO - Filling up the DagBag from /opt/airflow/dags/weather_pipeline_dag.py
[2026-02-13T13:21:36.983+0000] {logging_mixin.py:190} INFO - [2026-02-13T13:21:36.970+0000] {dagbag.py:387} ERROR - Failed to import: /opt/airflow/dags/weather_pipeline_dag.py
Traceback (most recent call last):
  File "/home/airflow/.local/lib/python3.10/site-packages/airflow/models/dagbag.py", line 383, in parse
    loader.exec_module(new_module)
  File "<frozen importlib._bootstrap_external>", line 883, in exec_module
  File "<frozen importlib._bootstrap>", line 241, in _call_with_frames_removed
  File "/opt/airflow/dags/weather_pipeline_dag.py", line 6, in <module>
    from utils.transform import transform_weather
  File "/opt/airflow/dags/utils/transform.py", line 3, in <module>
    from logger import get_logger
ModuleNotFoundError: No module named 'logger'
[2026-02-13T13:21:36.989+0000] {processor.py:927} WARNING - No viable dags retrieved from /opt/airflow/dags/weather_pipeline_dag.py
[2026-02-13T13:21:37.028+0000] {processor.py:208} INFO - Processing /opt/airflow/dags/weather_pipeline_dag.py took 1.086 seconds
[2026-02-13T13:22:07.417+0000] {processor.py:186} INFO - Started process (PID=205) to work on /opt/airflow/dags/weather_pipeline_dag.py
[2026-02-13T13:22:07.419+0000] {processor.py:914} INFO - Processing file /opt/airflow/dags/weather_pipeline_dag.py for tasks to queue
[2026-02-13T13:22:07.426+0000] {logging_mixin.py:190} INFO - [2026-02-13T13:22:07.425+0000] {dagbag.py:588} INFO - Filling up the DagBag from /opt/airflow/dags/weather_pipeline_dag.py
[2026-02-13T13:22:08.476+0000] {logging_mixin.py:190} INFO - [2026-02-13T13:22:08.456+0000] {dagbag.py:387} ERROR - Failed to import: /opt/airflow/dags/weather_pipeline_dag.py
Traceback (most recent call last):
  File "/home/airflow/.local/lib/python3.10/site-packages/airflow/models/dagbag.py", line 383, in parse
    loader.exec_module(new_module)
  File "<frozen importlib._bootstrap_external>", line 883, in exec_module
  File "<frozen importlib._bootstrap>", line 241, in _call_with_frames_removed
  File "/opt/airflow/dags/weather_pipeline_dag.py", line 6, in <module>
    from utils.transform import transform_weather
  File "/opt/airflow/dags/utils/transform.py", line 3, in <module>
    from logger import get_logger
ModuleNotFoundError: No module named 'logger'
[2026-02-13T13:22:08.483+0000] {processor.py:927} WARNING - No viable dags retrieved from /opt/airflow/dags/weather_pipeline_dag.py
[2026-02-13T13:22:08.536+0000] {processor.py:208} INFO - Processing /opt/airflow/dags/weather_pipeline_dag.py took 1.133 seconds
[2026-02-13T13:22:39.606+0000] {processor.py:186} INFO - Started process (PID=211) to work on /opt/airflow/dags/weather_pipeline_dag.py
[2026-02-13T13:22:39.609+0000] {processor.py:914} INFO - Processing file /opt/airflow/dags/weather_pipeline_dag.py for tasks to queue
[2026-02-13T13:22:39.615+0000] {logging_mixin.py:190} INFO - [2026-02-13T13:22:39.614+0000] {dagbag.py:588} INFO - Filling up the DagBag from /opt/airflow/dags/weather_pipeline_dag.py
[2026-02-13T13:22:40.741+0000] {logging_mixin.py:190} INFO - [2026-02-13T13:22:40.716+0000] {dagbag.py:387} ERROR - Failed to import: /opt/airflow/dags/weather_pipeline_dag.py
Traceback (most recent call last):
  File "/home/airflow/.local/lib/python3.10/site-packages/airflow/models/dagbag.py", line 383, in parse
    loader.exec_module(new_module)
  File "<frozen importlib._bootstrap_external>", line 883, in exec_module
  File "<frozen importlib._bootstrap>", line 241, in _call_with_frames_removed
  File "/opt/airflow/dags/weather_pipeline_dag.py", line 6, in <module>
    from utils.transform import transform_weather
  File "/opt/airflow/dags/utils/transform.py", line 3, in <module>
    from logger import get_logger
ModuleNotFoundError: No module named 'logger'
[2026-02-13T13:22:40.751+0000] {processor.py:927} WARNING - No viable dags retrieved from /opt/airflow/dags/weather_pipeline_dag.py
[2026-02-13T13:22:40.805+0000] {processor.py:208} INFO - Processing /opt/airflow/dags/weather_pipeline_dag.py took 1.214 seconds
[2026-02-13T13:23:11.137+0000] {processor.py:186} INFO - Started process (PID=217) to work on /opt/airflow/dags/weather_pipeline_dag.py
[2026-02-13T13:23:11.139+0000] {processor.py:914} INFO - Processing file /opt/airflow/dags/weather_pipeline_dag.py for tasks to queue
[2026-02-13T13:23:11.146+0000] {logging_mixin.py:190} INFO - [2026-02-13T13:23:11.145+0000] {dagbag.py:588} INFO - Filling up the DagBag from /opt/airflow/dags/weather_pipeline_dag.py
[2026-02-13T13:23:12.271+0000] {logging_mixin.py:190} INFO - [2026-02-13T13:23:12.245+0000] {dagbag.py:387} ERROR - Failed to import: /opt/airflow/dags/weather_pipeline_dag.py
Traceback (most recent call last):
  File "/home/airflow/.local/lib/python3.10/site-packages/airflow/models/dagbag.py", line 383, in parse
    loader.exec_module(new_module)
  File "<frozen importlib._bootstrap_external>", line 883, in exec_module
  File "<frozen importlib._bootstrap>", line 241, in _call_with_frames_removed
  File "/opt/airflow/dags/weather_pipeline_dag.py", line 6, in <module>
    from utils.transform import transform_weather
  File "/opt/airflow/dags/utils/transform.py", line 3, in <module>
    from logger import get_logger
ModuleNotFoundError: No module named 'logger'
[2026-02-13T13:23:12.281+0000] {processor.py:927} WARNING - No viable dags retrieved from /opt/airflow/dags/weather_pipeline_dag.py
[2026-02-13T13:23:12.351+0000] {processor.py:208} INFO - Processing /opt/airflow/dags/weather_pipeline_dag.py took 1.230 seconds
[2026-02-13T13:23:42.763+0000] {processor.py:186} INFO - Started process (PID=223) to work on /opt/airflow/dags/weather_pipeline_dag.py
[2026-02-13T13:23:42.766+0000] {processor.py:914} INFO - Processing file /opt/airflow/dags/weather_pipeline_dag.py for tasks to queue
[2026-02-13T13:23:42.773+0000] {logging_mixin.py:190} INFO - [2026-02-13T13:23:42.772+0000] {dagbag.py:588} INFO - Filling up the DagBag from /opt/airflow/dags/weather_pipeline_dag.py
[2026-02-13T13:23:43.811+0000] {logging_mixin.py:190} INFO - [2026-02-13T13:23:43.798+0000] {dagbag.py:387} ERROR - Failed to import: /opt/airflow/dags/weather_pipeline_dag.py
Traceback (most recent call last):
  File "/home/airflow/.local/lib/python3.10/site-packages/airflow/models/dagbag.py", line 383, in parse
    loader.exec_module(new_module)
  File "<frozen importlib._bootstrap_external>", line 883, in exec_module
  File "<frozen importlib._bootstrap>", line 241, in _call_with_frames_removed
  File "/opt/airflow/dags/weather_pipeline_dag.py", line 6, in <module>
    from utils.transform import transform_weather
  File "/opt/airflow/dags/utils/transform.py", line 3, in <module>
    from logger import get_logger
ModuleNotFoundError: No module named 'logger'
[2026-02-13T13:23:43.816+0000] {processor.py:927} WARNING - No viable dags retrieved from /opt/airflow/dags/weather_pipeline_dag.py
[2026-02-13T13:23:43.861+0000] {processor.py:208} INFO - Processing /opt/airflow/dags/weather_pipeline_dag.py took 1.114 seconds
[2026-02-13T13:24:14.564+0000] {processor.py:186} INFO - Started process (PID=229) to work on /opt/airflow/dags/weather_pipeline_dag.py
[2026-02-13T13:24:14.566+0000] {processor.py:914} INFO - Processing file /opt/airflow/dags/weather_pipeline_dag.py for tasks to queue
[2026-02-13T13:24:14.572+0000] {logging_mixin.py:190} INFO - [2026-02-13T13:24:14.571+0000] {dagbag.py:588} INFO - Filling up the DagBag from /opt/airflow/dags/weather_pipeline_dag.py
[2026-02-13T13:24:15.741+0000] {logging_mixin.py:190} INFO - [2026-02-13T13:24:15.723+0000] {dagbag.py:387} ERROR - Failed to import: /opt/airflow/dags/weather_pipeline_dag.py
Traceback (most recent call last):
  File "/home/airflow/.local/lib/python3.10/site-packages/airflow/models/dagbag.py", line 383, in parse
    loader.exec_module(new_module)
  File "<frozen importlib._bootstrap_external>", line 883, in exec_module
  File "<frozen importlib._bootstrap>", line 241, in _call_with_frames_removed
  File "/opt/airflow/dags/weather_pipeline_dag.py", line 6, in <module>
    from utils.transform import transform_weather
  File "/opt/airflow/dags/utils/transform.py", line 3, in <module>
    from logger import get_logger
ModuleNotFoundError: No module named 'logger'
[2026-02-13T13:24:15.755+0000] {processor.py:927} WARNING - No viable dags retrieved from /opt/airflow/dags/weather_pipeline_dag.py
[2026-02-13T13:24:15.796+0000] {processor.py:208} INFO - Processing /opt/airflow/dags/weather_pipeline_dag.py took 1.249 seconds
[2026-02-13T13:24:46.502+0000] {processor.py:186} INFO - Started process (PID=235) to work on /opt/airflow/dags/weather_pipeline_dag.py
[2026-02-13T13:24:46.505+0000] {processor.py:914} INFO - Processing file /opt/airflow/dags/weather_pipeline_dag.py for tasks to queue
[2026-02-13T13:24:46.512+0000] {logging_mixin.py:190} INFO - [2026-02-13T13:24:46.511+0000] {dagbag.py:588} INFO - Filling up the DagBag from /opt/airflow/dags/weather_pipeline_dag.py
[2026-02-13T13:24:47.566+0000] {logging_mixin.py:190} INFO - [2026-02-13T13:24:47.550+0000] {dagbag.py:387} ERROR - Failed to import: /opt/airflow/dags/weather_pipeline_dag.py
Traceback (most recent call last):
  File "/home/airflow/.local/lib/python3.10/site-packages/airflow/models/dagbag.py", line 383, in parse
    loader.exec_module(new_module)
  File "<frozen importlib._bootstrap_external>", line 883, in exec_module
  File "<frozen importlib._bootstrap>", line 241, in _call_with_frames_removed
  File "/opt/airflow/dags/weather_pipeline_dag.py", line 6, in <module>
    from utils.transform import transform_weather
  File "/opt/airflow/dags/utils/transform.py", line 3, in <module>
    from logger import get_logger
ModuleNotFoundError: No module named 'logger'
[2026-02-13T13:24:47.572+0000] {processor.py:927} WARNING - No viable dags retrieved from /opt/airflow/dags/weather_pipeline_dag.py
[2026-02-13T13:24:47.614+0000] {processor.py:208} INFO - Processing /opt/airflow/dags/weather_pipeline_dag.py took 1.127 seconds
[2026-02-13T13:25:18.190+0000] {processor.py:186} INFO - Started process (PID=241) to work on /opt/airflow/dags/weather_pipeline_dag.py
[2026-02-13T13:25:18.195+0000] {processor.py:914} INFO - Processing file /opt/airflow/dags/weather_pipeline_dag.py for tasks to queue
[2026-02-13T13:25:18.210+0000] {logging_mixin.py:190} INFO - [2026-02-13T13:25:18.209+0000] {dagbag.py:588} INFO - Filling up the DagBag from /opt/airflow/dags/weather_pipeline_dag.py
[2026-02-13T13:25:19.305+0000] {logging_mixin.py:190} INFO - [2026-02-13T13:25:19.290+0000] {dagbag.py:387} ERROR - Failed to import: /opt/airflow/dags/weather_pipeline_dag.py
Traceback (most recent call last):
  File "/home/airflow/.local/lib/python3.10/site-packages/airflow/models/dagbag.py", line 383, in parse
    loader.exec_module(new_module)
  File "<frozen importlib._bootstrap_external>", line 883, in exec_module
  File "<frozen importlib._bootstrap>", line 241, in _call_with_frames_removed
  File "/opt/airflow/dags/weather_pipeline_dag.py", line 6, in <module>
    from utils.transform import transform_weather
  File "/opt/airflow/dags/utils/transform.py", line 3, in <module>
    from logger import get_logger
ModuleNotFoundError: No module named 'logger'
[2026-02-13T13:25:19.313+0000] {processor.py:927} WARNING - No viable dags retrieved from /opt/airflow/dags/weather_pipeline_dag.py
[2026-02-13T13:25:19.371+0000] {processor.py:208} INFO - Processing /opt/airflow/dags/weather_pipeline_dag.py took 1.206 seconds
[2026-02-13T13:25:49.925+0000] {processor.py:186} INFO - Started process (PID=247) to work on /opt/airflow/dags/weather_pipeline_dag.py
[2026-02-13T13:25:49.927+0000] {processor.py:914} INFO - Processing file /opt/airflow/dags/weather_pipeline_dag.py for tasks to queue
[2026-02-13T13:25:49.933+0000] {logging_mixin.py:190} INFO - [2026-02-13T13:25:49.933+0000] {dagbag.py:588} INFO - Filling up the DagBag from /opt/airflow/dags/weather_pipeline_dag.py
[2026-02-13T13:25:50.898+0000] {logging_mixin.py:190} INFO - [2026-02-13T13:25:50.884+0000] {dagbag.py:387} ERROR - Failed to import: /opt/airflow/dags/weather_pipeline_dag.py
Traceback (most recent call last):
  File "/home/airflow/.local/lib/python3.10/site-packages/airflow/models/dagbag.py", line 383, in parse
    loader.exec_module(new_module)
  File "<frozen importlib._bootstrap_external>", line 883, in exec_module
  File "<frozen importlib._bootstrap>", line 241, in _call_with_frames_removed
  File "/opt/airflow/dags/weather_pipeline_dag.py", line 6, in <module>
    from utils.transform import transform_weather
  File "/opt/airflow/dags/utils/transform.py", line 3, in <module>
    from logger import get_logger
ModuleNotFoundError: No module named 'logger'
[2026-02-13T13:25:50.904+0000] {processor.py:927} WARNING - No viable dags retrieved from /opt/airflow/dags/weather_pipeline_dag.py
[2026-02-13T13:25:50.968+0000] {processor.py:208} INFO - Processing /opt/airflow/dags/weather_pipeline_dag.py took 1.056 seconds
[2026-02-13T13:26:21.203+0000] {processor.py:186} INFO - Started process (PID=253) to work on /opt/airflow/dags/weather_pipeline_dag.py
[2026-02-13T13:26:21.207+0000] {processor.py:914} INFO - Processing file /opt/airflow/dags/weather_pipeline_dag.py for tasks to queue
[2026-02-13T13:26:21.215+0000] {logging_mixin.py:190} INFO - [2026-02-13T13:26:21.215+0000] {dagbag.py:588} INFO - Filling up the DagBag from /opt/airflow/dags/weather_pipeline_dag.py
[2026-02-13T13:26:22.147+0000] {logging_mixin.py:190} INFO - [2026-02-13T13:26:22.120+0000] {dagbag.py:387} ERROR - Failed to import: /opt/airflow/dags/weather_pipeline_dag.py
Traceback (most recent call last):
  File "/home/airflow/.local/lib/python3.10/site-packages/airflow/models/dagbag.py", line 383, in parse
    loader.exec_module(new_module)
  File "<frozen importlib._bootstrap_external>", line 883, in exec_module
  File "<frozen importlib._bootstrap>", line 241, in _call_with_frames_removed
  File "/opt/airflow/dags/weather_pipeline_dag.py", line 6, in <module>
    from utils.transform import transform_weather
  File "/opt/airflow/dags/utils/transform.py", line 3, in <module>
    from logger import get_logger
ModuleNotFoundError: No module named 'logger'
[2026-02-13T13:26:22.155+0000] {processor.py:927} WARNING - No viable dags retrieved from /opt/airflow/dags/weather_pipeline_dag.py
[2026-02-13T13:26:22.234+0000] {processor.py:208} INFO - Processing /opt/airflow/dags/weather_pipeline_dag.py took 1.056 seconds
[2026-02-13T13:26:52.556+0000] {processor.py:186} INFO - Started process (PID=259) to work on /opt/airflow/dags/weather_pipeline_dag.py
[2026-02-13T13:26:52.560+0000] {processor.py:914} INFO - Processing file /opt/airflow/dags/weather_pipeline_dag.py for tasks to queue
[2026-02-13T13:26:52.567+0000] {logging_mixin.py:190} INFO - [2026-02-13T13:26:52.566+0000] {dagbag.py:588} INFO - Filling up the DagBag from /opt/airflow/dags/weather_pipeline_dag.py
[2026-02-13T13:26:53.745+0000] {logging_mixin.py:190} INFO - [2026-02-13T13:26:53.724+0000] {dagbag.py:387} ERROR - Failed to import: /opt/airflow/dags/weather_pipeline_dag.py
Traceback (most recent call last):
  File "/home/airflow/.local/lib/python3.10/site-packages/airflow/models/dagbag.py", line 383, in parse
    loader.exec_module(new_module)
  File "<frozen importlib._bootstrap_external>", line 883, in exec_module
  File "<frozen importlib._bootstrap>", line 241, in _call_with_frames_removed
  File "/opt/airflow/dags/weather_pipeline_dag.py", line 6, in <module>
    from utils.transform import transform_weather
  File "/opt/airflow/dags/utils/transform.py", line 3, in <module>
    from logger import get_logger
ModuleNotFoundError: No module named 'logger'
[2026-02-13T13:26:53.752+0000] {processor.py:927} WARNING - No viable dags retrieved from /opt/airflow/dags/weather_pipeline_dag.py
[2026-02-13T13:26:53.803+0000] {processor.py:208} INFO - Processing /opt/airflow/dags/weather_pipeline_dag.py took 1.268 seconds
[2026-02-13T13:27:24.217+0000] {processor.py:186} INFO - Started process (PID=265) to work on /opt/airflow/dags/weather_pipeline_dag.py
[2026-02-13T13:27:24.221+0000] {processor.py:914} INFO - Processing file /opt/airflow/dags/weather_pipeline_dag.py for tasks to queue
[2026-02-13T13:27:24.228+0000] {logging_mixin.py:190} INFO - [2026-02-13T13:27:24.227+0000] {dagbag.py:588} INFO - Filling up the DagBag from /opt/airflow/dags/weather_pipeline_dag.py
[2026-02-13T13:27:27.532+0000] {logging_mixin.py:190} INFO - [2026-02-13T13:27:27.502+0000] {dagbag.py:387} ERROR - Failed to import: /opt/airflow/dags/weather_pipeline_dag.py
Traceback (most recent call last):
  File "/home/airflow/.local/lib/python3.10/site-packages/airflow/models/dagbag.py", line 383, in parse
    loader.exec_module(new_module)
  File "<frozen importlib._bootstrap_external>", line 883, in exec_module
  File "<frozen importlib._bootstrap>", line 241, in _call_with_frames_removed
  File "/opt/airflow/dags/weather_pipeline_dag.py", line 6, in <module>
    from utils.transform import transform_weather
  File "/opt/airflow/dags/utils/transform.py", line 3, in <module>
    from logger import get_logger
ModuleNotFoundError: No module named 'logger'
[2026-02-13T13:27:27.540+0000] {processor.py:927} WARNING - No viable dags retrieved from /opt/airflow/dags/weather_pipeline_dag.py
[2026-02-13T13:27:27.884+0000] {processor.py:208} INFO - Processing /opt/airflow/dags/weather_pipeline_dag.py took 3.686 seconds
[2026-02-13T13:27:58.473+0000] {processor.py:186} INFO - Started process (PID=271) to work on /opt/airflow/dags/weather_pipeline_dag.py
[2026-02-13T13:27:58.475+0000] {processor.py:914} INFO - Processing file /opt/airflow/dags/weather_pipeline_dag.py for tasks to queue
[2026-02-13T13:27:58.482+0000] {logging_mixin.py:190} INFO - [2026-02-13T13:27:58.481+0000] {dagbag.py:588} INFO - Filling up the DagBag from /opt/airflow/dags/weather_pipeline_dag.py
[2026-02-13T13:28:03.042+0000] {logging_mixin.py:190} INFO - [2026-02-13T13:28:03.016+0000] {dagbag.py:387} ERROR - Failed to import: /opt/airflow/dags/weather_pipeline_dag.py
Traceback (most recent call last):
  File "/home/airflow/.local/lib/python3.10/site-packages/airflow/models/dagbag.py", line 383, in parse
    loader.exec_module(new_module)
  File "<frozen importlib._bootstrap_external>", line 883, in exec_module
  File "<frozen importlib._bootstrap>", line 241, in _call_with_frames_removed
  File "/opt/airflow/dags/weather_pipeline_dag.py", line 6, in <module>
    from utils.transform import transform_weather
  File "/opt/airflow/dags/utils/transform.py", line 3, in <module>
    from logger import get_logger
ModuleNotFoundError: No module named 'logger'
[2026-02-13T13:28:03.052+0000] {processor.py:927} WARNING - No viable dags retrieved from /opt/airflow/dags/weather_pipeline_dag.py
[2026-02-13T13:28:03.413+0000] {processor.py:208} INFO - Processing /opt/airflow/dags/weather_pipeline_dag.py took 4.955 seconds
[2026-02-13T13:28:33.950+0000] {processor.py:186} INFO - Started process (PID=277) to work on /opt/airflow/dags/weather_pipeline_dag.py
[2026-02-13T13:28:33.953+0000] {processor.py:914} INFO - Processing file /opt/airflow/dags/weather_pipeline_dag.py for tasks to queue
[2026-02-13T13:28:33.958+0000] {logging_mixin.py:190} INFO - [2026-02-13T13:28:33.957+0000] {dagbag.py:588} INFO - Filling up the DagBag from /opt/airflow/dags/weather_pipeline_dag.py
[2026-02-13T13:28:35.969+0000] {logging_mixin.py:190} INFO - [2026-02-13T13:28:35.952+0000] {dagbag.py:387} ERROR - Failed to import: /opt/airflow/dags/weather_pipeline_dag.py
Traceback (most recent call last):
  File "/home/airflow/.local/lib/python3.10/site-packages/airflow/models/dagbag.py", line 383, in parse
    loader.exec_module(new_module)
  File "<frozen importlib._bootstrap_external>", line 883, in exec_module
  File "<frozen importlib._bootstrap>", line 241, in _call_with_frames_removed
  File "/opt/airflow/dags/weather_pipeline_dag.py", line 6, in <module>
    from utils.transform import transform_weather
  File "/opt/airflow/dags/utils/transform.py", line 3, in <module>
    from logger import get_logger
ModuleNotFoundError: No module named 'logger'
[2026-02-13T13:28:35.974+0000] {processor.py:927} WARNING - No viable dags retrieved from /opt/airflow/dags/weather_pipeline_dag.py
[2026-02-13T13:28:36.051+0000] {processor.py:208} INFO - Processing /opt/airflow/dags/weather_pipeline_dag.py took 1.641 seconds
[2026-02-13T13:29:06.582+0000] {processor.py:186} INFO - Started process (PID=283) to work on /opt/airflow/dags/weather_pipeline_dag.py
[2026-02-13T13:29:06.585+0000] {processor.py:914} INFO - Processing file /opt/airflow/dags/weather_pipeline_dag.py for tasks to queue
[2026-02-13T13:29:06.594+0000] {logging_mixin.py:190} INFO - [2026-02-13T13:29:06.594+0000] {dagbag.py:588} INFO - Filling up the DagBag from /opt/airflow/dags/weather_pipeline_dag.py
[2026-02-13T13:29:08.141+0000] {logging_mixin.py:190} INFO - [2026-02-13T13:29:08.124+0000] {dagbag.py:387} ERROR - Failed to import: /opt/airflow/dags/weather_pipeline_dag.py
Traceback (most recent call last):
  File "/home/airflow/.local/lib/python3.10/site-packages/airflow/models/dagbag.py", line 383, in parse
    loader.exec_module(new_module)
  File "<frozen importlib._bootstrap_external>", line 883, in exec_module
  File "<frozen importlib._bootstrap>", line 241, in _call_with_frames_removed
  File "/opt/airflow/dags/weather_pipeline_dag.py", line 6, in <module>
    from utils.transform import transform_weather
  File "/opt/airflow/dags/utils/transform.py", line 3, in <module>
    from logger import get_logger
ModuleNotFoundError: No module named 'logger'
[2026-02-13T13:29:08.148+0000] {processor.py:927} WARNING - No viable dags retrieved from /opt/airflow/dags/weather_pipeline_dag.py
[2026-02-13T13:29:08.331+0000] {processor.py:208} INFO - Processing /opt/airflow/dags/weather_pipeline_dag.py took 1.767 seconds
[2026-02-13T13:29:38.567+0000] {processor.py:186} INFO - Started process (PID=289) to work on /opt/airflow/dags/weather_pipeline_dag.py
[2026-02-13T13:29:38.570+0000] {processor.py:914} INFO - Processing file /opt/airflow/dags/weather_pipeline_dag.py for tasks to queue
[2026-02-13T13:29:38.578+0000] {logging_mixin.py:190} INFO - [2026-02-13T13:29:38.577+0000] {dagbag.py:588} INFO - Filling up the DagBag from /opt/airflow/dags/weather_pipeline_dag.py
[2026-02-13T13:29:39.805+0000] {logging_mixin.py:190} INFO - [2026-02-13T13:29:39.789+0000] {dagbag.py:387} ERROR - Failed to import: /opt/airflow/dags/weather_pipeline_dag.py
Traceback (most recent call last):
  File "/home/airflow/.local/lib/python3.10/site-packages/airflow/models/dagbag.py", line 383, in parse
    loader.exec_module(new_module)
  File "<frozen importlib._bootstrap_external>", line 883, in exec_module
  File "<frozen importlib._bootstrap>", line 241, in _call_with_frames_removed
  File "/opt/airflow/dags/weather_pipeline_dag.py", line 6, in <module>
    from utils.transform import transform_weather
  File "/opt/airflow/dags/utils/transform.py", line 3, in <module>
    from logger import get_logger
ModuleNotFoundError: No module named 'logger'
[2026-02-13T13:29:39.810+0000] {processor.py:927} WARNING - No viable dags retrieved from /opt/airflow/dags/weather_pipeline_dag.py
[2026-02-13T13:29:39.851+0000] {processor.py:208} INFO - Processing /opt/airflow/dags/weather_pipeline_dag.py took 1.302 seconds
[2026-02-13T13:30:10.214+0000] {processor.py:186} INFO - Started process (PID=295) to work on /opt/airflow/dags/weather_pipeline_dag.py
[2026-02-13T13:30:10.220+0000] {processor.py:914} INFO - Processing file /opt/airflow/dags/weather_pipeline_dag.py for tasks to queue
[2026-02-13T13:30:10.235+0000] {logging_mixin.py:190} INFO - [2026-02-13T13:30:10.233+0000] {dagbag.py:588} INFO - Filling up the DagBag from /opt/airflow/dags/weather_pipeline_dag.py
[2026-02-13T13:30:11.583+0000] {logging_mixin.py:190} INFO - [2026-02-13T13:30:11.561+0000] {dagbag.py:387} ERROR - Failed to import: /opt/airflow/dags/weather_pipeline_dag.py
Traceback (most recent call last):
  File "/home/airflow/.local/lib/python3.10/site-packages/airflow/models/dagbag.py", line 383, in parse
    loader.exec_module(new_module)
  File "<frozen importlib._bootstrap_external>", line 883, in exec_module
  File "<frozen importlib._bootstrap>", line 241, in _call_with_frames_removed
  File "/opt/airflow/dags/weather_pipeline_dag.py", line 6, in <module>
    from utils.transform import transform_weather
  File "/opt/airflow/dags/utils/transform.py", line 3, in <module>
    from logger import get_logger
ModuleNotFoundError: No module named 'logger'
[2026-02-13T13:30:11.591+0000] {processor.py:927} WARNING - No viable dags retrieved from /opt/airflow/dags/weather_pipeline_dag.py
[2026-02-13T13:30:11.811+0000] {processor.py:208} INFO - Processing /opt/airflow/dags/weather_pipeline_dag.py took 1.626 seconds
[2026-02-13T13:30:42.314+0000] {processor.py:186} INFO - Started process (PID=301) to work on /opt/airflow/dags/weather_pipeline_dag.py
[2026-02-13T13:30:42.325+0000] {processor.py:914} INFO - Processing file /opt/airflow/dags/weather_pipeline_dag.py for tasks to queue
[2026-02-13T13:30:42.330+0000] {logging_mixin.py:190} INFO - [2026-02-13T13:30:42.330+0000] {dagbag.py:588} INFO - Filling up the DagBag from /opt/airflow/dags/weather_pipeline_dag.py
[2026-02-13T13:30:43.209+0000] {logging_mixin.py:190} INFO - [2026-02-13T13:30:43.195+0000] {dagbag.py:387} ERROR - Failed to import: /opt/airflow/dags/weather_pipeline_dag.py
Traceback (most recent call last):
  File "/home/airflow/.local/lib/python3.10/site-packages/airflow/models/dagbag.py", line 383, in parse
    loader.exec_module(new_module)
  File "<frozen importlib._bootstrap_external>", line 883, in exec_module
  File "<frozen importlib._bootstrap>", line 241, in _call_with_frames_removed
  File "/opt/airflow/dags/weather_pipeline_dag.py", line 6, in <module>
    from utils.transform import transform_weather
  File "/opt/airflow/dags/utils/transform.py", line 3, in <module>
    from logger import get_logger
ModuleNotFoundError: No module named 'logger'
[2026-02-13T13:30:43.214+0000] {processor.py:927} WARNING - No viable dags retrieved from /opt/airflow/dags/weather_pipeline_dag.py
[2026-02-13T13:30:43.246+0000] {processor.py:208} INFO - Processing /opt/airflow/dags/weather_pipeline_dag.py took 0.944 seconds
[2026-02-13T13:31:14.260+0000] {processor.py:186} INFO - Started process (PID=307) to work on /opt/airflow/dags/weather_pipeline_dag.py
[2026-02-13T13:31:14.263+0000] {processor.py:914} INFO - Processing file /opt/airflow/dags/weather_pipeline_dag.py for tasks to queue
[2026-02-13T13:31:14.269+0000] {logging_mixin.py:190} INFO - [2026-02-13T13:31:14.268+0000] {dagbag.py:588} INFO - Filling up the DagBag from /opt/airflow/dags/weather_pipeline_dag.py
[2026-02-13T13:31:15.449+0000] {logging_mixin.py:190} INFO - [2026-02-13T13:31:15.431+0000] {dagbag.py:387} ERROR - Failed to import: /opt/airflow/dags/weather_pipeline_dag.py
Traceback (most recent call last):
  File "/home/airflow/.local/lib/python3.10/site-packages/airflow/models/dagbag.py", line 383, in parse
    loader.exec_module(new_module)
  File "<frozen importlib._bootstrap_external>", line 883, in exec_module
  File "<frozen importlib._bootstrap>", line 241, in _call_with_frames_removed
  File "/opt/airflow/dags/weather_pipeline_dag.py", line 6, in <module>
    from utils.transform import transform_weather
  File "/opt/airflow/dags/utils/transform.py", line 3, in <module>
    from logger import get_logger
ModuleNotFoundError: No module named 'logger'
[2026-02-13T13:31:15.455+0000] {processor.py:927} WARNING - No viable dags retrieved from /opt/airflow/dags/weather_pipeline_dag.py
[2026-02-13T13:31:15.507+0000] {processor.py:208} INFO - Processing /opt/airflow/dags/weather_pipeline_dag.py took 1.260 seconds
[2026-02-13T13:31:45.998+0000] {processor.py:186} INFO - Started process (PID=313) to work on /opt/airflow/dags/weather_pipeline_dag.py
[2026-02-13T13:31:46.001+0000] {processor.py:914} INFO - Processing file /opt/airflow/dags/weather_pipeline_dag.py for tasks to queue
[2026-02-13T13:31:46.006+0000] {logging_mixin.py:190} INFO - [2026-02-13T13:31:46.006+0000] {dagbag.py:588} INFO - Filling up the DagBag from /opt/airflow/dags/weather_pipeline_dag.py
[2026-02-13T13:31:47.560+0000] {logging_mixin.py:190} INFO - [2026-02-13T13:31:47.542+0000] {dagbag.py:387} ERROR - Failed to import: /opt/airflow/dags/weather_pipeline_dag.py
Traceback (most recent call last):
  File "/home/airflow/.local/lib/python3.10/site-packages/airflow/models/dagbag.py", line 383, in parse
    loader.exec_module(new_module)
  File "<frozen importlib._bootstrap_external>", line 883, in exec_module
  File "<frozen importlib._bootstrap>", line 241, in _call_with_frames_removed
  File "/opt/airflow/dags/weather_pipeline_dag.py", line 6, in <module>
    from utils.transform import transform_weather
  File "/opt/airflow/dags/utils/transform.py", line 3, in <module>
    from logger import get_logger
ModuleNotFoundError: No module named 'logger'
[2026-02-13T13:31:47.566+0000] {processor.py:927} WARNING - No viable dags retrieved from /opt/airflow/dags/weather_pipeline_dag.py
[2026-02-13T13:31:47.793+0000] {processor.py:208} INFO - Processing /opt/airflow/dags/weather_pipeline_dag.py took 1.807 seconds
[2026-02-13T13:32:18.078+0000] {processor.py:186} INFO - Started process (PID=319) to work on /opt/airflow/dags/weather_pipeline_dag.py
[2026-02-13T13:32:18.083+0000] {processor.py:914} INFO - Processing file /opt/airflow/dags/weather_pipeline_dag.py for tasks to queue
[2026-02-13T13:32:18.114+0000] {logging_mixin.py:190} INFO - [2026-02-13T13:32:18.113+0000] {dagbag.py:588} INFO - Filling up the DagBag from /opt/airflow/dags/weather_pipeline_dag.py
[2026-02-13T13:32:19.315+0000] {logging_mixin.py:190} INFO - [2026-02-13T13:32:19.291+0000] {dagbag.py:387} ERROR - Failed to import: /opt/airflow/dags/weather_pipeline_dag.py
Traceback (most recent call last):
  File "/home/airflow/.local/lib/python3.10/site-packages/airflow/models/dagbag.py", line 383, in parse
    loader.exec_module(new_module)
  File "<frozen importlib._bootstrap_external>", line 883, in exec_module
  File "<frozen importlib._bootstrap>", line 241, in _call_with_frames_removed
  File "/opt/airflow/dags/weather_pipeline_dag.py", line 6, in <module>
    from utils.transform import transform_weather
  File "/opt/airflow/dags/utils/transform.py", line 3, in <module>
    from logger import get_logger
ModuleNotFoundError: No module named 'logger'
[2026-02-13T13:32:19.323+0000] {processor.py:927} WARNING - No viable dags retrieved from /opt/airflow/dags/weather_pipeline_dag.py
[2026-02-13T13:32:19.383+0000] {processor.py:208} INFO - Processing /opt/airflow/dags/weather_pipeline_dag.py took 1.394 seconds
[2026-02-13T13:32:49.787+0000] {processor.py:186} INFO - Started process (PID=325) to work on /opt/airflow/dags/weather_pipeline_dag.py
[2026-02-13T13:32:49.790+0000] {processor.py:914} INFO - Processing file /opt/airflow/dags/weather_pipeline_dag.py for tasks to queue
[2026-02-13T13:32:49.798+0000] {logging_mixin.py:190} INFO - [2026-02-13T13:32:49.797+0000] {dagbag.py:588} INFO - Filling up the DagBag from /opt/airflow/dags/weather_pipeline_dag.py
[2026-02-13T13:32:51.537+0000] {logging_mixin.py:190} INFO - [2026-02-13T13:32:51.509+0000] {dagbag.py:387} ERROR - Failed to import: /opt/airflow/dags/weather_pipeline_dag.py
Traceback (most recent call last):
  File "/home/airflow/.local/lib/python3.10/site-packages/airflow/models/dagbag.py", line 383, in parse
    loader.exec_module(new_module)
  File "<frozen importlib._bootstrap_external>", line 883, in exec_module
  File "<frozen importlib._bootstrap>", line 241, in _call_with_frames_removed
  File "/opt/airflow/dags/weather_pipeline_dag.py", line 6, in <module>
    from utils.transform import transform_weather
  File "/opt/airflow/dags/utils/transform.py", line 3, in <module>
    from logger import get_logger
ModuleNotFoundError: No module named 'logger'
[2026-02-13T13:32:51.545+0000] {processor.py:927} WARNING - No viable dags retrieved from /opt/airflow/dags/weather_pipeline_dag.py
[2026-02-13T13:32:51.610+0000] {processor.py:208} INFO - Processing /opt/airflow/dags/weather_pipeline_dag.py took 1.402 seconds
[2026-02-13T13:33:22.048+0000] {processor.py:186} INFO - Started process (PID=331) to work on /opt/airflow/dags/weather_pipeline_dag.py
[2026-02-13T13:33:22.051+0000] {processor.py:914} INFO - Processing file /opt/airflow/dags/weather_pipeline_dag.py for tasks to queue
[2026-02-13T13:33:22.058+0000] {logging_mixin.py:190} INFO - [2026-02-13T13:33:22.057+0000] {dagbag.py:588} INFO - Filling up the DagBag from /opt/airflow/dags/weather_pipeline_dag.py
[2026-02-13T13:33:23.082+0000] {logging_mixin.py:190} INFO - [2026-02-13T13:33:23.066+0000] {dagbag.py:387} ERROR - Failed to import: /opt/airflow/dags/weather_pipeline_dag.py
Traceback (most recent call last):
  File "/home/airflow/.local/lib/python3.10/site-packages/airflow/models/dagbag.py", line 383, in parse
    loader.exec_module(new_module)
  File "<frozen importlib._bootstrap_external>", line 883, in exec_module
  File "<frozen importlib._bootstrap>", line 241, in _call_with_frames_removed
  File "/opt/airflow/dags/weather_pipeline_dag.py", line 6, in <module>
    from utils.transform import transform_weather
  File "/opt/airflow/dags/utils/transform.py", line 3, in <module>
    from logger import get_logger
ModuleNotFoundError: No module named 'logger'
[2026-02-13T13:33:23.089+0000] {processor.py:927} WARNING - No viable dags retrieved from /opt/airflow/dags/weather_pipeline_dag.py
[2026-02-13T13:33:23.138+0000] {processor.py:208} INFO - Processing /opt/airflow/dags/weather_pipeline_dag.py took 1.106 seconds
[2026-02-13T13:33:53.719+0000] {processor.py:186} INFO - Started process (PID=337) to work on /opt/airflow/dags/weather_pipeline_dag.py
[2026-02-13T13:33:53.722+0000] {processor.py:914} INFO - Processing file /opt/airflow/dags/weather_pipeline_dag.py for tasks to queue
[2026-02-13T13:33:53.729+0000] {logging_mixin.py:190} INFO - [2026-02-13T13:33:53.728+0000] {dagbag.py:588} INFO - Filling up the DagBag from /opt/airflow/dags/weather_pipeline_dag.py
[2026-02-13T13:33:54.698+0000] {logging_mixin.py:190} INFO - [2026-02-13T13:33:54.682+0000] {dagbag.py:387} ERROR - Failed to import: /opt/airflow/dags/weather_pipeline_dag.py
Traceback (most recent call last):
  File "/home/airflow/.local/lib/python3.10/site-packages/airflow/models/dagbag.py", line 383, in parse
    loader.exec_module(new_module)
  File "<frozen importlib._bootstrap_external>", line 883, in exec_module
  File "<frozen importlib._bootstrap>", line 241, in _call_with_frames_removed
  File "/opt/airflow/dags/weather_pipeline_dag.py", line 6, in <module>
    from utils.transform import transform_weather
  File "/opt/airflow/dags/utils/transform.py", line 3, in <module>
    from logger import get_logger
ModuleNotFoundError: No module named 'logger'
[2026-02-13T13:33:54.704+0000] {processor.py:927} WARNING - No viable dags retrieved from /opt/airflow/dags/weather_pipeline_dag.py
[2026-02-13T13:33:54.752+0000] {processor.py:208} INFO - Processing /opt/airflow/dags/weather_pipeline_dag.py took 1.052 seconds
[2026-02-13T13:34:24.991+0000] {processor.py:186} INFO - Started process (PID=343) to work on /opt/airflow/dags/weather_pipeline_dag.py
[2026-02-13T13:34:24.994+0000] {processor.py:914} INFO - Processing file /opt/airflow/dags/weather_pipeline_dag.py for tasks to queue
[2026-02-13T13:34:24.999+0000] {logging_mixin.py:190} INFO - [2026-02-13T13:34:24.998+0000] {dagbag.py:588} INFO - Filling up the DagBag from /opt/airflow/dags/weather_pipeline_dag.py
[2026-02-13T13:34:26.105+0000] {logging_mixin.py:190} INFO - [2026-02-13T13:34:26.088+0000] {dagbag.py:387} ERROR - Failed to import: /opt/airflow/dags/weather_pipeline_dag.py
Traceback (most recent call last):
  File "/home/airflow/.local/lib/python3.10/site-packages/airflow/models/dagbag.py", line 383, in parse
    loader.exec_module(new_module)
  File "<frozen importlib._bootstrap_external>", line 883, in exec_module
  File "<frozen importlib._bootstrap>", line 241, in _call_with_frames_removed
  File "/opt/airflow/dags/weather_pipeline_dag.py", line 6, in <module>
    from utils.transform import transform_weather
  File "/opt/airflow/dags/utils/transform.py", line 3, in <module>
    from logger import get_logger
ModuleNotFoundError: No module named 'logger'
[2026-02-13T13:34:26.111+0000] {processor.py:927} WARNING - No viable dags retrieved from /opt/airflow/dags/weather_pipeline_dag.py
[2026-02-13T13:34:26.181+0000] {processor.py:208} INFO - Processing /opt/airflow/dags/weather_pipeline_dag.py took 1.208 seconds
[2026-02-13T13:34:56.726+0000] {processor.py:186} INFO - Started process (PID=349) to work on /opt/airflow/dags/weather_pipeline_dag.py
[2026-02-13T13:34:56.732+0000] {processor.py:914} INFO - Processing file /opt/airflow/dags/weather_pipeline_dag.py for tasks to queue
[2026-02-13T13:34:56.738+0000] {logging_mixin.py:190} INFO - [2026-02-13T13:34:56.738+0000] {dagbag.py:588} INFO - Filling up the DagBag from /opt/airflow/dags/weather_pipeline_dag.py
[2026-02-13T13:34:57.771+0000] {logging_mixin.py:190} INFO - [2026-02-13T13:34:57.751+0000] {dagbag.py:387} ERROR - Failed to import: /opt/airflow/dags/weather_pipeline_dag.py
Traceback (most recent call last):
  File "/home/airflow/.local/lib/python3.10/site-packages/airflow/models/dagbag.py", line 383, in parse
    loader.exec_module(new_module)
  File "<frozen importlib._bootstrap_external>", line 883, in exec_module
  File "<frozen importlib._bootstrap>", line 241, in _call_with_frames_removed
  File "/opt/airflow/dags/weather_pipeline_dag.py", line 6, in <module>
    from utils.transform import transform_weather
  File "/opt/airflow/dags/utils/transform.py", line 3, in <module>
    from logger import get_logger
ModuleNotFoundError: No module named 'logger'
[2026-02-13T13:34:57.777+0000] {processor.py:927} WARNING - No viable dags retrieved from /opt/airflow/dags/weather_pipeline_dag.py
[2026-02-13T13:34:57.822+0000] {processor.py:208} INFO - Processing /opt/airflow/dags/weather_pipeline_dag.py took 1.112 seconds
[2026-02-13T13:35:28.125+0000] {processor.py:186} INFO - Started process (PID=355) to work on /opt/airflow/dags/weather_pipeline_dag.py
[2026-02-13T13:35:28.129+0000] {processor.py:914} INFO - Processing file /opt/airflow/dags/weather_pipeline_dag.py for tasks to queue
[2026-02-13T13:35:28.135+0000] {logging_mixin.py:190} INFO - [2026-02-13T13:35:28.134+0000] {dagbag.py:588} INFO - Filling up the DagBag from /opt/airflow/dags/weather_pipeline_dag.py
[2026-02-13T13:35:29.266+0000] {logging_mixin.py:190} INFO - [2026-02-13T13:35:29.238+0000] {dagbag.py:387} ERROR - Failed to import: /opt/airflow/dags/weather_pipeline_dag.py
Traceback (most recent call last):
  File "/home/airflow/.local/lib/python3.10/site-packages/airflow/models/dagbag.py", line 383, in parse
    loader.exec_module(new_module)
  File "<frozen importlib._bootstrap_external>", line 883, in exec_module
  File "<frozen importlib._bootstrap>", line 241, in _call_with_frames_removed
  File "/opt/airflow/dags/weather_pipeline_dag.py", line 6, in <module>
    from utils.transform import transform_weather
  File "/opt/airflow/dags/utils/transform.py", line 3, in <module>
    from logger import get_logger
ModuleNotFoundError: No module named 'logger'
[2026-02-13T13:35:29.274+0000] {processor.py:927} WARNING - No viable dags retrieved from /opt/airflow/dags/weather_pipeline_dag.py
[2026-02-13T13:35:29.326+0000] {processor.py:208} INFO - Processing /opt/airflow/dags/weather_pipeline_dag.py took 1.215 seconds
[2026-02-13T13:36:00.158+0000] {processor.py:186} INFO - Started process (PID=361) to work on /opt/airflow/dags/weather_pipeline_dag.py
[2026-02-13T13:36:00.161+0000] {processor.py:914} INFO - Processing file /opt/airflow/dags/weather_pipeline_dag.py for tasks to queue
[2026-02-13T13:36:00.166+0000] {logging_mixin.py:190} INFO - [2026-02-13T13:36:00.165+0000] {dagbag.py:588} INFO - Filling up the DagBag from /opt/airflow/dags/weather_pipeline_dag.py
[2026-02-13T13:36:01.142+0000] {logging_mixin.py:190} INFO - [2026-02-13T13:36:01.124+0000] {dagbag.py:387} ERROR - Failed to import: /opt/airflow/dags/weather_pipeline_dag.py
Traceback (most recent call last):
  File "/home/airflow/.local/lib/python3.10/site-packages/airflow/models/dagbag.py", line 383, in parse
    loader.exec_module(new_module)
  File "<frozen importlib._bootstrap_external>", line 883, in exec_module
  File "<frozen importlib._bootstrap>", line 241, in _call_with_frames_removed
  File "/opt/airflow/dags/weather_pipeline_dag.py", line 6, in <module>
    from utils.transform import transform_weather
  File "/opt/airflow/dags/utils/transform.py", line 3, in <module>
    from logger import get_logger
ModuleNotFoundError: No module named 'logger'
[2026-02-13T13:36:01.148+0000] {processor.py:927} WARNING - No viable dags retrieved from /opt/airflow/dags/weather_pipeline_dag.py
[2026-02-13T13:36:01.196+0000] {processor.py:208} INFO - Processing /opt/airflow/dags/weather_pipeline_dag.py took 1.055 seconds
[2026-02-13T13:36:31.622+0000] {processor.py:186} INFO - Started process (PID=367) to work on /opt/airflow/dags/weather_pipeline_dag.py
[2026-02-13T13:36:31.626+0000] {processor.py:914} INFO - Processing file /opt/airflow/dags/weather_pipeline_dag.py for tasks to queue
[2026-02-13T13:36:31.633+0000] {logging_mixin.py:190} INFO - [2026-02-13T13:36:31.632+0000] {dagbag.py:588} INFO - Filling up the DagBag from /opt/airflow/dags/weather_pipeline_dag.py
[2026-02-13T13:36:32.610+0000] {logging_mixin.py:190} INFO - [2026-02-13T13:36:32.594+0000] {dagbag.py:387} ERROR - Failed to import: /opt/airflow/dags/weather_pipeline_dag.py
Traceback (most recent call last):
  File "/home/airflow/.local/lib/python3.10/site-packages/airflow/models/dagbag.py", line 383, in parse
    loader.exec_module(new_module)
  File "<frozen importlib._bootstrap_external>", line 883, in exec_module
  File "<frozen importlib._bootstrap>", line 241, in _call_with_frames_removed
  File "/opt/airflow/dags/weather_pipeline_dag.py", line 6, in <module>
    from utils.transform import transform_weather
  File "/opt/airflow/dags/utils/transform.py", line 3, in <module>
    from logger import get_logger
ModuleNotFoundError: No module named 'logger'
[2026-02-13T13:36:32.616+0000] {processor.py:927} WARNING - No viable dags retrieved from /opt/airflow/dags/weather_pipeline_dag.py
[2026-02-13T13:36:32.655+0000] {processor.py:208} INFO - Processing /opt/airflow/dags/weather_pipeline_dag.py took 1.047 seconds
[2026-02-13T13:37:03.029+0000] {processor.py:186} INFO - Started process (PID=373) to work on /opt/airflow/dags/weather_pipeline_dag.py
[2026-02-13T13:37:03.032+0000] {processor.py:914} INFO - Processing file /opt/airflow/dags/weather_pipeline_dag.py for tasks to queue
[2026-02-13T13:37:03.038+0000] {logging_mixin.py:190} INFO - [2026-02-13T13:37:03.037+0000] {dagbag.py:588} INFO - Filling up the DagBag from /opt/airflow/dags/weather_pipeline_dag.py
[2026-02-13T13:37:04.053+0000] {logging_mixin.py:190} INFO - [2026-02-13T13:37:04.032+0000] {dagbag.py:387} ERROR - Failed to import: /opt/airflow/dags/weather_pipeline_dag.py
Traceback (most recent call last):
  File "/home/airflow/.local/lib/python3.10/site-packages/airflow/models/dagbag.py", line 383, in parse
    loader.exec_module(new_module)
  File "<frozen importlib._bootstrap_external>", line 883, in exec_module
  File "<frozen importlib._bootstrap>", line 241, in _call_with_frames_removed
  File "/opt/airflow/dags/weather_pipeline_dag.py", line 6, in <module>
    from utils.transform import transform_weather
  File "/opt/airflow/dags/utils/transform.py", line 3, in <module>
    from logger import get_logger
ModuleNotFoundError: No module named 'logger'
[2026-02-13T13:37:04.058+0000] {processor.py:927} WARNING - No viable dags retrieved from /opt/airflow/dags/weather_pipeline_dag.py
[2026-02-13T13:37:04.100+0000] {processor.py:208} INFO - Processing /opt/airflow/dags/weather_pipeline_dag.py took 1.088 seconds
[2026-02-13T13:37:34.527+0000] {processor.py:186} INFO - Started process (PID=379) to work on /opt/airflow/dags/weather_pipeline_dag.py
[2026-02-13T13:37:34.554+0000] {processor.py:914} INFO - Processing file /opt/airflow/dags/weather_pipeline_dag.py for tasks to queue
[2026-02-13T13:37:34.613+0000] {logging_mixin.py:190} INFO - [2026-02-13T13:37:34.608+0000] {dagbag.py:588} INFO - Filling up the DagBag from /opt/airflow/dags/weather_pipeline_dag.py
[2026-02-13T13:37:40.235+0000] {logging_mixin.py:190} INFO - [2026-02-13T13:37:40.215+0000] {dagbag.py:387} ERROR - Failed to import: /opt/airflow/dags/weather_pipeline_dag.py
Traceback (most recent call last):
  File "/home/airflow/.local/lib/python3.10/site-packages/airflow/models/dagbag.py", line 383, in parse
    loader.exec_module(new_module)
  File "<frozen importlib._bootstrap_external>", line 883, in exec_module
  File "<frozen importlib._bootstrap>", line 241, in _call_with_frames_removed
  File "/opt/airflow/dags/weather_pipeline_dag.py", line 6, in <module>
    from utils.transform import transform_weather
  File "/opt/airflow/dags/utils/transform.py", line 3, in <module>
    from logger import get_logger
ModuleNotFoundError: No module named 'logger'
[2026-02-13T13:37:40.242+0000] {processor.py:927} WARNING - No viable dags retrieved from /opt/airflow/dags/weather_pipeline_dag.py
[2026-02-13T13:37:40.392+0000] {processor.py:208} INFO - Processing /opt/airflow/dags/weather_pipeline_dag.py took 5.909 seconds
[2026-02-13T13:38:10.683+0000] {processor.py:186} INFO - Started process (PID=385) to work on /opt/airflow/dags/weather_pipeline_dag.py
[2026-02-13T13:38:10.688+0000] {processor.py:914} INFO - Processing file /opt/airflow/dags/weather_pipeline_dag.py for tasks to queue
[2026-02-13T13:38:10.694+0000] {logging_mixin.py:190} INFO - [2026-02-13T13:38:10.693+0000] {dagbag.py:588} INFO - Filling up the DagBag from /opt/airflow/dags/weather_pipeline_dag.py
[2026-02-13T13:38:11.707+0000] {logging_mixin.py:190} INFO - [2026-02-13T13:38:11.689+0000] {dagbag.py:387} ERROR - Failed to import: /opt/airflow/dags/weather_pipeline_dag.py
Traceback (most recent call last):
  File "/home/airflow/.local/lib/python3.10/site-packages/airflow/models/dagbag.py", line 383, in parse
    loader.exec_module(new_module)
  File "<frozen importlib._bootstrap_external>", line 883, in exec_module
  File "<frozen importlib._bootstrap>", line 241, in _call_with_frames_removed
  File "/opt/airflow/dags/weather_pipeline_dag.py", line 6, in <module>
    from utils.transform import transform_weather
  File "/opt/airflow/dags/utils/transform.py", line 3, in <module>
    from logger import get_logger
ModuleNotFoundError: No module named 'logger'
[2026-02-13T13:38:11.713+0000] {processor.py:927} WARNING - No viable dags retrieved from /opt/airflow/dags/weather_pipeline_dag.py
[2026-02-13T13:38:11.752+0000] {processor.py:208} INFO - Processing /opt/airflow/dags/weather_pipeline_dag.py took 1.085 seconds
[2026-02-13T13:38:42.683+0000] {processor.py:186} INFO - Started process (PID=391) to work on /opt/airflow/dags/weather_pipeline_dag.py
[2026-02-13T13:38:42.687+0000] {processor.py:914} INFO - Processing file /opt/airflow/dags/weather_pipeline_dag.py for tasks to queue
[2026-02-13T13:38:42.695+0000] {logging_mixin.py:190} INFO - [2026-02-13T13:38:42.694+0000] {dagbag.py:588} INFO - Filling up the DagBag from /opt/airflow/dags/weather_pipeline_dag.py
[2026-02-13T13:38:43.800+0000] {logging_mixin.py:190} INFO - [2026-02-13T13:38:43.786+0000] {dagbag.py:387} ERROR - Failed to import: /opt/airflow/dags/weather_pipeline_dag.py
Traceback (most recent call last):
  File "/home/airflow/.local/lib/python3.10/site-packages/airflow/models/dagbag.py", line 383, in parse
    loader.exec_module(new_module)
  File "<frozen importlib._bootstrap_external>", line 883, in exec_module
  File "<frozen importlib._bootstrap>", line 241, in _call_with_frames_removed
  File "/opt/airflow/dags/weather_pipeline_dag.py", line 6, in <module>
    from utils.transform import transform_weather
  File "/opt/airflow/dags/utils/transform.py", line 3, in <module>
    from logger import get_logger
ModuleNotFoundError: No module named 'logger'
[2026-02-13T13:38:43.804+0000] {processor.py:927} WARNING - No viable dags retrieved from /opt/airflow/dags/weather_pipeline_dag.py
[2026-02-13T13:38:43.847+0000] {processor.py:208} INFO - Processing /opt/airflow/dags/weather_pipeline_dag.py took 1.184 seconds
[2026-02-13T13:39:14.447+0000] {processor.py:186} INFO - Started process (PID=397) to work on /opt/airflow/dags/weather_pipeline_dag.py
[2026-02-13T13:39:14.450+0000] {processor.py:914} INFO - Processing file /opt/airflow/dags/weather_pipeline_dag.py for tasks to queue
[2026-02-13T13:39:14.458+0000] {logging_mixin.py:190} INFO - [2026-02-13T13:39:14.457+0000] {dagbag.py:588} INFO - Filling up the DagBag from /opt/airflow/dags/weather_pipeline_dag.py
[2026-02-13T13:39:15.522+0000] {logging_mixin.py:190} INFO - [2026-02-13T13:39:15.506+0000] {dagbag.py:387} ERROR - Failed to import: /opt/airflow/dags/weather_pipeline_dag.py
Traceback (most recent call last):
  File "/home/airflow/.local/lib/python3.10/site-packages/airflow/models/dagbag.py", line 383, in parse
    loader.exec_module(new_module)
  File "<frozen importlib._bootstrap_external>", line 883, in exec_module
  File "<frozen importlib._bootstrap>", line 241, in _call_with_frames_removed
  File "/opt/airflow/dags/weather_pipeline_dag.py", line 6, in <module>
    from utils.transform import transform_weather
  File "/opt/airflow/dags/utils/transform.py", line 3, in <module>
    from logger import get_logger
ModuleNotFoundError: No module named 'logger'
[2026-02-13T13:39:15.528+0000] {processor.py:927} WARNING - No viable dags retrieved from /opt/airflow/dags/weather_pipeline_dag.py
[2026-02-13T13:39:15.574+0000] {processor.py:208} INFO - Processing /opt/airflow/dags/weather_pipeline_dag.py took 1.146 seconds
[2026-02-13T13:39:46.035+0000] {processor.py:186} INFO - Started process (PID=403) to work on /opt/airflow/dags/weather_pipeline_dag.py
[2026-02-13T13:39:46.038+0000] {processor.py:914} INFO - Processing file /opt/airflow/dags/weather_pipeline_dag.py for tasks to queue
[2026-02-13T13:39:46.047+0000] {logging_mixin.py:190} INFO - [2026-02-13T13:39:46.047+0000] {dagbag.py:588} INFO - Filling up the DagBag from /opt/airflow/dags/weather_pipeline_dag.py
[2026-02-13T13:39:47.234+0000] {logging_mixin.py:190} INFO - [2026-02-13T13:39:47.209+0000] {dagbag.py:387} ERROR - Failed to import: /opt/airflow/dags/weather_pipeline_dag.py
Traceback (most recent call last):
  File "/home/airflow/.local/lib/python3.10/site-packages/airflow/models/dagbag.py", line 383, in parse
    loader.exec_module(new_module)
  File "<frozen importlib._bootstrap_external>", line 883, in exec_module
  File "<frozen importlib._bootstrap>", line 241, in _call_with_frames_removed
  File "/opt/airflow/dags/weather_pipeline_dag.py", line 6, in <module>
    from utils.transform import transform_weather
  File "/opt/airflow/dags/utils/transform.py", line 3, in <module>
    from logger import get_logger
ModuleNotFoundError: No module named 'logger'
[2026-02-13T13:39:47.243+0000] {processor.py:927} WARNING - No viable dags retrieved from /opt/airflow/dags/weather_pipeline_dag.py
[2026-02-13T13:39:47.307+0000] {processor.py:208} INFO - Processing /opt/airflow/dags/weather_pipeline_dag.py took 1.289 seconds
[2026-02-13T13:40:17.768+0000] {processor.py:186} INFO - Started process (PID=409) to work on /opt/airflow/dags/weather_pipeline_dag.py
[2026-02-13T13:40:17.771+0000] {processor.py:914} INFO - Processing file /opt/airflow/dags/weather_pipeline_dag.py for tasks to queue
[2026-02-13T13:40:17.777+0000] {logging_mixin.py:190} INFO - [2026-02-13T13:40:17.776+0000] {dagbag.py:588} INFO - Filling up the DagBag from /opt/airflow/dags/weather_pipeline_dag.py
[2026-02-13T13:40:18.942+0000] {logging_mixin.py:190} INFO - [2026-02-13T13:40:18.921+0000] {dagbag.py:387} ERROR - Failed to import: /opt/airflow/dags/weather_pipeline_dag.py
Traceback (most recent call last):
  File "/home/airflow/.local/lib/python3.10/site-packages/airflow/models/dagbag.py", line 383, in parse
    loader.exec_module(new_module)
  File "<frozen importlib._bootstrap_external>", line 883, in exec_module
  File "<frozen importlib._bootstrap>", line 241, in _call_with_frames_removed
  File "/opt/airflow/dags/weather_pipeline_dag.py", line 6, in <module>
    from utils.transform import transform_weather
  File "/opt/airflow/dags/utils/transform.py", line 3, in <module>
    from logger import get_logger
ModuleNotFoundError: No module named 'logger'
[2026-02-13T13:40:18.950+0000] {processor.py:927} WARNING - No viable dags retrieved from /opt/airflow/dags/weather_pipeline_dag.py
[2026-02-13T13:40:19.010+0000] {processor.py:208} INFO - Processing /opt/airflow/dags/weather_pipeline_dag.py took 1.258 seconds
[2026-02-13T13:40:49.218+0000] {processor.py:186} INFO - Started process (PID=415) to work on /opt/airflow/dags/weather_pipeline_dag.py
[2026-02-13T13:40:49.220+0000] {processor.py:914} INFO - Processing file /opt/airflow/dags/weather_pipeline_dag.py for tasks to queue
[2026-02-13T13:40:49.226+0000] {logging_mixin.py:190} INFO - [2026-02-13T13:40:49.225+0000] {dagbag.py:588} INFO - Filling up the DagBag from /opt/airflow/dags/weather_pipeline_dag.py
[2026-02-13T13:40:50.373+0000] {logging_mixin.py:190} INFO - [2026-02-13T13:40:50.356+0000] {dagbag.py:387} ERROR - Failed to import: /opt/airflow/dags/weather_pipeline_dag.py
Traceback (most recent call last):
  File "/home/airflow/.local/lib/python3.10/site-packages/airflow/models/dagbag.py", line 383, in parse
    loader.exec_module(new_module)
  File "<frozen importlib._bootstrap_external>", line 883, in exec_module
  File "<frozen importlib._bootstrap>", line 241, in _call_with_frames_removed
  File "/opt/airflow/dags/weather_pipeline_dag.py", line 6, in <module>
    from utils.transform import transform_weather
  File "/opt/airflow/dags/utils/transform.py", line 3, in <module>
    from logger import get_logger
ModuleNotFoundError: No module named 'logger'
[2026-02-13T13:40:50.380+0000] {processor.py:927} WARNING - No viable dags retrieved from /opt/airflow/dags/weather_pipeline_dag.py
[2026-02-13T13:40:50.431+0000] {processor.py:208} INFO - Processing /opt/airflow/dags/weather_pipeline_dag.py took 1.226 seconds
[2026-02-13T13:41:21.167+0000] {processor.py:186} INFO - Started process (PID=421) to work on /opt/airflow/dags/weather_pipeline_dag.py
[2026-02-13T13:41:21.171+0000] {processor.py:914} INFO - Processing file /opt/airflow/dags/weather_pipeline_dag.py for tasks to queue
[2026-02-13T13:41:21.176+0000] {logging_mixin.py:190} INFO - [2026-02-13T13:41:21.176+0000] {dagbag.py:588} INFO - Filling up the DagBag from /opt/airflow/dags/weather_pipeline_dag.py
[2026-02-13T13:41:23.221+0000] {logging_mixin.py:190} INFO - [2026-02-13T13:41:23.202+0000] {dagbag.py:387} ERROR - Failed to import: /opt/airflow/dags/weather_pipeline_dag.py
Traceback (most recent call last):
  File "/home/airflow/.local/lib/python3.10/site-packages/airflow/models/dagbag.py", line 383, in parse
    loader.exec_module(new_module)
  File "<frozen importlib._bootstrap_external>", line 883, in exec_module
  File "<frozen importlib._bootstrap>", line 241, in _call_with_frames_removed
  File "/opt/airflow/dags/weather_pipeline_dag.py", line 6, in <module>
    from utils.transform import transform_weather
  File "/opt/airflow/dags/utils/transform.py", line 3, in <module>
    from logger import get_logger
ModuleNotFoundError: No module named 'logger'
[2026-02-13T13:41:23.228+0000] {processor.py:927} WARNING - No viable dags retrieved from /opt/airflow/dags/weather_pipeline_dag.py
[2026-02-13T13:41:23.268+0000] {processor.py:208} INFO - Processing /opt/airflow/dags/weather_pipeline_dag.py took 1.239 seconds
[2026-02-13T13:41:54.168+0000] {processor.py:186} INFO - Started process (PID=427) to work on /opt/airflow/dags/weather_pipeline_dag.py
[2026-02-13T13:41:54.171+0000] {processor.py:914} INFO - Processing file /opt/airflow/dags/weather_pipeline_dag.py for tasks to queue
[2026-02-13T13:41:54.179+0000] {logging_mixin.py:190} INFO - [2026-02-13T13:41:54.177+0000] {dagbag.py:588} INFO - Filling up the DagBag from /opt/airflow/dags/weather_pipeline_dag.py
[2026-02-13T13:41:55.072+0000] {logging_mixin.py:190} INFO - [2026-02-13T13:41:55.056+0000] {dagbag.py:387} ERROR - Failed to import: /opt/airflow/dags/weather_pipeline_dag.py
Traceback (most recent call last):
  File "/home/airflow/.local/lib/python3.10/site-packages/airflow/models/dagbag.py", line 383, in parse
    loader.exec_module(new_module)
  File "<frozen importlib._bootstrap_external>", line 883, in exec_module
  File "<frozen importlib._bootstrap>", line 241, in _call_with_frames_removed
  File "/opt/airflow/dags/weather_pipeline_dag.py", line 6, in <module>
    from utils.transform import transform_weather
  File "/opt/airflow/dags/utils/transform.py", line 3, in <module>
    from logger import get_logger
ModuleNotFoundError: No module named 'logger'
[2026-02-13T13:41:55.077+0000] {processor.py:927} WARNING - No viable dags retrieved from /opt/airflow/dags/weather_pipeline_dag.py
[2026-02-13T13:41:55.122+0000] {processor.py:208} INFO - Processing /opt/airflow/dags/weather_pipeline_dag.py took 0.974 seconds
[2026-02-13T13:42:25.883+0000] {processor.py:186} INFO - Started process (PID=433) to work on /opt/airflow/dags/weather_pipeline_dag.py
[2026-02-13T13:42:25.886+0000] {processor.py:914} INFO - Processing file /opt/airflow/dags/weather_pipeline_dag.py for tasks to queue
[2026-02-13T13:42:25.891+0000] {logging_mixin.py:190} INFO - [2026-02-13T13:42:25.891+0000] {dagbag.py:588} INFO - Filling up the DagBag from /opt/airflow/dags/weather_pipeline_dag.py
[2026-02-13T13:42:26.858+0000] {logging_mixin.py:190} INFO - [2026-02-13T13:42:26.835+0000] {dagbag.py:387} ERROR - Failed to import: /opt/airflow/dags/weather_pipeline_dag.py
Traceback (most recent call last):
  File "/home/airflow/.local/lib/python3.10/site-packages/airflow/models/dagbag.py", line 383, in parse
    loader.exec_module(new_module)
  File "<frozen importlib._bootstrap_external>", line 883, in exec_module
  File "<frozen importlib._bootstrap>", line 241, in _call_with_frames_removed
  File "/opt/airflow/dags/weather_pipeline_dag.py", line 6, in <module>
    from utils.transform import transform_weather
  File "/opt/airflow/dags/utils/transform.py", line 3, in <module>
    from logger import get_logger
ModuleNotFoundError: No module named 'logger'
[2026-02-13T13:42:26.865+0000] {processor.py:927} WARNING - No viable dags retrieved from /opt/airflow/dags/weather_pipeline_dag.py
[2026-02-13T13:42:26.917+0000] {processor.py:208} INFO - Processing /opt/airflow/dags/weather_pipeline_dag.py took 1.046 seconds
[2026-02-13T13:42:57.896+0000] {processor.py:186} INFO - Started process (PID=439) to work on /opt/airflow/dags/weather_pipeline_dag.py
[2026-02-13T13:42:57.899+0000] {processor.py:914} INFO - Processing file /opt/airflow/dags/weather_pipeline_dag.py for tasks to queue
[2026-02-13T13:42:57.904+0000] {logging_mixin.py:190} INFO - [2026-02-13T13:42:57.903+0000] {dagbag.py:588} INFO - Filling up the DagBag from /opt/airflow/dags/weather_pipeline_dag.py
[2026-02-13T13:42:58.897+0000] {logging_mixin.py:190} INFO - [2026-02-13T13:42:58.882+0000] {dagbag.py:387} ERROR - Failed to import: /opt/airflow/dags/weather_pipeline_dag.py
Traceback (most recent call last):
  File "/home/airflow/.local/lib/python3.10/site-packages/airflow/models/dagbag.py", line 383, in parse
    loader.exec_module(new_module)
  File "<frozen importlib._bootstrap_external>", line 883, in exec_module
  File "<frozen importlib._bootstrap>", line 241, in _call_with_frames_removed
  File "/opt/airflow/dags/weather_pipeline_dag.py", line 6, in <module>
    from utils.transform import transform_weather
  File "/opt/airflow/dags/utils/transform.py", line 3, in <module>
    from logger import get_logger
ModuleNotFoundError: No module named 'logger'
[2026-02-13T13:42:58.902+0000] {processor.py:927} WARNING - No viable dags retrieved from /opt/airflow/dags/weather_pipeline_dag.py
[2026-02-13T13:42:58.956+0000] {processor.py:208} INFO - Processing /opt/airflow/dags/weather_pipeline_dag.py took 1.073 seconds
[2026-02-13T13:43:29.150+0000] {processor.py:186} INFO - Started process (PID=445) to work on /opt/airflow/dags/weather_pipeline_dag.py
[2026-02-13T13:43:29.153+0000] {processor.py:914} INFO - Processing file /opt/airflow/dags/weather_pipeline_dag.py for tasks to queue
[2026-02-13T13:43:29.159+0000] {logging_mixin.py:190} INFO - [2026-02-13T13:43:29.158+0000] {dagbag.py:588} INFO - Filling up the DagBag from /opt/airflow/dags/weather_pipeline_dag.py
[2026-02-13T13:43:30.295+0000] {logging_mixin.py:190} INFO - [2026-02-13T13:43:30.276+0000] {dagbag.py:387} ERROR - Failed to import: /opt/airflow/dags/weather_pipeline_dag.py
Traceback (most recent call last):
  File "/home/airflow/.local/lib/python3.10/site-packages/airflow/models/dagbag.py", line 383, in parse
    loader.exec_module(new_module)
  File "<frozen importlib._bootstrap_external>", line 883, in exec_module
  File "<frozen importlib._bootstrap>", line 241, in _call_with_frames_removed
  File "/opt/airflow/dags/weather_pipeline_dag.py", line 6, in <module>
    from utils.transform import transform_weather
  File "/opt/airflow/dags/utils/transform.py", line 3, in <module>
    from logger import get_logger
ModuleNotFoundError: No module named 'logger'
[2026-02-13T13:43:30.300+0000] {processor.py:927} WARNING - No viable dags retrieved from /opt/airflow/dags/weather_pipeline_dag.py
[2026-02-13T13:43:30.347+0000] {processor.py:208} INFO - Processing /opt/airflow/dags/weather_pipeline_dag.py took 1.214 seconds
[2026-02-13T13:44:00.710+0000] {processor.py:186} INFO - Started process (PID=451) to work on /opt/airflow/dags/weather_pipeline_dag.py
[2026-02-13T13:44:00.713+0000] {processor.py:914} INFO - Processing file /opt/airflow/dags/weather_pipeline_dag.py for tasks to queue
[2026-02-13T13:44:00.720+0000] {logging_mixin.py:190} INFO - [2026-02-13T13:44:00.719+0000] {dagbag.py:588} INFO - Filling up the DagBag from /opt/airflow/dags/weather_pipeline_dag.py
[2026-02-13T13:44:01.747+0000] {logging_mixin.py:190} INFO - [2026-02-13T13:44:01.733+0000] {dagbag.py:387} ERROR - Failed to import: /opt/airflow/dags/weather_pipeline_dag.py
Traceback (most recent call last):
  File "/home/airflow/.local/lib/python3.10/site-packages/airflow/models/dagbag.py", line 383, in parse
    loader.exec_module(new_module)
  File "<frozen importlib._bootstrap_external>", line 883, in exec_module
  File "<frozen importlib._bootstrap>", line 241, in _call_with_frames_removed
  File "/opt/airflow/dags/weather_pipeline_dag.py", line 6, in <module>
    from utils.transform import transform_weather
  File "/opt/airflow/dags/utils/transform.py", line 3, in <module>
    from logger import get_logger
ModuleNotFoundError: No module named 'logger'
[2026-02-13T13:44:01.753+0000] {processor.py:927} WARNING - No viable dags retrieved from /opt/airflow/dags/weather_pipeline_dag.py
[2026-02-13T13:44:01.809+0000] {processor.py:208} INFO - Processing /opt/airflow/dags/weather_pipeline_dag.py took 1.112 seconds
[2026-02-13T13:44:32.113+0000] {processor.py:186} INFO - Started process (PID=457) to work on /opt/airflow/dags/weather_pipeline_dag.py
[2026-02-13T13:44:32.116+0000] {processor.py:914} INFO - Processing file /opt/airflow/dags/weather_pipeline_dag.py for tasks to queue
[2026-02-13T13:44:32.121+0000] {logging_mixin.py:190} INFO - [2026-02-13T13:44:32.121+0000] {dagbag.py:588} INFO - Filling up the DagBag from /opt/airflow/dags/weather_pipeline_dag.py
[2026-02-13T13:44:33.201+0000] {logging_mixin.py:190} INFO - [2026-02-13T13:44:33.176+0000] {dagbag.py:387} ERROR - Failed to import: /opt/airflow/dags/weather_pipeline_dag.py
Traceback (most recent call last):
  File "/home/airflow/.local/lib/python3.10/site-packages/airflow/models/dagbag.py", line 383, in parse
    loader.exec_module(new_module)
  File "<frozen importlib._bootstrap_external>", line 883, in exec_module
  File "<frozen importlib._bootstrap>", line 241, in _call_with_frames_removed
  File "/opt/airflow/dags/weather_pipeline_dag.py", line 6, in <module>
    from utils.transform import transform_weather
  File "/opt/airflow/dags/utils/transform.py", line 3, in <module>
    from logger import get_logger
ModuleNotFoundError: No module named 'logger'
[2026-02-13T13:44:33.209+0000] {processor.py:927} WARNING - No viable dags retrieved from /opt/airflow/dags/weather_pipeline_dag.py
[2026-02-13T13:44:33.267+0000] {processor.py:208} INFO - Processing /opt/airflow/dags/weather_pipeline_dag.py took 1.168 seconds
[2026-02-13T13:45:04.377+0000] {processor.py:186} INFO - Started process (PID=463) to work on /opt/airflow/dags/weather_pipeline_dag.py
[2026-02-13T13:45:04.379+0000] {processor.py:914} INFO - Processing file /opt/airflow/dags/weather_pipeline_dag.py for tasks to queue
[2026-02-13T13:45:04.388+0000] {logging_mixin.py:190} INFO - [2026-02-13T13:45:04.387+0000] {dagbag.py:588} INFO - Filling up the DagBag from /opt/airflow/dags/weather_pipeline_dag.py
[2026-02-13T13:45:05.396+0000] {logging_mixin.py:190} INFO - [2026-02-13T13:45:05.375+0000] {dagbag.py:387} ERROR - Failed to import: /opt/airflow/dags/weather_pipeline_dag.py
Traceback (most recent call last):
  File "/home/airflow/.local/lib/python3.10/site-packages/airflow/models/dagbag.py", line 383, in parse
    loader.exec_module(new_module)
  File "<frozen importlib._bootstrap_external>", line 883, in exec_module
  File "<frozen importlib._bootstrap>", line 241, in _call_with_frames_removed
  File "/opt/airflow/dags/weather_pipeline_dag.py", line 6, in <module>
    from utils.transform import transform_weather
  File "/opt/airflow/dags/utils/transform.py", line 3, in <module>
    from logger import get_logger
ModuleNotFoundError: No module named 'logger'
[2026-02-13T13:45:05.403+0000] {processor.py:927} WARNING - No viable dags retrieved from /opt/airflow/dags/weather_pipeline_dag.py
[2026-02-13T13:45:05.452+0000] {processor.py:208} INFO - Processing /opt/airflow/dags/weather_pipeline_dag.py took 1.088 seconds
[2026-02-13T13:45:36.421+0000] {processor.py:186} INFO - Started process (PID=469) to work on /opt/airflow/dags/weather_pipeline_dag.py
[2026-02-13T13:45:36.424+0000] {processor.py:914} INFO - Processing file /opt/airflow/dags/weather_pipeline_dag.py for tasks to queue
[2026-02-13T13:45:36.432+0000] {logging_mixin.py:190} INFO - [2026-02-13T13:45:36.431+0000] {dagbag.py:588} INFO - Filling up the DagBag from /opt/airflow/dags/weather_pipeline_dag.py
[2026-02-13T13:45:37.571+0000] {logging_mixin.py:190} INFO - [2026-02-13T13:45:37.549+0000] {dagbag.py:387} ERROR - Failed to import: /opt/airflow/dags/weather_pipeline_dag.py
Traceback (most recent call last):
  File "/home/airflow/.local/lib/python3.10/site-packages/airflow/models/dagbag.py", line 383, in parse
    loader.exec_module(new_module)
  File "<frozen importlib._bootstrap_external>", line 883, in exec_module
  File "<frozen importlib._bootstrap>", line 241, in _call_with_frames_removed
  File "/opt/airflow/dags/weather_pipeline_dag.py", line 6, in <module>
    from utils.transform import transform_weather
  File "/opt/airflow/dags/utils/transform.py", line 3, in <module>
    from logger import get_logger
ModuleNotFoundError: No module named 'logger'
[2026-02-13T13:45:37.577+0000] {processor.py:927} WARNING - No viable dags retrieved from /opt/airflow/dags/weather_pipeline_dag.py
[2026-02-13T13:45:37.621+0000] {processor.py:208} INFO - Processing /opt/airflow/dags/weather_pipeline_dag.py took 1.227 seconds
[2026-02-13T13:46:08.205+0000] {processor.py:186} INFO - Started process (PID=475) to work on /opt/airflow/dags/weather_pipeline_dag.py
[2026-02-13T13:46:08.207+0000] {processor.py:914} INFO - Processing file /opt/airflow/dags/weather_pipeline_dag.py for tasks to queue
[2026-02-13T13:46:08.212+0000] {logging_mixin.py:190} INFO - [2026-02-13T13:46:08.211+0000] {dagbag.py:588} INFO - Filling up the DagBag from /opt/airflow/dags/weather_pipeline_dag.py
[2026-02-13T13:46:09.057+0000] {logging_mixin.py:190} INFO - [2026-02-13T13:46:09.047+0000] {dagbag.py:387} ERROR - Failed to import: /opt/airflow/dags/weather_pipeline_dag.py
Traceback (most recent call last):
  File "/home/airflow/.local/lib/python3.10/site-packages/airflow/models/dagbag.py", line 383, in parse
    loader.exec_module(new_module)
  File "<frozen importlib._bootstrap_external>", line 883, in exec_module
  File "<frozen importlib._bootstrap>", line 241, in _call_with_frames_removed
  File "/opt/airflow/dags/weather_pipeline_dag.py", line 6, in <module>
    from utils.transform import transform_weather
  File "/opt/airflow/dags/utils/transform.py", line 3, in <module>
    from logger import get_logger
ModuleNotFoundError: No module named 'logger'
[2026-02-13T13:46:09.061+0000] {processor.py:927} WARNING - No viable dags retrieved from /opt/airflow/dags/weather_pipeline_dag.py
[2026-02-13T13:46:09.094+0000] {processor.py:208} INFO - Processing /opt/airflow/dags/weather_pipeline_dag.py took 0.901 seconds
[2026-02-13T13:46:40.078+0000] {processor.py:186} INFO - Started process (PID=481) to work on /opt/airflow/dags/weather_pipeline_dag.py
[2026-02-13T13:46:40.081+0000] {processor.py:914} INFO - Processing file /opt/airflow/dags/weather_pipeline_dag.py for tasks to queue
[2026-02-13T13:46:40.088+0000] {logging_mixin.py:190} INFO - [2026-02-13T13:46:40.087+0000] {dagbag.py:588} INFO - Filling up the DagBag from /opt/airflow/dags/weather_pipeline_dag.py
[2026-02-13T13:46:41.159+0000] {logging_mixin.py:190} INFO - [2026-02-13T13:46:41.142+0000] {dagbag.py:387} ERROR - Failed to import: /opt/airflow/dags/weather_pipeline_dag.py
Traceback (most recent call last):
  File "/home/airflow/.local/lib/python3.10/site-packages/airflow/models/dagbag.py", line 383, in parse
    loader.exec_module(new_module)
  File "<frozen importlib._bootstrap_external>", line 883, in exec_module
  File "<frozen importlib._bootstrap>", line 241, in _call_with_frames_removed
  File "/opt/airflow/dags/weather_pipeline_dag.py", line 6, in <module>
    from utils.transform import transform_weather
  File "/opt/airflow/dags/utils/transform.py", line 3, in <module>
    from logger import get_logger
ModuleNotFoundError: No module named 'logger'
[2026-02-13T13:46:41.165+0000] {processor.py:927} WARNING - No viable dags retrieved from /opt/airflow/dags/weather_pipeline_dag.py
[2026-02-13T13:46:41.214+0000] {processor.py:208} INFO - Processing /opt/airflow/dags/weather_pipeline_dag.py took 1.150 seconds
[2026-02-13T13:47:11.458+0000] {processor.py:186} INFO - Started process (PID=487) to work on /opt/airflow/dags/weather_pipeline_dag.py
[2026-02-13T13:47:11.461+0000] {processor.py:914} INFO - Processing file /opt/airflow/dags/weather_pipeline_dag.py for tasks to queue
[2026-02-13T13:47:11.467+0000] {logging_mixin.py:190} INFO - [2026-02-13T13:47:11.466+0000] {dagbag.py:588} INFO - Filling up the DagBag from /opt/airflow/dags/weather_pipeline_dag.py
[2026-02-13T13:47:12.536+0000] {logging_mixin.py:190} INFO - [2026-02-13T13:47:12.514+0000] {dagbag.py:387} ERROR - Failed to import: /opt/airflow/dags/weather_pipeline_dag.py
Traceback (most recent call last):
  File "/home/airflow/.local/lib/python3.10/site-packages/airflow/models/dagbag.py", line 383, in parse
    loader.exec_module(new_module)
  File "<frozen importlib._bootstrap_external>", line 883, in exec_module
  File "<frozen importlib._bootstrap>", line 241, in _call_with_frames_removed
  File "/opt/airflow/dags/weather_pipeline_dag.py", line 6, in <module>
    from utils.transform import transform_weather
  File "/opt/airflow/dags/utils/transform.py", line 3, in <module>
    from logger import get_logger
ModuleNotFoundError: No module named 'logger'
[2026-02-13T13:47:12.544+0000] {processor.py:927} WARNING - No viable dags retrieved from /opt/airflow/dags/weather_pipeline_dag.py
[2026-02-13T13:47:12.602+0000] {processor.py:208} INFO - Processing /opt/airflow/dags/weather_pipeline_dag.py took 1.158 seconds
[2026-02-13T13:47:43.286+0000] {processor.py:186} INFO - Started process (PID=493) to work on /opt/airflow/dags/weather_pipeline_dag.py
[2026-02-13T13:47:43.289+0000] {processor.py:914} INFO - Processing file /opt/airflow/dags/weather_pipeline_dag.py for tasks to queue
[2026-02-13T13:47:43.298+0000] {logging_mixin.py:190} INFO - [2026-02-13T13:47:43.297+0000] {dagbag.py:588} INFO - Filling up the DagBag from /opt/airflow/dags/weather_pipeline_dag.py
[2026-02-13T13:47:44.308+0000] {logging_mixin.py:190} INFO - [2026-02-13T13:47:44.283+0000] {dagbag.py:387} ERROR - Failed to import: /opt/airflow/dags/weather_pipeline_dag.py
Traceback (most recent call last):
  File "/home/airflow/.local/lib/python3.10/site-packages/airflow/models/dagbag.py", line 383, in parse
    loader.exec_module(new_module)
  File "<frozen importlib._bootstrap_external>", line 883, in exec_module
  File "<frozen importlib._bootstrap>", line 241, in _call_with_frames_removed
  File "/opt/airflow/dags/weather_pipeline_dag.py", line 6, in <module>
    from utils.transform import transform_weather
  File "/opt/airflow/dags/utils/transform.py", line 3, in <module>
    from logger import get_logger
ModuleNotFoundError: No module named 'logger'
[2026-02-13T13:47:44.315+0000] {processor.py:927} WARNING - No viable dags retrieved from /opt/airflow/dags/weather_pipeline_dag.py
[2026-02-13T13:47:44.366+0000] {processor.py:208} INFO - Processing /opt/airflow/dags/weather_pipeline_dag.py took 1.094 seconds
[2026-02-13T13:48:15.245+0000] {processor.py:186} INFO - Started process (PID=499) to work on /opt/airflow/dags/weather_pipeline_dag.py
[2026-02-13T13:48:15.248+0000] {processor.py:914} INFO - Processing file /opt/airflow/dags/weather_pipeline_dag.py for tasks to queue
[2026-02-13T13:48:15.254+0000] {logging_mixin.py:190} INFO - [2026-02-13T13:48:15.253+0000] {dagbag.py:588} INFO - Filling up the DagBag from /opt/airflow/dags/weather_pipeline_dag.py
[2026-02-13T13:48:17.006+0000] {logging_mixin.py:190} INFO - [2026-02-13T13:48:16.985+0000] {dagbag.py:387} ERROR - Failed to import: /opt/airflow/dags/weather_pipeline_dag.py
Traceback (most recent call last):
  File "/home/airflow/.local/lib/python3.10/site-packages/airflow/models/dagbag.py", line 383, in parse
    loader.exec_module(new_module)
  File "<frozen importlib._bootstrap_external>", line 883, in exec_module
  File "<frozen importlib._bootstrap>", line 241, in _call_with_frames_removed
  File "/opt/airflow/dags/weather_pipeline_dag.py", line 7, in <module>
    from utils.load import load_weather
  File "/opt/airflow/dags/utils/load.py", line 3, in <module>
    from logger import get_logger
ModuleNotFoundError: No module named 'logger'
[2026-02-13T13:48:17.015+0000] {processor.py:927} WARNING - No viable dags retrieved from /opt/airflow/dags/weather_pipeline_dag.py
[2026-02-13T13:48:17.069+0000] {processor.py:208} INFO - Processing /opt/airflow/dags/weather_pipeline_dag.py took 1.406 seconds
[2026-02-13T13:48:47.645+0000] {processor.py:186} INFO - Started process (PID=505) to work on /opt/airflow/dags/weather_pipeline_dag.py
[2026-02-13T13:48:47.648+0000] {processor.py:914} INFO - Processing file /opt/airflow/dags/weather_pipeline_dag.py for tasks to queue
[2026-02-13T13:48:47.653+0000] {logging_mixin.py:190} INFO - [2026-02-13T13:48:47.653+0000] {dagbag.py:588} INFO - Filling up the DagBag from /opt/airflow/dags/weather_pipeline_dag.py
[2026-02-13T13:48:48.658+0000] {logging_mixin.py:190} INFO - [2026-02-13T13:48:48.640+0000] {dagbag.py:387} ERROR - Failed to import: /opt/airflow/dags/weather_pipeline_dag.py
Traceback (most recent call last):
  File "/home/airflow/.local/lib/python3.10/site-packages/airflow/models/dagbag.py", line 383, in parse
    loader.exec_module(new_module)
  File "<frozen importlib._bootstrap_external>", line 883, in exec_module
  File "<frozen importlib._bootstrap>", line 241, in _call_with_frames_removed
  File "/opt/airflow/dags/weather_pipeline_dag.py", line 7, in <module>
    from utils.load import load_weather
  File "/opt/airflow/dags/utils/load.py", line 3, in <module>
    from logger import get_logger
ModuleNotFoundError: No module named 'logger'
[2026-02-13T13:48:48.664+0000] {processor.py:927} WARNING - No viable dags retrieved from /opt/airflow/dags/weather_pipeline_dag.py
[2026-02-13T13:48:48.704+0000] {processor.py:208} INFO - Processing /opt/airflow/dags/weather_pipeline_dag.py took 1.076 seconds
[2026-02-13T13:49:19.437+0000] {processor.py:186} INFO - Started process (PID=511) to work on /opt/airflow/dags/weather_pipeline_dag.py
[2026-02-13T13:49:19.442+0000] {processor.py:914} INFO - Processing file /opt/airflow/dags/weather_pipeline_dag.py for tasks to queue
[2026-02-13T13:49:19.448+0000] {logging_mixin.py:190} INFO - [2026-02-13T13:49:19.447+0000] {dagbag.py:588} INFO - Filling up the DagBag from /opt/airflow/dags/weather_pipeline_dag.py
[2026-02-13T13:49:20.677+0000] {logging_mixin.py:190} INFO - [2026-02-13T13:49:20.660+0000] {dagbag.py:387} ERROR - Failed to import: /opt/airflow/dags/weather_pipeline_dag.py
Traceback (most recent call last):
  File "/home/airflow/.local/lib/python3.10/site-packages/airflow/models/dagbag.py", line 383, in parse
    loader.exec_module(new_module)
  File "<frozen importlib._bootstrap_external>", line 883, in exec_module
  File "<frozen importlib._bootstrap>", line 241, in _call_with_frames_removed
  File "/opt/airflow/dags/weather_pipeline_dag.py", line 7, in <module>
    from utils.load import load_weather
  File "/opt/airflow/dags/utils/load.py", line 3, in <module>
    from logger import get_logger
ModuleNotFoundError: No module named 'logger'
[2026-02-13T13:49:20.683+0000] {processor.py:927} WARNING - No viable dags retrieved from /opt/airflow/dags/weather_pipeline_dag.py
[2026-02-13T13:49:20.726+0000] {processor.py:208} INFO - Processing /opt/airflow/dags/weather_pipeline_dag.py took 1.307 seconds
[2026-02-13T13:49:51.098+0000] {processor.py:186} INFO - Started process (PID=517) to work on /opt/airflow/dags/weather_pipeline_dag.py
[2026-02-13T13:49:51.100+0000] {processor.py:914} INFO - Processing file /opt/airflow/dags/weather_pipeline_dag.py for tasks to queue
[2026-02-13T13:49:51.107+0000] {logging_mixin.py:190} INFO - [2026-02-13T13:49:51.107+0000] {dagbag.py:588} INFO - Filling up the DagBag from /opt/airflow/dags/weather_pipeline_dag.py
[2026-02-13T13:49:52.115+0000] {logging_mixin.py:190} INFO - [2026-02-13T13:49:52.097+0000] {dagbag.py:387} ERROR - Failed to import: /opt/airflow/dags/weather_pipeline_dag.py
Traceback (most recent call last):
  File "/home/airflow/.local/lib/python3.10/site-packages/airflow/models/dagbag.py", line 383, in parse
    loader.exec_module(new_module)
  File "<frozen importlib._bootstrap_external>", line 883, in exec_module
  File "<frozen importlib._bootstrap>", line 241, in _call_with_frames_removed
  File "/opt/airflow/dags/weather_pipeline_dag.py", line 7, in <module>
    from utils.load import load_weather
  File "/opt/airflow/dags/utils/load.py", line 4, in <module>
    from db import get_connection
ModuleNotFoundError: No module named 'db'
[2026-02-13T13:49:52.121+0000] {processor.py:927} WARNING - No viable dags retrieved from /opt/airflow/dags/weather_pipeline_dag.py
[2026-02-13T13:49:52.161+0000] {processor.py:208} INFO - Processing /opt/airflow/dags/weather_pipeline_dag.py took 1.082 seconds
[2026-02-13T13:50:23.070+0000] {processor.py:186} INFO - Started process (PID=523) to work on /opt/airflow/dags/weather_pipeline_dag.py
[2026-02-13T13:50:23.072+0000] {processor.py:914} INFO - Processing file /opt/airflow/dags/weather_pipeline_dag.py for tasks to queue
[2026-02-13T13:50:23.076+0000] {logging_mixin.py:190} INFO - [2026-02-13T13:50:23.076+0000] {dagbag.py:588} INFO - Filling up the DagBag from /opt/airflow/dags/weather_pipeline_dag.py
[2026-02-13T13:50:23.875+0000] {logging_mixin.py:190} INFO - [2026-02-13T13:50:23.862+0000] {dagbag.py:387} ERROR - Failed to import: /opt/airflow/dags/weather_pipeline_dag.py
Traceback (most recent call last):
  File "/home/airflow/.local/lib/python3.10/site-packages/airflow/models/dagbag.py", line 383, in parse
    loader.exec_module(new_module)
  File "<frozen importlib._bootstrap_external>", line 883, in exec_module
  File "<frozen importlib._bootstrap>", line 241, in _call_with_frames_removed
  File "/opt/airflow/dags/weather_pipeline_dag.py", line 7, in <module>
    from utils.load import load_weather
  File "/opt/airflow/dags/utils/load.py", line 4, in <module>
    from db import get_connection
ModuleNotFoundError: No module named 'db'
[2026-02-13T13:50:23.879+0000] {processor.py:927} WARNING - No viable dags retrieved from /opt/airflow/dags/weather_pipeline_dag.py
[2026-02-13T13:50:23.911+0000] {processor.py:208} INFO - Processing /opt/airflow/dags/weather_pipeline_dag.py took 0.850 seconds
[2026-02-13T13:50:54.820+0000] {processor.py:186} INFO - Started process (PID=529) to work on /opt/airflow/dags/weather_pipeline_dag.py
[2026-02-13T13:50:54.826+0000] {processor.py:914} INFO - Processing file /opt/airflow/dags/weather_pipeline_dag.py for tasks to queue
[2026-02-13T13:50:54.837+0000] {logging_mixin.py:190} INFO - [2026-02-13T13:50:54.835+0000] {dagbag.py:588} INFO - Filling up the DagBag from /opt/airflow/dags/weather_pipeline_dag.py
[2026-02-13T13:50:56.478+0000] {logging_mixin.py:190} INFO - [2026-02-13T13:50:56.452+0000] {dagbag.py:387} ERROR - Failed to import: /opt/airflow/dags/weather_pipeline_dag.py
Traceback (most recent call last):
  File "/home/airflow/.local/lib/python3.10/site-packages/airflow/models/dagbag.py", line 383, in parse
    loader.exec_module(new_module)
  File "<frozen importlib._bootstrap_external>", line 883, in exec_module
  File "<frozen importlib._bootstrap>", line 241, in _call_with_frames_removed
  File "/opt/airflow/dags/weather_pipeline_dag.py", line 7, in <module>
    from utils.load import load_weather
  File "/opt/airflow/dags/utils/load.py", line 4, in <module>
    from db import get_connection
ModuleNotFoundError: No module named 'db'
[2026-02-13T13:50:56.488+0000] {processor.py:927} WARNING - No viable dags retrieved from /opt/airflow/dags/weather_pipeline_dag.py
[2026-02-13T13:50:56.586+0000] {processor.py:208} INFO - Processing /opt/airflow/dags/weather_pipeline_dag.py took 1.807 seconds
[2026-02-13T13:51:27.401+0000] {processor.py:186} INFO - Started process (PID=535) to work on /opt/airflow/dags/weather_pipeline_dag.py
[2026-02-13T13:51:27.403+0000] {processor.py:914} INFO - Processing file /opt/airflow/dags/weather_pipeline_dag.py for tasks to queue
[2026-02-13T13:51:27.408+0000] {logging_mixin.py:190} INFO - [2026-02-13T13:51:27.407+0000] {dagbag.py:588} INFO - Filling up the DagBag from /opt/airflow/dags/weather_pipeline_dag.py
[2026-02-13T13:51:28.433+0000] {logging_mixin.py:190} INFO - [2026-02-13T13:51:28.412+0000] {dagbag.py:387} ERROR - Failed to import: /opt/airflow/dags/weather_pipeline_dag.py
Traceback (most recent call last):
  File "/home/airflow/.local/lib/python3.10/site-packages/airflow/models/dagbag.py", line 383, in parse
    loader.exec_module(new_module)
  File "<frozen importlib._bootstrap_external>", line 883, in exec_module
  File "<frozen importlib._bootstrap>", line 241, in _call_with_frames_removed
  File "/opt/airflow/dags/weather_pipeline_dag.py", line 7, in <module>
    from utils.load import load_weather
  File "/opt/airflow/dags/utils/load.py", line 4, in <module>
    from db import get_connection
ModuleNotFoundError: No module named 'db'
[2026-02-13T13:51:28.439+0000] {processor.py:927} WARNING - No viable dags retrieved from /opt/airflow/dags/weather_pipeline_dag.py
[2026-02-13T13:51:28.496+0000] {processor.py:208} INFO - Processing /opt/airflow/dags/weather_pipeline_dag.py took 1.106 seconds
[2026-02-13T13:51:59.386+0000] {processor.py:186} INFO - Started process (PID=541) to work on /opt/airflow/dags/weather_pipeline_dag.py
[2026-02-13T13:51:59.389+0000] {processor.py:914} INFO - Processing file /opt/airflow/dags/weather_pipeline_dag.py for tasks to queue
[2026-02-13T13:51:59.395+0000] {logging_mixin.py:190} INFO - [2026-02-13T13:51:59.394+0000] {dagbag.py:588} INFO - Filling up the DagBag from /opt/airflow/dags/weather_pipeline_dag.py
[2026-02-13T13:52:00.426+0000] {logging_mixin.py:190} INFO - [2026-02-13T13:52:00.407+0000] {dagbag.py:387} ERROR - Failed to import: /opt/airflow/dags/weather_pipeline_dag.py
Traceback (most recent call last):
  File "/home/airflow/.local/lib/python3.10/site-packages/airflow/models/dagbag.py", line 383, in parse
    loader.exec_module(new_module)
  File "<frozen importlib._bootstrap_external>", line 883, in exec_module
  File "<frozen importlib._bootstrap>", line 241, in _call_with_frames_removed
  File "/opt/airflow/dags/weather_pipeline_dag.py", line 7, in <module>
    from utils.load import load_weather
  File "/opt/airflow/dags/utils/load.py", line 4, in <module>
    from db import get_connection
ModuleNotFoundError: No module named 'db'
[2026-02-13T13:52:00.431+0000] {processor.py:927} WARNING - No viable dags retrieved from /opt/airflow/dags/weather_pipeline_dag.py
[2026-02-13T13:52:00.471+0000] {processor.py:208} INFO - Processing /opt/airflow/dags/weather_pipeline_dag.py took 1.100 seconds
[2026-02-13T13:52:30.978+0000] {processor.py:186} INFO - Started process (PID=547) to work on /opt/airflow/dags/weather_pipeline_dag.py
[2026-02-13T13:52:30.980+0000] {processor.py:914} INFO - Processing file /opt/airflow/dags/weather_pipeline_dag.py for tasks to queue
[2026-02-13T13:52:30.988+0000] {logging_mixin.py:190} INFO - [2026-02-13T13:52:30.987+0000] {dagbag.py:588} INFO - Filling up the DagBag from /opt/airflow/dags/weather_pipeline_dag.py
[2026-02-13T13:52:32.114+0000] {logging_mixin.py:190} INFO - [2026-02-13T13:52:32.094+0000] {dagbag.py:387} ERROR - Failed to import: /opt/airflow/dags/weather_pipeline_dag.py
Traceback (most recent call last):
  File "/home/airflow/.local/lib/python3.10/site-packages/airflow/models/dagbag.py", line 383, in parse
    loader.exec_module(new_module)
  File "<frozen importlib._bootstrap_external>", line 883, in exec_module
  File "<frozen importlib._bootstrap>", line 241, in _call_with_frames_removed
  File "/opt/airflow/dags/weather_pipeline_dag.py", line 7, in <module>
    from utils.load import load_weather
  File "/opt/airflow/dags/utils/load.py", line 4, in <module>
    from db import get_connection
ModuleNotFoundError: No module named 'db'
[2026-02-13T13:52:32.120+0000] {processor.py:927} WARNING - No viable dags retrieved from /opt/airflow/dags/weather_pipeline_dag.py
[2026-02-13T13:52:32.171+0000] {processor.py:208} INFO - Processing /opt/airflow/dags/weather_pipeline_dag.py took 1.211 seconds
[2026-02-13T13:53:02.803+0000] {processor.py:186} INFO - Started process (PID=553) to work on /opt/airflow/dags/weather_pipeline_dag.py
[2026-02-13T13:53:02.806+0000] {processor.py:914} INFO - Processing file /opt/airflow/dags/weather_pipeline_dag.py for tasks to queue
[2026-02-13T13:53:02.813+0000] {logging_mixin.py:190} INFO - [2026-02-13T13:53:02.812+0000] {dagbag.py:588} INFO - Filling up the DagBag from /opt/airflow/dags/weather_pipeline_dag.py
[2026-02-13T13:53:06.928+0000] {logging_mixin.py:190} INFO - [2026-02-13T13:53:06.907+0000] {dagbag.py:387} ERROR - Failed to import: /opt/airflow/dags/weather_pipeline_dag.py
Traceback (most recent call last):
  File "/home/airflow/.local/lib/python3.10/site-packages/airflow/models/dagbag.py", line 383, in parse
    loader.exec_module(new_module)
  File "<frozen importlib._bootstrap_external>", line 883, in exec_module
  File "<frozen importlib._bootstrap>", line 241, in _call_with_frames_removed
  File "/opt/airflow/dags/weather_pipeline_dag.py", line 7, in <module>
    from utils.load import load_weather
  File "/opt/airflow/dags/utils/load.py", line 4, in <module>
    from db import get_connection
ModuleNotFoundError: No module named 'db'
[2026-02-13T13:53:06.934+0000] {processor.py:927} WARNING - No viable dags retrieved from /opt/airflow/dags/weather_pipeline_dag.py
[2026-02-13T13:53:07.112+0000] {processor.py:208} INFO - Processing /opt/airflow/dags/weather_pipeline_dag.py took 4.139 seconds
[2026-02-13T13:53:38.048+0000] {processor.py:186} INFO - Started process (PID=559) to work on /opt/airflow/dags/weather_pipeline_dag.py
[2026-02-13T13:53:38.052+0000] {processor.py:914} INFO - Processing file /opt/airflow/dags/weather_pipeline_dag.py for tasks to queue
[2026-02-13T13:53:38.061+0000] {logging_mixin.py:190} INFO - [2026-02-13T13:53:38.060+0000] {dagbag.py:588} INFO - Filling up the DagBag from /opt/airflow/dags/weather_pipeline_dag.py
[2026-02-13T13:53:39.084+0000] {logging_mixin.py:190} INFO - [2026-02-13T13:53:39.061+0000] {dagbag.py:387} ERROR - Failed to import: /opt/airflow/dags/weather_pipeline_dag.py
Traceback (most recent call last):
  File "/home/airflow/.local/lib/python3.10/site-packages/airflow/models/dagbag.py", line 383, in parse
    loader.exec_module(new_module)
  File "<frozen importlib._bootstrap_external>", line 883, in exec_module
  File "<frozen importlib._bootstrap>", line 241, in _call_with_frames_removed
  File "/opt/airflow/dags/weather_pipeline_dag.py", line 7, in <module>
    from utils.load import load_weather
  File "/opt/airflow/dags/utils/load.py", line 4, in <module>
    from db import get_connection
ModuleNotFoundError: No module named 'db'
[2026-02-13T13:53:39.092+0000] {processor.py:927} WARNING - No viable dags retrieved from /opt/airflow/dags/weather_pipeline_dag.py
[2026-02-13T13:53:39.135+0000] {processor.py:208} INFO - Processing /opt/airflow/dags/weather_pipeline_dag.py took 1.106 seconds
[2026-02-13T13:54:09.961+0000] {processor.py:186} INFO - Started process (PID=565) to work on /opt/airflow/dags/weather_pipeline_dag.py
[2026-02-13T13:54:09.965+0000] {processor.py:914} INFO - Processing file /opt/airflow/dags/weather_pipeline_dag.py for tasks to queue
[2026-02-13T13:54:09.972+0000] {logging_mixin.py:190} INFO - [2026-02-13T13:54:09.971+0000] {dagbag.py:588} INFO - Filling up the DagBag from /opt/airflow/dags/weather_pipeline_dag.py
[2026-02-13T13:54:11.326+0000] {logging_mixin.py:190} INFO - [2026-02-13T13:54:11.308+0000] {dagbag.py:387} ERROR - Failed to import: /opt/airflow/dags/weather_pipeline_dag.py
Traceback (most recent call last):
  File "/home/airflow/.local/lib/python3.10/site-packages/airflow/models/dagbag.py", line 383, in parse
    loader.exec_module(new_module)
  File "<frozen importlib._bootstrap_external>", line 883, in exec_module
  File "<frozen importlib._bootstrap>", line 241, in _call_with_frames_removed
  File "/opt/airflow/dags/weather_pipeline_dag.py", line 7, in <module>
    from utils.load import load_weather
  File "/opt/airflow/dags/utils/load.py", line 4, in <module>
    from db import get_connection
ModuleNotFoundError: No module named 'db'
[2026-02-13T13:54:11.333+0000] {processor.py:927} WARNING - No viable dags retrieved from /opt/airflow/dags/weather_pipeline_dag.py
[2026-02-13T13:54:11.375+0000] {processor.py:208} INFO - Processing /opt/airflow/dags/weather_pipeline_dag.py took 1.428 seconds
[2026-02-13T13:54:42.291+0000] {processor.py:186} INFO - Started process (PID=571) to work on /opt/airflow/dags/weather_pipeline_dag.py
[2026-02-13T13:54:42.296+0000] {processor.py:914} INFO - Processing file /opt/airflow/dags/weather_pipeline_dag.py for tasks to queue
[2026-02-13T13:54:42.306+0000] {logging_mixin.py:190} INFO - [2026-02-13T13:54:42.305+0000] {dagbag.py:588} INFO - Filling up the DagBag from /opt/airflow/dags/weather_pipeline_dag.py
[2026-02-13T13:54:43.629+0000] {logging_mixin.py:190} INFO - [2026-02-13T13:54:43.612+0000] {dagbag.py:387} ERROR - Failed to import: /opt/airflow/dags/weather_pipeline_dag.py
Traceback (most recent call last):
  File "/home/airflow/.local/lib/python3.10/site-packages/airflow/models/dagbag.py", line 383, in parse
    loader.exec_module(new_module)
  File "<frozen importlib._bootstrap_external>", line 883, in exec_module
  File "<frozen importlib._bootstrap>", line 241, in _call_with_frames_removed
  File "/opt/airflow/dags/weather_pipeline_dag.py", line 7, in <module>
    from utils.load import load_weather
  File "/opt/airflow/dags/utils/load.py", line 4, in <module>
    from db import get_connection
ModuleNotFoundError: No module named 'db'
[2026-02-13T13:54:43.635+0000] {processor.py:927} WARNING - No viable dags retrieved from /opt/airflow/dags/weather_pipeline_dag.py
[2026-02-13T13:54:43.677+0000] {processor.py:208} INFO - Processing /opt/airflow/dags/weather_pipeline_dag.py took 1.410 seconds
[2026-02-13T13:55:14.044+0000] {processor.py:186} INFO - Started process (PID=577) to work on /opt/airflow/dags/weather_pipeline_dag.py
[2026-02-13T13:55:14.047+0000] {processor.py:914} INFO - Processing file /opt/airflow/dags/weather_pipeline_dag.py for tasks to queue
[2026-02-13T13:55:14.053+0000] {logging_mixin.py:190} INFO - [2026-02-13T13:55:14.053+0000] {dagbag.py:588} INFO - Filling up the DagBag from /opt/airflow/dags/weather_pipeline_dag.py
[2026-02-13T13:55:15.203+0000] {logging_mixin.py:190} INFO - [2026-02-13T13:55:15.186+0000] {dagbag.py:387} ERROR - Failed to import: /opt/airflow/dags/weather_pipeline_dag.py
Traceback (most recent call last):
  File "/home/airflow/.local/lib/python3.10/site-packages/airflow/models/dagbag.py", line 383, in parse
    loader.exec_module(new_module)
  File "<frozen importlib._bootstrap_external>", line 883, in exec_module
  File "<frozen importlib._bootstrap>", line 241, in _call_with_frames_removed
  File "/opt/airflow/dags/weather_pipeline_dag.py", line 7, in <module>
    from utils.load import load_weather
  File "/opt/airflow/dags/utils/load.py", line 4, in <module>
    from db import get_connection
ModuleNotFoundError: No module named 'db'
[2026-02-13T13:55:15.209+0000] {processor.py:927} WARNING - No viable dags retrieved from /opt/airflow/dags/weather_pipeline_dag.py
[2026-02-13T13:55:15.252+0000] {processor.py:208} INFO - Processing /opt/airflow/dags/weather_pipeline_dag.py took 1.224 seconds
[2026-02-13T13:55:45.740+0000] {processor.py:186} INFO - Started process (PID=583) to work on /opt/airflow/dags/weather_pipeline_dag.py
[2026-02-13T13:55:45.742+0000] {processor.py:914} INFO - Processing file /opt/airflow/dags/weather_pipeline_dag.py for tasks to queue
[2026-02-13T13:55:45.746+0000] {logging_mixin.py:190} INFO - [2026-02-13T13:55:45.746+0000] {dagbag.py:588} INFO - Filling up the DagBag from /opt/airflow/dags/weather_pipeline_dag.py
[2026-02-13T13:55:46.534+0000] {logging_mixin.py:190} INFO - [2026-02-13T13:55:46.515+0000] {dagbag.py:387} ERROR - Failed to import: /opt/airflow/dags/weather_pipeline_dag.py
Traceback (most recent call last):
  File "/home/airflow/.local/lib/python3.10/site-packages/airflow/models/dagbag.py", line 383, in parse
    loader.exec_module(new_module)
  File "<frozen importlib._bootstrap_external>", line 883, in exec_module
  File "<frozen importlib._bootstrap>", line 241, in _call_with_frames_removed
  File "/opt/airflow/dags/weather_pipeline_dag.py", line 7, in <module>
    from utils.load import load_weather
  File "/opt/airflow/dags/utils/load.py", line 4, in <module>
    from db import get_connection
ModuleNotFoundError: No module named 'db'
[2026-02-13T13:55:46.542+0000] {processor.py:927} WARNING - No viable dags retrieved from /opt/airflow/dags/weather_pipeline_dag.py
[2026-02-13T13:55:46.592+0000] {processor.py:208} INFO - Processing /opt/airflow/dags/weather_pipeline_dag.py took 0.863 seconds
[2026-02-13T13:56:17.415+0000] {processor.py:186} INFO - Started process (PID=589) to work on /opt/airflow/dags/weather_pipeline_dag.py
[2026-02-13T13:56:17.418+0000] {processor.py:914} INFO - Processing file /opt/airflow/dags/weather_pipeline_dag.py for tasks to queue
[2026-02-13T13:56:17.425+0000] {logging_mixin.py:190} INFO - [2026-02-13T13:56:17.424+0000] {dagbag.py:588} INFO - Filling up the DagBag from /opt/airflow/dags/weather_pipeline_dag.py
[2026-02-13T13:56:18.552+0000] {logging_mixin.py:190} INFO - [2026-02-13T13:56:18.522+0000] {dagbag.py:387} ERROR - Failed to import: /opt/airflow/dags/weather_pipeline_dag.py
Traceback (most recent call last):
  File "/home/airflow/.local/lib/python3.10/site-packages/airflow/models/dagbag.py", line 383, in parse
    loader.exec_module(new_module)
  File "<frozen importlib._bootstrap_external>", line 883, in exec_module
  File "<frozen importlib._bootstrap>", line 241, in _call_with_frames_removed
  File "/opt/airflow/dags/weather_pipeline_dag.py", line 7, in <module>
    from utils.load import load_weather
  File "/opt/airflow/dags/utils/load.py", line 4, in <module>
    from db import get_connection
ModuleNotFoundError: No module named 'db'
[2026-02-13T13:56:18.559+0000] {processor.py:927} WARNING - No viable dags retrieved from /opt/airflow/dags/weather_pipeline_dag.py
[2026-02-13T13:56:18.605+0000] {processor.py:208} INFO - Processing /opt/airflow/dags/weather_pipeline_dag.py took 1.206 seconds
[2026-02-13T13:56:49.285+0000] {processor.py:186} INFO - Started process (PID=595) to work on /opt/airflow/dags/weather_pipeline_dag.py
[2026-02-13T13:56:49.288+0000] {processor.py:914} INFO - Processing file /opt/airflow/dags/weather_pipeline_dag.py for tasks to queue
[2026-02-13T13:56:49.294+0000] {logging_mixin.py:190} INFO - [2026-02-13T13:56:49.293+0000] {dagbag.py:588} INFO - Filling up the DagBag from /opt/airflow/dags/weather_pipeline_dag.py
[2026-02-13T13:56:50.699+0000] {logging_mixin.py:190} INFO - [2026-02-13T13:56:50.682+0000] {dagbag.py:387} ERROR - Failed to import: /opt/airflow/dags/weather_pipeline_dag.py
Traceback (most recent call last):
  File "/home/airflow/.local/lib/python3.10/site-packages/airflow/models/dagbag.py", line 383, in parse
    loader.exec_module(new_module)
  File "<frozen importlib._bootstrap_external>", line 883, in exec_module
  File "<frozen importlib._bootstrap>", line 241, in _call_with_frames_removed
  File "/opt/airflow/dags/weather_pipeline_dag.py", line 10, in <module>
    from utils.data_quality import validate_weather
  File "/opt/airflow/dags/utils/data_quality.py", line 1, in <module>
    import great_expectations as ge
ModuleNotFoundError: No module named 'great_expectations'
[2026-02-13T13:56:50.706+0000] {processor.py:927} WARNING - No viable dags retrieved from /opt/airflow/dags/weather_pipeline_dag.py
[2026-02-13T13:56:50.745+0000] {processor.py:208} INFO - Processing /opt/airflow/dags/weather_pipeline_dag.py took 1.477 seconds
[2026-02-13T13:57:21.046+0000] {processor.py:186} INFO - Started process (PID=601) to work on /opt/airflow/dags/weather_pipeline_dag.py
[2026-02-13T13:57:21.048+0000] {processor.py:914} INFO - Processing file /opt/airflow/dags/weather_pipeline_dag.py for tasks to queue
[2026-02-13T13:57:21.054+0000] {logging_mixin.py:190} INFO - [2026-02-13T13:57:21.053+0000] {dagbag.py:588} INFO - Filling up the DagBag from /opt/airflow/dags/weather_pipeline_dag.py
[2026-02-13T13:57:22.246+0000] {logging_mixin.py:190} INFO - [2026-02-13T13:57:22.225+0000] {dagbag.py:387} ERROR - Failed to import: /opt/airflow/dags/weather_pipeline_dag.py
Traceback (most recent call last):
  File "/home/airflow/.local/lib/python3.10/site-packages/airflow/models/dagbag.py", line 383, in parse
    loader.exec_module(new_module)
  File "<frozen importlib._bootstrap_external>", line 883, in exec_module
  File "<frozen importlib._bootstrap>", line 241, in _call_with_frames_removed
  File "/opt/airflow/dags/weather_pipeline_dag.py", line 10, in <module>
    from utils.data_quality import validate_weather
  File "/opt/airflow/dags/utils/data_quality.py", line 1, in <module>
    import great_expectations as ge
ModuleNotFoundError: No module named 'great_expectations'
[2026-02-13T13:57:22.252+0000] {processor.py:927} WARNING - No viable dags retrieved from /opt/airflow/dags/weather_pipeline_dag.py
[2026-02-13T13:57:22.308+0000] {processor.py:208} INFO - Processing /opt/airflow/dags/weather_pipeline_dag.py took 1.276 seconds
[2026-02-13T13:57:52.722+0000] {processor.py:186} INFO - Started process (PID=607) to work on /opt/airflow/dags/weather_pipeline_dag.py
[2026-02-13T13:57:52.727+0000] {processor.py:914} INFO - Processing file /opt/airflow/dags/weather_pipeline_dag.py for tasks to queue
[2026-02-13T13:57:52.734+0000] {logging_mixin.py:190} INFO - [2026-02-13T13:57:52.733+0000] {dagbag.py:588} INFO - Filling up the DagBag from /opt/airflow/dags/weather_pipeline_dag.py
[2026-02-13T13:57:54.240+0000] {logging_mixin.py:190} INFO - [2026-02-13T13:57:54.223+0000] {dagbag.py:387} ERROR - Failed to import: /opt/airflow/dags/weather_pipeline_dag.py
Traceback (most recent call last):
  File "/home/airflow/.local/lib/python3.10/site-packages/airflow/models/dagbag.py", line 383, in parse
    loader.exec_module(new_module)
  File "<frozen importlib._bootstrap_external>", line 883, in exec_module
  File "<frozen importlib._bootstrap>", line 241, in _call_with_frames_removed
  File "/opt/airflow/dags/weather_pipeline_dag.py", line 10, in <module>
    from utils.data_quality import validate_weather
  File "/opt/airflow/dags/utils/data_quality.py", line 1, in <module>
    import great_expectations as ge
ModuleNotFoundError: No module named 'great_expectations'
[2026-02-13T13:57:54.245+0000] {processor.py:927} WARNING - No viable dags retrieved from /opt/airflow/dags/weather_pipeline_dag.py
[2026-02-13T13:57:54.290+0000] {processor.py:208} INFO - Processing /opt/airflow/dags/weather_pipeline_dag.py took 1.585 seconds
[2026-02-13T13:58:24.905+0000] {processor.py:186} INFO - Started process (PID=613) to work on /opt/airflow/dags/weather_pipeline_dag.py
[2026-02-13T13:58:24.909+0000] {processor.py:914} INFO - Processing file /opt/airflow/dags/weather_pipeline_dag.py for tasks to queue
[2026-02-13T13:58:24.915+0000] {logging_mixin.py:190} INFO - [2026-02-13T13:58:24.914+0000] {dagbag.py:588} INFO - Filling up the DagBag from /opt/airflow/dags/weather_pipeline_dag.py
[2026-02-13T13:58:26.054+0000] {logging_mixin.py:190} INFO - [2026-02-13T13:58:26.034+0000] {dagbag.py:387} ERROR - Failed to import: /opt/airflow/dags/weather_pipeline_dag.py
Traceback (most recent call last):
  File "/home/airflow/.local/lib/python3.10/site-packages/airflow/models/dagbag.py", line 383, in parse
    loader.exec_module(new_module)
  File "<frozen importlib._bootstrap_external>", line 883, in exec_module
  File "<frozen importlib._bootstrap>", line 241, in _call_with_frames_removed
  File "/opt/airflow/dags/weather_pipeline_dag.py", line 10, in <module>
    from utils.data_quality import validate_weather
  File "/opt/airflow/dags/utils/data_quality.py", line 1, in <module>
    import great_expectations as ge
ModuleNotFoundError: No module named 'great_expectations'
[2026-02-13T13:58:26.060+0000] {processor.py:927} WARNING - No viable dags retrieved from /opt/airflow/dags/weather_pipeline_dag.py
[2026-02-13T13:58:26.112+0000] {processor.py:208} INFO - Processing /opt/airflow/dags/weather_pipeline_dag.py took 1.225 seconds
[2026-02-13T13:58:56.589+0000] {processor.py:186} INFO - Started process (PID=619) to work on /opt/airflow/dags/weather_pipeline_dag.py
[2026-02-13T13:58:56.591+0000] {processor.py:914} INFO - Processing file /opt/airflow/dags/weather_pipeline_dag.py for tasks to queue
[2026-02-13T13:58:56.599+0000] {logging_mixin.py:190} INFO - [2026-02-13T13:58:56.598+0000] {dagbag.py:588} INFO - Filling up the DagBag from /opt/airflow/dags/weather_pipeline_dag.py
[2026-02-13T13:58:57.532+0000] {logging_mixin.py:190} INFO - [2026-02-13T13:58:57.517+0000] {dagbag.py:387} ERROR - Failed to import: /opt/airflow/dags/weather_pipeline_dag.py
Traceback (most recent call last):
  File "/home/airflow/.local/lib/python3.10/site-packages/airflow/models/dagbag.py", line 383, in parse
    loader.exec_module(new_module)
  File "<frozen importlib._bootstrap_external>", line 883, in exec_module
  File "<frozen importlib._bootstrap>", line 241, in _call_with_frames_removed
  File "/opt/airflow/dags/weather_pipeline_dag.py", line 10, in <module>
    from utils.data_quality import validate_weather
  File "/opt/airflow/dags/utils/data_quality.py", line 1, in <module>
    import great_expectations as ge
ModuleNotFoundError: No module named 'great_expectations'
[2026-02-13T13:58:57.538+0000] {processor.py:927} WARNING - No viable dags retrieved from /opt/airflow/dags/weather_pipeline_dag.py
[2026-02-13T13:58:57.575+0000] {processor.py:208} INFO - Processing /opt/airflow/dags/weather_pipeline_dag.py took 1.000 seconds
[2026-02-13T13:59:28.136+0000] {processor.py:186} INFO - Started process (PID=625) to work on /opt/airflow/dags/weather_pipeline_dag.py
[2026-02-13T13:59:28.138+0000] {processor.py:914} INFO - Processing file /opt/airflow/dags/weather_pipeline_dag.py for tasks to queue
[2026-02-13T13:59:28.143+0000] {logging_mixin.py:190} INFO - [2026-02-13T13:59:28.142+0000] {dagbag.py:588} INFO - Filling up the DagBag from /opt/airflow/dags/weather_pipeline_dag.py
[2026-02-13T13:59:29.056+0000] {logging_mixin.py:190} INFO - [2026-02-13T13:59:29.039+0000] {dagbag.py:387} ERROR - Failed to import: /opt/airflow/dags/weather_pipeline_dag.py
Traceback (most recent call last):
  File "/home/airflow/.local/lib/python3.10/site-packages/airflow/models/dagbag.py", line 383, in parse
    loader.exec_module(new_module)
  File "<frozen importlib._bootstrap_external>", line 883, in exec_module
  File "<frozen importlib._bootstrap>", line 241, in _call_with_frames_removed
  File "/opt/airflow/dags/weather_pipeline_dag.py", line 10, in <module>
    from utils.data_quality import validate_weather
  File "/opt/airflow/dags/utils/data_quality.py", line 1, in <module>
    import great_expectations as ge
ModuleNotFoundError: No module named 'great_expectations'
[2026-02-13T13:59:29.062+0000] {processor.py:927} WARNING - No viable dags retrieved from /opt/airflow/dags/weather_pipeline_dag.py
[2026-02-13T13:59:29.105+0000] {processor.py:208} INFO - Processing /opt/airflow/dags/weather_pipeline_dag.py took 0.983 seconds
[2026-02-13T13:59:59.262+0000] {processor.py:186} INFO - Started process (PID=631) to work on /opt/airflow/dags/weather_pipeline_dag.py
[2026-02-13T13:59:59.265+0000] {processor.py:914} INFO - Processing file /opt/airflow/dags/weather_pipeline_dag.py for tasks to queue
[2026-02-13T13:59:59.271+0000] {logging_mixin.py:190} INFO - [2026-02-13T13:59:59.270+0000] {dagbag.py:588} INFO - Filling up the DagBag from /opt/airflow/dags/weather_pipeline_dag.py
[2026-02-13T14:00:00.420+0000] {logging_mixin.py:190} INFO - [2026-02-13T14:00:00.397+0000] {dagbag.py:387} ERROR - Failed to import: /opt/airflow/dags/weather_pipeline_dag.py
Traceback (most recent call last):
  File "/home/airflow/.local/lib/python3.10/site-packages/airflow/models/dagbag.py", line 383, in parse
    loader.exec_module(new_module)
  File "<frozen importlib._bootstrap_external>", line 883, in exec_module
  File "<frozen importlib._bootstrap>", line 241, in _call_with_frames_removed
  File "/opt/airflow/dags/weather_pipeline_dag.py", line 10, in <module>
    from utils.data_quality import validate_weather
  File "/opt/airflow/dags/utils/data_quality.py", line 1, in <module>
    import great_expectations as ge
ModuleNotFoundError: No module named 'great_expectations'
[2026-02-13T14:00:00.426+0000] {processor.py:927} WARNING - No viable dags retrieved from /opt/airflow/dags/weather_pipeline_dag.py
[2026-02-13T14:00:00.473+0000] {processor.py:208} INFO - Processing /opt/airflow/dags/weather_pipeline_dag.py took 1.231 seconds
[2026-02-13T14:00:30.831+0000] {processor.py:186} INFO - Started process (PID=637) to work on /opt/airflow/dags/weather_pipeline_dag.py
[2026-02-13T14:00:30.834+0000] {processor.py:914} INFO - Processing file /opt/airflow/dags/weather_pipeline_dag.py for tasks to queue
[2026-02-13T14:00:30.842+0000] {logging_mixin.py:190} INFO - [2026-02-13T14:00:30.840+0000] {dagbag.py:588} INFO - Filling up the DagBag from /opt/airflow/dags/weather_pipeline_dag.py
[2026-02-13T14:00:32.111+0000] {logging_mixin.py:190} INFO - [2026-02-13T14:00:32.095+0000] {dagbag.py:387} ERROR - Failed to import: /opt/airflow/dags/weather_pipeline_dag.py
Traceback (most recent call last):
  File "/home/airflow/.local/lib/python3.10/site-packages/airflow/models/dagbag.py", line 383, in parse
    loader.exec_module(new_module)
  File "<frozen importlib._bootstrap_external>", line 883, in exec_module
  File "<frozen importlib._bootstrap>", line 241, in _call_with_frames_removed
  File "/opt/airflow/dags/weather_pipeline_dag.py", line 10, in <module>
    from utils.data_quality import validate_weather
  File "/opt/airflow/dags/utils/data_quality.py", line 1, in <module>
    import great_expectations as ge
ModuleNotFoundError: No module named 'great_expectations'
[2026-02-13T14:00:32.116+0000] {processor.py:927} WARNING - No viable dags retrieved from /opt/airflow/dags/weather_pipeline_dag.py
[2026-02-13T14:00:32.158+0000] {processor.py:208} INFO - Processing /opt/airflow/dags/weather_pipeline_dag.py took 1.345 seconds
[2026-02-13T14:01:02.823+0000] {processor.py:186} INFO - Started process (PID=643) to work on /opt/airflow/dags/weather_pipeline_dag.py
[2026-02-13T14:01:02.827+0000] {processor.py:914} INFO - Processing file /opt/airflow/dags/weather_pipeline_dag.py for tasks to queue
[2026-02-13T14:01:02.833+0000] {logging_mixin.py:190} INFO - [2026-02-13T14:01:02.832+0000] {dagbag.py:588} INFO - Filling up the DagBag from /opt/airflow/dags/weather_pipeline_dag.py
[2026-02-13T14:01:04.051+0000] {logging_mixin.py:190} INFO - [2026-02-13T14:01:04.033+0000] {dagbag.py:387} ERROR - Failed to import: /opt/airflow/dags/weather_pipeline_dag.py
Traceback (most recent call last):
  File "/home/airflow/.local/lib/python3.10/site-packages/airflow/models/dagbag.py", line 383, in parse
    loader.exec_module(new_module)
  File "<frozen importlib._bootstrap_external>", line 883, in exec_module
  File "<frozen importlib._bootstrap>", line 241, in _call_with_frames_removed
  File "/opt/airflow/dags/weather_pipeline_dag.py", line 10, in <module>
    from utils.data_quality import validate_weather
  File "/opt/airflow/dags/utils/data_quality.py", line 1, in <module>
    import great_expectations as ge
ModuleNotFoundError: No module named 'great_expectations'
[2026-02-13T14:01:04.058+0000] {processor.py:927} WARNING - No viable dags retrieved from /opt/airflow/dags/weather_pipeline_dag.py
[2026-02-13T14:01:04.115+0000] {processor.py:208} INFO - Processing /opt/airflow/dags/weather_pipeline_dag.py took 1.305 seconds
[2026-02-13T14:01:34.469+0000] {processor.py:186} INFO - Started process (PID=649) to work on /opt/airflow/dags/weather_pipeline_dag.py
[2026-02-13T14:01:34.473+0000] {processor.py:914} INFO - Processing file /opt/airflow/dags/weather_pipeline_dag.py for tasks to queue
[2026-02-13T14:01:34.480+0000] {logging_mixin.py:190} INFO - [2026-02-13T14:01:34.480+0000] {dagbag.py:588} INFO - Filling up the DagBag from /opt/airflow/dags/weather_pipeline_dag.py
[2026-02-13T14:01:35.566+0000] {logging_mixin.py:190} INFO - [2026-02-13T14:01:35.549+0000] {dagbag.py:387} ERROR - Failed to import: /opt/airflow/dags/weather_pipeline_dag.py
Traceback (most recent call last):
  File "/home/airflow/.local/lib/python3.10/site-packages/airflow/models/dagbag.py", line 383, in parse
    loader.exec_module(new_module)
  File "<frozen importlib._bootstrap_external>", line 883, in exec_module
  File "<frozen importlib._bootstrap>", line 241, in _call_with_frames_removed
  File "/opt/airflow/dags/weather_pipeline_dag.py", line 10, in <module>
    from utils.data_quality import validate_weather
  File "/opt/airflow/dags/utils/data_quality.py", line 1, in <module>
    import great_expectations as ge
ModuleNotFoundError: No module named 'great_expectations'
[2026-02-13T14:01:35.571+0000] {processor.py:927} WARNING - No viable dags retrieved from /opt/airflow/dags/weather_pipeline_dag.py
[2026-02-13T14:01:35.618+0000] {processor.py:208} INFO - Processing /opt/airflow/dags/weather_pipeline_dag.py took 1.169 seconds
[2026-02-13T14:02:06.046+0000] {processor.py:186} INFO - Started process (PID=655) to work on /opt/airflow/dags/weather_pipeline_dag.py
[2026-02-13T14:02:06.048+0000] {processor.py:914} INFO - Processing file /opt/airflow/dags/weather_pipeline_dag.py for tasks to queue
[2026-02-13T14:02:06.055+0000] {logging_mixin.py:190} INFO - [2026-02-13T14:02:06.054+0000] {dagbag.py:588} INFO - Filling up the DagBag from /opt/airflow/dags/weather_pipeline_dag.py
[2026-02-13T14:02:07.128+0000] {logging_mixin.py:190} INFO - [2026-02-13T14:02:07.109+0000] {dagbag.py:387} ERROR - Failed to import: /opt/airflow/dags/weather_pipeline_dag.py
Traceback (most recent call last):
  File "/home/airflow/.local/lib/python3.10/site-packages/airflow/models/dagbag.py", line 383, in parse
    loader.exec_module(new_module)
  File "<frozen importlib._bootstrap_external>", line 883, in exec_module
  File "<frozen importlib._bootstrap>", line 241, in _call_with_frames_removed
  File "/opt/airflow/dags/weather_pipeline_dag.py", line 10, in <module>
    from utils.data_quality import validate_weather
  File "/opt/airflow/dags/utils/data_quality.py", line 1, in <module>
    import great_expectations as ge
ModuleNotFoundError: No module named 'great_expectations'
[2026-02-13T14:02:07.135+0000] {processor.py:927} WARNING - No viable dags retrieved from /opt/airflow/dags/weather_pipeline_dag.py
[2026-02-13T14:02:07.176+0000] {processor.py:208} INFO - Processing /opt/airflow/dags/weather_pipeline_dag.py took 1.145 seconds
[2026-02-13T14:02:38.212+0000] {processor.py:186} INFO - Started process (PID=661) to work on /opt/airflow/dags/weather_pipeline_dag.py
[2026-02-13T14:02:38.215+0000] {processor.py:914} INFO - Processing file /opt/airflow/dags/weather_pipeline_dag.py for tasks to queue
[2026-02-13T14:02:38.220+0000] {logging_mixin.py:190} INFO - [2026-02-13T14:02:38.220+0000] {dagbag.py:588} INFO - Filling up the DagBag from /opt/airflow/dags/weather_pipeline_dag.py
[2026-02-13T14:02:39.463+0000] {logging_mixin.py:190} INFO - [2026-02-13T14:02:39.427+0000] {dagbag.py:387} ERROR - Failed to import: /opt/airflow/dags/weather_pipeline_dag.py
Traceback (most recent call last):
  File "/home/airflow/.local/lib/python3.10/site-packages/airflow/models/dagbag.py", line 383, in parse
    loader.exec_module(new_module)
  File "<frozen importlib._bootstrap_external>", line 883, in exec_module
  File "<frozen importlib._bootstrap>", line 241, in _call_with_frames_removed
  File "/opt/airflow/dags/weather_pipeline_dag.py", line 10, in <module>
    from utils.data_quality import validate_weather
  File "/opt/airflow/dags/utils/data_quality.py", line 1, in <module>
    import great_expectations as ge
ModuleNotFoundError: No module named 'great_expectations'
[2026-02-13T14:02:39.472+0000] {processor.py:927} WARNING - No viable dags retrieved from /opt/airflow/dags/weather_pipeline_dag.py
[2026-02-13T14:02:39.526+0000] {processor.py:208} INFO - Processing /opt/airflow/dags/weather_pipeline_dag.py took 1.328 seconds
[2026-02-13T14:03:09.916+0000] {processor.py:186} INFO - Started process (PID=667) to work on /opt/airflow/dags/weather_pipeline_dag.py
[2026-02-13T14:03:09.919+0000] {processor.py:914} INFO - Processing file /opt/airflow/dags/weather_pipeline_dag.py for tasks to queue
[2026-02-13T14:03:09.928+0000] {logging_mixin.py:190} INFO - [2026-02-13T14:03:09.927+0000] {dagbag.py:588} INFO - Filling up the DagBag from /opt/airflow/dags/weather_pipeline_dag.py
[2026-02-13T14:03:11.070+0000] {logging_mixin.py:190} INFO - [2026-02-13T14:03:11.056+0000] {dagbag.py:387} ERROR - Failed to import: /opt/airflow/dags/weather_pipeline_dag.py
Traceback (most recent call last):
  File "/home/airflow/.local/lib/python3.10/site-packages/airflow/models/dagbag.py", line 383, in parse
    loader.exec_module(new_module)
  File "<frozen importlib._bootstrap_external>", line 883, in exec_module
  File "<frozen importlib._bootstrap>", line 241, in _call_with_frames_removed
  File "/opt/airflow/dags/weather_pipeline_dag.py", line 10, in <module>
    from utils.data_quality import validate_weather
  File "/opt/airflow/dags/utils/data_quality.py", line 1, in <module>
    import great_expectations as ge
ModuleNotFoundError: No module named 'great_expectations'
[2026-02-13T14:03:11.078+0000] {processor.py:927} WARNING - No viable dags retrieved from /opt/airflow/dags/weather_pipeline_dag.py
[2026-02-13T14:03:11.123+0000] {processor.py:208} INFO - Processing /opt/airflow/dags/weather_pipeline_dag.py took 1.222 seconds
[2026-02-13T14:03:41.443+0000] {processor.py:186} INFO - Started process (PID=673) to work on /opt/airflow/dags/weather_pipeline_dag.py
[2026-02-13T14:03:41.448+0000] {processor.py:914} INFO - Processing file /opt/airflow/dags/weather_pipeline_dag.py for tasks to queue
[2026-02-13T14:03:41.456+0000] {logging_mixin.py:190} INFO - [2026-02-13T14:03:41.455+0000] {dagbag.py:588} INFO - Filling up the DagBag from /opt/airflow/dags/weather_pipeline_dag.py
[2026-02-13T14:03:42.447+0000] {logging_mixin.py:190} INFO - [2026-02-13T14:03:42.432+0000] {dagbag.py:387} ERROR - Failed to import: /opt/airflow/dags/weather_pipeline_dag.py
Traceback (most recent call last):
  File "/home/airflow/.local/lib/python3.10/site-packages/airflow/models/dagbag.py", line 383, in parse
    loader.exec_module(new_module)
  File "<frozen importlib._bootstrap_external>", line 883, in exec_module
  File "<frozen importlib._bootstrap>", line 241, in _call_with_frames_removed
  File "/opt/airflow/dags/weather_pipeline_dag.py", line 10, in <module>
    from utils.data_quality import validate_weather
  File "/opt/airflow/dags/utils/data_quality.py", line 1, in <module>
    import great_expectations as ge
ModuleNotFoundError: No module named 'great_expectations'
[2026-02-13T14:03:42.453+0000] {processor.py:927} WARNING - No viable dags retrieved from /opt/airflow/dags/weather_pipeline_dag.py
[2026-02-13T14:03:42.497+0000] {processor.py:208} INFO - Processing /opt/airflow/dags/weather_pipeline_dag.py took 1.078 seconds
[2026-02-13T14:04:13.066+0000] {processor.py:186} INFO - Started process (PID=679) to work on /opt/airflow/dags/weather_pipeline_dag.py
[2026-02-13T14:04:13.069+0000] {processor.py:914} INFO - Processing file /opt/airflow/dags/weather_pipeline_dag.py for tasks to queue
[2026-02-13T14:04:13.075+0000] {logging_mixin.py:190} INFO - [2026-02-13T14:04:13.074+0000] {dagbag.py:588} INFO - Filling up the DagBag from /opt/airflow/dags/weather_pipeline_dag.py
[2026-02-13T14:04:14.152+0000] {logging_mixin.py:190} INFO - [2026-02-13T14:04:14.133+0000] {dagbag.py:387} ERROR - Failed to import: /opt/airflow/dags/weather_pipeline_dag.py
Traceback (most recent call last):
  File "/home/airflow/.local/lib/python3.10/site-packages/airflow/models/dagbag.py", line 383, in parse
    loader.exec_module(new_module)
  File "<frozen importlib._bootstrap_external>", line 883, in exec_module
  File "<frozen importlib._bootstrap>", line 241, in _call_with_frames_removed
  File "/opt/airflow/dags/weather_pipeline_dag.py", line 10, in <module>
    from utils.data_quality import validate_weather
  File "/opt/airflow/dags/utils/data_quality.py", line 1, in <module>
    import great_expectations as ge
ModuleNotFoundError: No module named 'great_expectations'
[2026-02-13T14:04:14.158+0000] {processor.py:927} WARNING - No viable dags retrieved from /opt/airflow/dags/weather_pipeline_dag.py
[2026-02-13T14:04:14.202+0000] {processor.py:208} INFO - Processing /opt/airflow/dags/weather_pipeline_dag.py took 1.153 seconds
[2026-02-13T14:04:45.209+0000] {processor.py:186} INFO - Started process (PID=685) to work on /opt/airflow/dags/weather_pipeline_dag.py
[2026-02-13T14:04:45.212+0000] {processor.py:914} INFO - Processing file /opt/airflow/dags/weather_pipeline_dag.py for tasks to queue
[2026-02-13T14:04:45.217+0000] {logging_mixin.py:190} INFO - [2026-02-13T14:04:45.216+0000] {dagbag.py:588} INFO - Filling up the DagBag from /opt/airflow/dags/weather_pipeline_dag.py
[2026-02-13T14:04:46.249+0000] {logging_mixin.py:190} INFO - [2026-02-13T14:04:46.232+0000] {dagbag.py:387} ERROR - Failed to import: /opt/airflow/dags/weather_pipeline_dag.py
Traceback (most recent call last):
  File "/home/airflow/.local/lib/python3.10/site-packages/airflow/models/dagbag.py", line 383, in parse
    loader.exec_module(new_module)
  File "<frozen importlib._bootstrap_external>", line 883, in exec_module
  File "<frozen importlib._bootstrap>", line 241, in _call_with_frames_removed
  File "/opt/airflow/dags/weather_pipeline_dag.py", line 10, in <module>
    from utils.data_quality import validate_weather
  File "/opt/airflow/dags/utils/data_quality.py", line 1, in <module>
    import great_expectations as ge
ModuleNotFoundError: No module named 'great_expectations'
[2026-02-13T14:04:46.255+0000] {processor.py:927} WARNING - No viable dags retrieved from /opt/airflow/dags/weather_pipeline_dag.py
[2026-02-13T14:04:46.298+0000] {processor.py:208} INFO - Processing /opt/airflow/dags/weather_pipeline_dag.py took 1.102 seconds
[2026-02-13T14:05:16.807+0000] {processor.py:186} INFO - Started process (PID=691) to work on /opt/airflow/dags/weather_pipeline_dag.py
[2026-02-13T14:05:16.810+0000] {processor.py:914} INFO - Processing file /opt/airflow/dags/weather_pipeline_dag.py for tasks to queue
[2026-02-13T14:05:16.817+0000] {logging_mixin.py:190} INFO - [2026-02-13T14:05:16.816+0000] {dagbag.py:588} INFO - Filling up the DagBag from /opt/airflow/dags/weather_pipeline_dag.py
[2026-02-13T14:05:18.124+0000] {logging_mixin.py:190} INFO - [2026-02-13T14:05:18.108+0000] {dagbag.py:387} ERROR - Failed to import: /opt/airflow/dags/weather_pipeline_dag.py
Traceback (most recent call last):
  File "/home/airflow/.local/lib/python3.10/site-packages/airflow/models/dagbag.py", line 383, in parse
    loader.exec_module(new_module)
  File "<frozen importlib._bootstrap_external>", line 883, in exec_module
  File "<frozen importlib._bootstrap>", line 241, in _call_with_frames_removed
  File "/opt/airflow/dags/weather_pipeline_dag.py", line 10, in <module>
    from utils.data_quality import validate_weather
  File "/opt/airflow/dags/utils/data_quality.py", line 1, in <module>
    import great_expectations as ge
ModuleNotFoundError: No module named 'great_expectations'
[2026-02-13T14:05:18.129+0000] {processor.py:927} WARNING - No viable dags retrieved from /opt/airflow/dags/weather_pipeline_dag.py
[2026-02-13T14:05:18.172+0000] {processor.py:208} INFO - Processing /opt/airflow/dags/weather_pipeline_dag.py took 1.387 seconds
[2026-02-13T14:05:48.437+0000] {processor.py:186} INFO - Started process (PID=697) to work on /opt/airflow/dags/weather_pipeline_dag.py
[2026-02-13T14:05:48.440+0000] {processor.py:914} INFO - Processing file /opt/airflow/dags/weather_pipeline_dag.py for tasks to queue
[2026-02-13T14:05:48.445+0000] {logging_mixin.py:190} INFO - [2026-02-13T14:05:48.445+0000] {dagbag.py:588} INFO - Filling up the DagBag from /opt/airflow/dags/weather_pipeline_dag.py
[2026-02-13T14:05:49.626+0000] {logging_mixin.py:190} INFO - [2026-02-13T14:05:49.605+0000] {dagbag.py:387} ERROR - Failed to import: /opt/airflow/dags/weather_pipeline_dag.py
Traceback (most recent call last):
  File "/home/airflow/.local/lib/python3.10/site-packages/airflow/models/dagbag.py", line 383, in parse
    loader.exec_module(new_module)
  File "<frozen importlib._bootstrap_external>", line 883, in exec_module
  File "<frozen importlib._bootstrap>", line 241, in _call_with_frames_removed
  File "/opt/airflow/dags/weather_pipeline_dag.py", line 10, in <module>
    from utils.data_quality import validate_weather
  File "/opt/airflow/dags/utils/data_quality.py", line 1, in <module>
    import great_expectations as ge
ModuleNotFoundError: No module named 'great_expectations'
[2026-02-13T14:05:49.634+0000] {processor.py:927} WARNING - No viable dags retrieved from /opt/airflow/dags/weather_pipeline_dag.py
[2026-02-13T14:05:49.688+0000] {processor.py:208} INFO - Processing /opt/airflow/dags/weather_pipeline_dag.py took 1.267 seconds
[2026-02-13T14:06:20.388+0000] {processor.py:186} INFO - Started process (PID=703) to work on /opt/airflow/dags/weather_pipeline_dag.py
[2026-02-13T14:06:20.390+0000] {processor.py:914} INFO - Processing file /opt/airflow/dags/weather_pipeline_dag.py for tasks to queue
[2026-02-13T14:06:20.396+0000] {logging_mixin.py:190} INFO - [2026-02-13T14:06:20.395+0000] {dagbag.py:588} INFO - Filling up the DagBag from /opt/airflow/dags/weather_pipeline_dag.py
[2026-02-13T14:06:21.583+0000] {logging_mixin.py:190} INFO - [2026-02-13T14:06:21.569+0000] {dagbag.py:387} ERROR - Failed to import: /opt/airflow/dags/weather_pipeline_dag.py
Traceback (most recent call last):
  File "/home/airflow/.local/lib/python3.10/site-packages/airflow/models/dagbag.py", line 383, in parse
    loader.exec_module(new_module)
  File "<frozen importlib._bootstrap_external>", line 883, in exec_module
  File "<frozen importlib._bootstrap>", line 241, in _call_with_frames_removed
  File "/opt/airflow/dags/weather_pipeline_dag.py", line 10, in <module>
    from utils.data_quality import validate_weather
  File "/opt/airflow/dags/utils/data_quality.py", line 1, in <module>
    import great_expectations as ge
ModuleNotFoundError: No module named 'great_expectations'
[2026-02-13T14:06:21.589+0000] {processor.py:927} WARNING - No viable dags retrieved from /opt/airflow/dags/weather_pipeline_dag.py
[2026-02-13T14:06:21.624+0000] {processor.py:208} INFO - Processing /opt/airflow/dags/weather_pipeline_dag.py took 1.249 seconds
[2026-02-13T14:06:52.134+0000] {processor.py:186} INFO - Started process (PID=709) to work on /opt/airflow/dags/weather_pipeline_dag.py
[2026-02-13T14:06:52.137+0000] {processor.py:914} INFO - Processing file /opt/airflow/dags/weather_pipeline_dag.py for tasks to queue
[2026-02-13T14:06:52.142+0000] {logging_mixin.py:190} INFO - [2026-02-13T14:06:52.142+0000] {dagbag.py:588} INFO - Filling up the DagBag from /opt/airflow/dags/weather_pipeline_dag.py
[2026-02-13T14:06:53.044+0000] {logging_mixin.py:190} INFO - [2026-02-13T14:06:53.029+0000] {dagbag.py:387} ERROR - Failed to import: /opt/airflow/dags/weather_pipeline_dag.py
Traceback (most recent call last):
  File "/home/airflow/.local/lib/python3.10/site-packages/airflow/models/dagbag.py", line 383, in parse
    loader.exec_module(new_module)
  File "<frozen importlib._bootstrap_external>", line 883, in exec_module
  File "<frozen importlib._bootstrap>", line 241, in _call_with_frames_removed
  File "/opt/airflow/dags/weather_pipeline_dag.py", line 10, in <module>
    from utils.data_quality import validate_weather
  File "/opt/airflow/dags/utils/data_quality.py", line 1, in <module>
    import great_expectations as ge
ModuleNotFoundError: No module named 'great_expectations'
[2026-02-13T14:06:53.049+0000] {processor.py:927} WARNING - No viable dags retrieved from /opt/airflow/dags/weather_pipeline_dag.py
[2026-02-13T14:06:53.085+0000] {processor.py:208} INFO - Processing /opt/airflow/dags/weather_pipeline_dag.py took 0.977 seconds
[2026-02-13T14:07:23.563+0000] {processor.py:186} INFO - Started process (PID=715) to work on /opt/airflow/dags/weather_pipeline_dag.py
[2026-02-13T14:07:23.565+0000] {processor.py:914} INFO - Processing file /opt/airflow/dags/weather_pipeline_dag.py for tasks to queue
[2026-02-13T14:07:23.570+0000] {logging_mixin.py:190} INFO - [2026-02-13T14:07:23.569+0000] {dagbag.py:588} INFO - Filling up the DagBag from /opt/airflow/dags/weather_pipeline_dag.py
[2026-02-13T14:07:24.469+0000] {logging_mixin.py:190} INFO - [2026-02-13T14:07:24.447+0000] {dagbag.py:387} ERROR - Failed to import: /opt/airflow/dags/weather_pipeline_dag.py
Traceback (most recent call last):
  File "/home/airflow/.local/lib/python3.10/site-packages/airflow/models/dagbag.py", line 383, in parse
    loader.exec_module(new_module)
  File "<frozen importlib._bootstrap_external>", line 883, in exec_module
  File "<frozen importlib._bootstrap>", line 241, in _call_with_frames_removed
  File "/opt/airflow/dags/weather_pipeline_dag.py", line 10, in <module>
    from utils.data_quality import validate_weather
  File "/opt/airflow/dags/utils/data_quality.py", line 1, in <module>
    import great_expectations as ge
ModuleNotFoundError: No module named 'great_expectations'
[2026-02-13T14:07:24.477+0000] {processor.py:927} WARNING - No viable dags retrieved from /opt/airflow/dags/weather_pipeline_dag.py
[2026-02-13T14:07:24.516+0000] {processor.py:208} INFO - Processing /opt/airflow/dags/weather_pipeline_dag.py took 0.965 seconds
[2026-02-13T14:07:55.128+0000] {processor.py:186} INFO - Started process (PID=721) to work on /opt/airflow/dags/weather_pipeline_dag.py
[2026-02-13T14:07:55.131+0000] {processor.py:914} INFO - Processing file /opt/airflow/dags/weather_pipeline_dag.py for tasks to queue
[2026-02-13T14:07:55.135+0000] {logging_mixin.py:190} INFO - [2026-02-13T14:07:55.135+0000] {dagbag.py:588} INFO - Filling up the DagBag from /opt/airflow/dags/weather_pipeline_dag.py
[2026-02-13T14:07:56.187+0000] {logging_mixin.py:190} INFO - [2026-02-13T14:07:56.170+0000] {dagbag.py:387} ERROR - Failed to import: /opt/airflow/dags/weather_pipeline_dag.py
Traceback (most recent call last):
  File "/home/airflow/.local/lib/python3.10/site-packages/airflow/models/dagbag.py", line 383, in parse
    loader.exec_module(new_module)
  File "<frozen importlib._bootstrap_external>", line 883, in exec_module
  File "<frozen importlib._bootstrap>", line 241, in _call_with_frames_removed
  File "/opt/airflow/dags/weather_pipeline_dag.py", line 10, in <module>
    from utils.data_quality import validate_weather
  File "/opt/airflow/dags/utils/data_quality.py", line 1, in <module>
    import great_expectations as ge
ModuleNotFoundError: No module named 'great_expectations'
[2026-02-13T14:07:56.194+0000] {processor.py:927} WARNING - No viable dags retrieved from /opt/airflow/dags/weather_pipeline_dag.py
[2026-02-13T14:07:56.234+0000] {processor.py:208} INFO - Processing /opt/airflow/dags/weather_pipeline_dag.py took 1.119 seconds
[2026-02-13T14:08:26.813+0000] {processor.py:186} INFO - Started process (PID=727) to work on /opt/airflow/dags/weather_pipeline_dag.py
[2026-02-13T14:08:26.816+0000] {processor.py:914} INFO - Processing file /opt/airflow/dags/weather_pipeline_dag.py for tasks to queue
[2026-02-13T14:08:26.823+0000] {logging_mixin.py:190} INFO - [2026-02-13T14:08:26.822+0000] {dagbag.py:588} INFO - Filling up the DagBag from /opt/airflow/dags/weather_pipeline_dag.py
[2026-02-13T14:08:28.135+0000] {logging_mixin.py:190} INFO - [2026-02-13T14:08:28.117+0000] {dagbag.py:387} ERROR - Failed to import: /opt/airflow/dags/weather_pipeline_dag.py
Traceback (most recent call last):
  File "/home/airflow/.local/lib/python3.10/site-packages/airflow/models/dagbag.py", line 383, in parse
    loader.exec_module(new_module)
  File "<frozen importlib._bootstrap_external>", line 883, in exec_module
  File "<frozen importlib._bootstrap>", line 241, in _call_with_frames_removed
  File "/opt/airflow/dags/weather_pipeline_dag.py", line 10, in <module>
    from utils.data_quality import validate_weather
  File "/opt/airflow/dags/utils/data_quality.py", line 1, in <module>
    import great_expectations as ge
ModuleNotFoundError: No module named 'great_expectations'
[2026-02-13T14:08:28.142+0000] {processor.py:927} WARNING - No viable dags retrieved from /opt/airflow/dags/weather_pipeline_dag.py
[2026-02-13T14:08:28.188+0000] {processor.py:208} INFO - Processing /opt/airflow/dags/weather_pipeline_dag.py took 1.393 seconds
[2026-02-13T14:08:58.519+0000] {processor.py:186} INFO - Started process (PID=733) to work on /opt/airflow/dags/weather_pipeline_dag.py
[2026-02-13T14:08:58.521+0000] {processor.py:914} INFO - Processing file /opt/airflow/dags/weather_pipeline_dag.py for tasks to queue
[2026-02-13T14:08:58.527+0000] {logging_mixin.py:190} INFO - [2026-02-13T14:08:58.526+0000] {dagbag.py:588} INFO - Filling up the DagBag from /opt/airflow/dags/weather_pipeline_dag.py
[2026-02-13T14:09:00.025+0000] {logging_mixin.py:190} INFO - [2026-02-13T14:09:00.004+0000] {dagbag.py:387} ERROR - Failed to import: /opt/airflow/dags/weather_pipeline_dag.py
Traceback (most recent call last):
  File "/home/airflow/.local/lib/python3.10/site-packages/airflow/models/dagbag.py", line 383, in parse
    loader.exec_module(new_module)
  File "<frozen importlib._bootstrap_external>", line 883, in exec_module
  File "<frozen importlib._bootstrap>", line 241, in _call_with_frames_removed
  File "/opt/airflow/dags/weather_pipeline_dag.py", line 10, in <module>
    from utils.data_quality import validate_weather
  File "/opt/airflow/dags/utils/data_quality.py", line 1, in <module>
    import great_expectations as ge
ModuleNotFoundError: No module named 'great_expectations'
[2026-02-13T14:09:00.034+0000] {processor.py:927} WARNING - No viable dags retrieved from /opt/airflow/dags/weather_pipeline_dag.py
[2026-02-13T14:09:00.100+0000] {processor.py:208} INFO - Processing /opt/airflow/dags/weather_pipeline_dag.py took 1.598 seconds
[2026-02-13T14:09:30.574+0000] {processor.py:186} INFO - Started process (PID=739) to work on /opt/airflow/dags/weather_pipeline_dag.py
[2026-02-13T14:09:30.577+0000] {processor.py:914} INFO - Processing file /opt/airflow/dags/weather_pipeline_dag.py for tasks to queue
[2026-02-13T14:09:30.583+0000] {logging_mixin.py:190} INFO - [2026-02-13T14:09:30.582+0000] {dagbag.py:588} INFO - Filling up the DagBag from /opt/airflow/dags/weather_pipeline_dag.py
[2026-02-13T14:09:31.812+0000] {logging_mixin.py:190} INFO - [2026-02-13T14:09:31.791+0000] {dagbag.py:387} ERROR - Failed to import: /opt/airflow/dags/weather_pipeline_dag.py
Traceback (most recent call last):
  File "/home/airflow/.local/lib/python3.10/site-packages/airflow/models/dagbag.py", line 383, in parse
    loader.exec_module(new_module)
  File "<frozen importlib._bootstrap_external>", line 883, in exec_module
  File "<frozen importlib._bootstrap>", line 241, in _call_with_frames_removed
  File "/opt/airflow/dags/weather_pipeline_dag.py", line 10, in <module>
    from utils.data_quality import validate_weather
  File "/opt/airflow/dags/utils/data_quality.py", line 1, in <module>
    import great_expectations as ge
ModuleNotFoundError: No module named 'great_expectations'
[2026-02-13T14:09:31.820+0000] {processor.py:927} WARNING - No viable dags retrieved from /opt/airflow/dags/weather_pipeline_dag.py
[2026-02-13T14:09:32.030+0000] {processor.py:208} INFO - Processing /opt/airflow/dags/weather_pipeline_dag.py took 1.471 seconds
[2026-02-13T14:10:03.122+0000] {processor.py:186} INFO - Started process (PID=745) to work on /opt/airflow/dags/weather_pipeline_dag.py
[2026-02-13T14:10:03.124+0000] {processor.py:914} INFO - Processing file /opt/airflow/dags/weather_pipeline_dag.py for tasks to queue
[2026-02-13T14:10:03.130+0000] {logging_mixin.py:190} INFO - [2026-02-13T14:10:03.129+0000] {dagbag.py:588} INFO - Filling up the DagBag from /opt/airflow/dags/weather_pipeline_dag.py
[2026-02-13T14:10:04.305+0000] {logging_mixin.py:190} INFO - [2026-02-13T14:10:04.280+0000] {dagbag.py:387} ERROR - Failed to import: /opt/airflow/dags/weather_pipeline_dag.py
Traceback (most recent call last):
  File "/home/airflow/.local/lib/python3.10/site-packages/airflow/models/dagbag.py", line 383, in parse
    loader.exec_module(new_module)
  File "<frozen importlib._bootstrap_external>", line 883, in exec_module
  File "<frozen importlib._bootstrap>", line 241, in _call_with_frames_removed
  File "/opt/airflow/dags/weather_pipeline_dag.py", line 10, in <module>
    from utils.data_quality import validate_weather
  File "/opt/airflow/dags/utils/data_quality.py", line 1, in <module>
    import great_expectations as ge
ModuleNotFoundError: No module named 'great_expectations'
[2026-02-13T14:10:04.313+0000] {processor.py:927} WARNING - No viable dags retrieved from /opt/airflow/dags/weather_pipeline_dag.py
[2026-02-13T14:10:04.387+0000] {processor.py:208} INFO - Processing /opt/airflow/dags/weather_pipeline_dag.py took 1.283 seconds
[2026-02-13T14:10:34.799+0000] {processor.py:186} INFO - Started process (PID=751) to work on /opt/airflow/dags/weather_pipeline_dag.py
[2026-02-13T14:10:34.802+0000] {processor.py:914} INFO - Processing file /opt/airflow/dags/weather_pipeline_dag.py for tasks to queue
[2026-02-13T14:10:34.809+0000] {logging_mixin.py:190} INFO - [2026-02-13T14:10:34.809+0000] {dagbag.py:588} INFO - Filling up the DagBag from /opt/airflow/dags/weather_pipeline_dag.py
[2026-02-13T14:10:35.935+0000] {logging_mixin.py:190} INFO - [2026-02-13T14:10:35.918+0000] {dagbag.py:387} ERROR - Failed to import: /opt/airflow/dags/weather_pipeline_dag.py
Traceback (most recent call last):
  File "/home/airflow/.local/lib/python3.10/site-packages/airflow/models/dagbag.py", line 383, in parse
    loader.exec_module(new_module)
  File "<frozen importlib._bootstrap_external>", line 883, in exec_module
  File "<frozen importlib._bootstrap>", line 241, in _call_with_frames_removed
  File "/opt/airflow/dags/weather_pipeline_dag.py", line 10, in <module>
    from utils.data_quality import validate_weather
  File "/opt/airflow/dags/utils/data_quality.py", line 1, in <module>
    import great_expectations as ge
ModuleNotFoundError: No module named 'great_expectations'
[2026-02-13T14:10:35.942+0000] {processor.py:927} WARNING - No viable dags retrieved from /opt/airflow/dags/weather_pipeline_dag.py
[2026-02-13T14:10:35.983+0000] {processor.py:208} INFO - Processing /opt/airflow/dags/weather_pipeline_dag.py took 1.201 seconds
[2026-02-13T14:11:06.688+0000] {processor.py:186} INFO - Started process (PID=757) to work on /opt/airflow/dags/weather_pipeline_dag.py
[2026-02-13T14:11:06.691+0000] {processor.py:914} INFO - Processing file /opt/airflow/dags/weather_pipeline_dag.py for tasks to queue
[2026-02-13T14:11:06.698+0000] {logging_mixin.py:190} INFO - [2026-02-13T14:11:06.697+0000] {dagbag.py:588} INFO - Filling up the DagBag from /opt/airflow/dags/weather_pipeline_dag.py
[2026-02-13T14:11:07.501+0000] {logging_mixin.py:190} INFO - [2026-02-13T14:11:07.487+0000] {dagbag.py:387} ERROR - Failed to import: /opt/airflow/dags/weather_pipeline_dag.py
Traceback (most recent call last):
  File "/home/airflow/.local/lib/python3.10/site-packages/airflow/models/dagbag.py", line 383, in parse
    loader.exec_module(new_module)
  File "<frozen importlib._bootstrap_external>", line 883, in exec_module
  File "<frozen importlib._bootstrap>", line 241, in _call_with_frames_removed
  File "/opt/airflow/dags/weather_pipeline_dag.py", line 10, in <module>
    from utils.data_quality import validate_weather
  File "/opt/airflow/dags/utils/data_quality.py", line 1, in <module>
    import great_expectations as ge
ModuleNotFoundError: No module named 'great_expectations'
[2026-02-13T14:11:07.505+0000] {processor.py:927} WARNING - No viable dags retrieved from /opt/airflow/dags/weather_pipeline_dag.py
[2026-02-13T14:11:07.538+0000] {processor.py:208} INFO - Processing /opt/airflow/dags/weather_pipeline_dag.py took 0.866 seconds
[2026-02-13T14:11:38.122+0000] {processor.py:186} INFO - Started process (PID=763) to work on /opt/airflow/dags/weather_pipeline_dag.py
[2026-02-13T14:11:38.127+0000] {processor.py:914} INFO - Processing file /opt/airflow/dags/weather_pipeline_dag.py for tasks to queue
[2026-02-13T14:11:38.133+0000] {logging_mixin.py:190} INFO - [2026-02-13T14:11:38.132+0000] {dagbag.py:588} INFO - Filling up the DagBag from /opt/airflow/dags/weather_pipeline_dag.py
[2026-02-13T14:11:39.193+0000] {logging_mixin.py:190} INFO - [2026-02-13T14:11:39.178+0000] {dagbag.py:387} ERROR - Failed to import: /opt/airflow/dags/weather_pipeline_dag.py
Traceback (most recent call last):
  File "/home/airflow/.local/lib/python3.10/site-packages/airflow/models/dagbag.py", line 383, in parse
    loader.exec_module(new_module)
  File "<frozen importlib._bootstrap_external>", line 883, in exec_module
  File "<frozen importlib._bootstrap>", line 241, in _call_with_frames_removed
  File "/opt/airflow/dags/weather_pipeline_dag.py", line 10, in <module>
    from utils.data_quality import validate_weather
  File "/opt/airflow/dags/utils/data_quality.py", line 1, in <module>
    import great_expectations as ge
ModuleNotFoundError: No module named 'great_expectations'
[2026-02-13T14:11:39.199+0000] {processor.py:927} WARNING - No viable dags retrieved from /opt/airflow/dags/weather_pipeline_dag.py
[2026-02-13T14:11:39.240+0000] {processor.py:208} INFO - Processing /opt/airflow/dags/weather_pipeline_dag.py took 1.137 seconds
[2026-02-13T14:12:09.747+0000] {processor.py:186} INFO - Started process (PID=769) to work on /opt/airflow/dags/weather_pipeline_dag.py
[2026-02-13T14:12:09.753+0000] {processor.py:914} INFO - Processing file /opt/airflow/dags/weather_pipeline_dag.py for tasks to queue
[2026-02-13T14:12:09.768+0000] {logging_mixin.py:190} INFO - [2026-02-13T14:12:09.768+0000] {dagbag.py:588} INFO - Filling up the DagBag from /opt/airflow/dags/weather_pipeline_dag.py
[2026-02-13T14:12:11.106+0000] {logging_mixin.py:190} INFO - [2026-02-13T14:12:11.076+0000] {dagbag.py:387} ERROR - Failed to import: /opt/airflow/dags/weather_pipeline_dag.py
Traceback (most recent call last):
  File "/home/airflow/.local/lib/python3.10/site-packages/airflow/models/dagbag.py", line 383, in parse
    loader.exec_module(new_module)
  File "<frozen importlib._bootstrap_external>", line 883, in exec_module
  File "<frozen importlib._bootstrap>", line 241, in _call_with_frames_removed
  File "/opt/airflow/dags/weather_pipeline_dag.py", line 10, in <module>
    from utils.data_quality import validate_weather
  File "/opt/airflow/dags/utils/data_quality.py", line 1, in <module>
    import great_expectations as ge
ModuleNotFoundError: No module named 'great_expectations'
[2026-02-13T14:12:11.113+0000] {processor.py:927} WARNING - No viable dags retrieved from /opt/airflow/dags/weather_pipeline_dag.py
[2026-02-13T14:12:11.175+0000] {processor.py:208} INFO - Processing /opt/airflow/dags/weather_pipeline_dag.py took 1.290 seconds
[2026-02-13T14:12:41.787+0000] {processor.py:186} INFO - Started process (PID=775) to work on /opt/airflow/dags/weather_pipeline_dag.py
[2026-02-13T14:12:41.790+0000] {processor.py:914} INFO - Processing file /opt/airflow/dags/weather_pipeline_dag.py for tasks to queue
[2026-02-13T14:12:41.797+0000] {logging_mixin.py:190} INFO - [2026-02-13T14:12:41.796+0000] {dagbag.py:588} INFO - Filling up the DagBag from /opt/airflow/dags/weather_pipeline_dag.py
[2026-02-13T14:12:42.851+0000] {logging_mixin.py:190} INFO - [2026-02-13T14:12:42.834+0000] {dagbag.py:387} ERROR - Failed to import: /opt/airflow/dags/weather_pipeline_dag.py
Traceback (most recent call last):
  File "/home/airflow/.local/lib/python3.10/site-packages/airflow/models/dagbag.py", line 383, in parse
    loader.exec_module(new_module)
  File "<frozen importlib._bootstrap_external>", line 883, in exec_module
  File "<frozen importlib._bootstrap>", line 241, in _call_with_frames_removed
  File "/opt/airflow/dags/weather_pipeline_dag.py", line 10, in <module>
    from utils.data_quality import validate_weather
  File "/opt/airflow/dags/utils/data_quality.py", line 1, in <module>
    import great_expectations as ge
ModuleNotFoundError: No module named 'great_expectations'
[2026-02-13T14:12:42.858+0000] {processor.py:927} WARNING - No viable dags retrieved from /opt/airflow/dags/weather_pipeline_dag.py
[2026-02-13T14:12:42.901+0000] {processor.py:208} INFO - Processing /opt/airflow/dags/weather_pipeline_dag.py took 1.130 seconds
[2026-02-13T14:13:13.598+0000] {processor.py:186} INFO - Started process (PID=781) to work on /opt/airflow/dags/weather_pipeline_dag.py
[2026-02-13T14:13:13.600+0000] {processor.py:914} INFO - Processing file /opt/airflow/dags/weather_pipeline_dag.py for tasks to queue
[2026-02-13T14:13:13.604+0000] {logging_mixin.py:190} INFO - [2026-02-13T14:13:13.604+0000] {dagbag.py:588} INFO - Filling up the DagBag from /opt/airflow/dags/weather_pipeline_dag.py
[2026-02-13T14:13:14.560+0000] {logging_mixin.py:190} INFO - [2026-02-13T14:13:14.544+0000] {dagbag.py:387} ERROR - Failed to import: /opt/airflow/dags/weather_pipeline_dag.py
Traceback (most recent call last):
  File "/home/airflow/.local/lib/python3.10/site-packages/airflow/models/dagbag.py", line 383, in parse
    loader.exec_module(new_module)
  File "<frozen importlib._bootstrap_external>", line 883, in exec_module
  File "<frozen importlib._bootstrap>", line 241, in _call_with_frames_removed
  File "/opt/airflow/dags/weather_pipeline_dag.py", line 10, in <module>
    from utils.data_quality import validate_weather
  File "/opt/airflow/dags/utils/data_quality.py", line 1, in <module>
    import great_expectations as ge
ModuleNotFoundError: No module named 'great_expectations'
[2026-02-13T14:13:14.566+0000] {processor.py:927} WARNING - No viable dags retrieved from /opt/airflow/dags/weather_pipeline_dag.py
[2026-02-13T14:13:14.609+0000] {processor.py:208} INFO - Processing /opt/airflow/dags/weather_pipeline_dag.py took 1.019 seconds
[2026-02-13T14:13:45.387+0000] {processor.py:186} INFO - Started process (PID=787) to work on /opt/airflow/dags/weather_pipeline_dag.py
[2026-02-13T14:13:45.389+0000] {processor.py:914} INFO - Processing file /opt/airflow/dags/weather_pipeline_dag.py for tasks to queue
[2026-02-13T14:13:45.396+0000] {logging_mixin.py:190} INFO - [2026-02-13T14:13:45.395+0000] {dagbag.py:588} INFO - Filling up the DagBag from /opt/airflow/dags/weather_pipeline_dag.py
[2026-02-13T14:13:46.632+0000] {logging_mixin.py:190} INFO - [2026-02-13T14:13:46.610+0000] {dagbag.py:387} ERROR - Failed to import: /opt/airflow/dags/weather_pipeline_dag.py
Traceback (most recent call last):
  File "/home/airflow/.local/lib/python3.10/site-packages/airflow/models/dagbag.py", line 383, in parse
    loader.exec_module(new_module)
  File "<frozen importlib._bootstrap_external>", line 883, in exec_module
  File "<frozen importlib._bootstrap>", line 241, in _call_with_frames_removed
  File "/opt/airflow/dags/weather_pipeline_dag.py", line 10, in <module>
    from utils.data_quality import validate_weather
  File "/opt/airflow/dags/utils/data_quality.py", line 1, in <module>
    import great_expectations as ge
ModuleNotFoundError: No module named 'great_expectations'
[2026-02-13T14:13:46.641+0000] {processor.py:927} WARNING - No viable dags retrieved from /opt/airflow/dags/weather_pipeline_dag.py
[2026-02-13T14:13:46.703+0000] {processor.py:208} INFO - Processing /opt/airflow/dags/weather_pipeline_dag.py took 1.329 seconds
[2026-02-13T14:14:17.020+0000] {processor.py:186} INFO - Started process (PID=793) to work on /opt/airflow/dags/weather_pipeline_dag.py
[2026-02-13T14:14:17.022+0000] {processor.py:914} INFO - Processing file /opt/airflow/dags/weather_pipeline_dag.py for tasks to queue
[2026-02-13T14:14:17.030+0000] {logging_mixin.py:190} INFO - [2026-02-13T14:14:17.029+0000] {dagbag.py:588} INFO - Filling up the DagBag from /opt/airflow/dags/weather_pipeline_dag.py
[2026-02-13T14:14:18.097+0000] {logging_mixin.py:190} INFO - [2026-02-13T14:14:18.077+0000] {dagbag.py:387} ERROR - Failed to import: /opt/airflow/dags/weather_pipeline_dag.py
Traceback (most recent call last):
  File "/home/airflow/.local/lib/python3.10/site-packages/airflow/models/dagbag.py", line 383, in parse
    loader.exec_module(new_module)
  File "<frozen importlib._bootstrap_external>", line 883, in exec_module
  File "<frozen importlib._bootstrap>", line 241, in _call_with_frames_removed
  File "/opt/airflow/dags/weather_pipeline_dag.py", line 10, in <module>
    from utils.data_quality import validate_weather
  File "/opt/airflow/dags/utils/data_quality.py", line 1, in <module>
    import great_expectations as ge
ModuleNotFoundError: No module named 'great_expectations'
[2026-02-13T14:14:18.104+0000] {processor.py:927} WARNING - No viable dags retrieved from /opt/airflow/dags/weather_pipeline_dag.py
[2026-02-13T14:14:18.157+0000] {processor.py:208} INFO - Processing /opt/airflow/dags/weather_pipeline_dag.py took 1.149 seconds
[2026-02-13T14:14:49.155+0000] {processor.py:186} INFO - Started process (PID=799) to work on /opt/airflow/dags/weather_pipeline_dag.py
[2026-02-13T14:14:49.158+0000] {processor.py:914} INFO - Processing file /opt/airflow/dags/weather_pipeline_dag.py for tasks to queue
[2026-02-13T14:14:49.167+0000] {logging_mixin.py:190} INFO - [2026-02-13T14:14:49.166+0000] {dagbag.py:588} INFO - Filling up the DagBag from /opt/airflow/dags/weather_pipeline_dag.py
[2026-02-13T14:14:50.316+0000] {logging_mixin.py:190} INFO - [2026-02-13T14:14:50.301+0000] {dagbag.py:387} ERROR - Failed to import: /opt/airflow/dags/weather_pipeline_dag.py
Traceback (most recent call last):
  File "/home/airflow/.local/lib/python3.10/site-packages/airflow/models/dagbag.py", line 383, in parse
    loader.exec_module(new_module)
  File "<frozen importlib._bootstrap_external>", line 883, in exec_module
  File "<frozen importlib._bootstrap>", line 241, in _call_with_frames_removed
  File "/opt/airflow/dags/weather_pipeline_dag.py", line 10, in <module>
    from utils.data_quality import validate_weather
  File "/opt/airflow/dags/utils/data_quality.py", line 1, in <module>
    import great_expectations as ge
ModuleNotFoundError: No module named 'great_expectations'
[2026-02-13T14:14:50.322+0000] {processor.py:927} WARNING - No viable dags retrieved from /opt/airflow/dags/weather_pipeline_dag.py
[2026-02-13T14:14:50.370+0000] {processor.py:208} INFO - Processing /opt/airflow/dags/weather_pipeline_dag.py took 1.228 seconds
[2026-02-13T14:15:20.793+0000] {processor.py:186} INFO - Started process (PID=805) to work on /opt/airflow/dags/weather_pipeline_dag.py
[2026-02-13T14:15:20.796+0000] {processor.py:914} INFO - Processing file /opt/airflow/dags/weather_pipeline_dag.py for tasks to queue
[2026-02-13T14:15:20.803+0000] {logging_mixin.py:190} INFO - [2026-02-13T14:15:20.802+0000] {dagbag.py:588} INFO - Filling up the DagBag from /opt/airflow/dags/weather_pipeline_dag.py
[2026-02-13T14:15:21.946+0000] {logging_mixin.py:190} INFO - [2026-02-13T14:15:21.930+0000] {dagbag.py:387} ERROR - Failed to import: /opt/airflow/dags/weather_pipeline_dag.py
Traceback (most recent call last):
  File "/home/airflow/.local/lib/python3.10/site-packages/airflow/models/dagbag.py", line 383, in parse
    loader.exec_module(new_module)
  File "<frozen importlib._bootstrap_external>", line 883, in exec_module
  File "<frozen importlib._bootstrap>", line 241, in _call_with_frames_removed
  File "/opt/airflow/dags/weather_pipeline_dag.py", line 10, in <module>
    from utils.data_quality import validate_weather
  File "/opt/airflow/dags/utils/data_quality.py", line 1, in <module>
    import great_expectations as ge
ModuleNotFoundError: No module named 'great_expectations'
[2026-02-13T14:15:21.951+0000] {processor.py:927} WARNING - No viable dags retrieved from /opt/airflow/dags/weather_pipeline_dag.py
[2026-02-13T14:15:22.001+0000] {processor.py:208} INFO - Processing /opt/airflow/dags/weather_pipeline_dag.py took 1.229 seconds
[2026-02-13T14:15:52.860+0000] {processor.py:186} INFO - Started process (PID=811) to work on /opt/airflow/dags/weather_pipeline_dag.py
[2026-02-13T14:15:52.865+0000] {processor.py:914} INFO - Processing file /opt/airflow/dags/weather_pipeline_dag.py for tasks to queue
[2026-02-13T14:15:52.874+0000] {logging_mixin.py:190} INFO - [2026-02-13T14:15:52.873+0000] {dagbag.py:588} INFO - Filling up the DagBag from /opt/airflow/dags/weather_pipeline_dag.py
[2026-02-13T14:15:54.238+0000] {logging_mixin.py:190} INFO - [2026-02-13T14:15:54.219+0000] {dagbag.py:387} ERROR - Failed to import: /opt/airflow/dags/weather_pipeline_dag.py
Traceback (most recent call last):
  File "/home/airflow/.local/lib/python3.10/site-packages/airflow/models/dagbag.py", line 383, in parse
    loader.exec_module(new_module)
  File "<frozen importlib._bootstrap_external>", line 883, in exec_module
  File "<frozen importlib._bootstrap>", line 241, in _call_with_frames_removed
  File "/opt/airflow/dags/weather_pipeline_dag.py", line 10, in <module>
    from utils.data_quality import validate_weather
  File "/opt/airflow/dags/utils/data_quality.py", line 1, in <module>
    import great_expectations as ge
ModuleNotFoundError: No module named 'great_expectations'
[2026-02-13T14:15:54.245+0000] {processor.py:927} WARNING - No viable dags retrieved from /opt/airflow/dags/weather_pipeline_dag.py
[2026-02-13T14:15:54.294+0000] {processor.py:208} INFO - Processing /opt/airflow/dags/weather_pipeline_dag.py took 1.454 seconds
[2026-02-13T14:16:24.523+0000] {processor.py:186} INFO - Started process (PID=817) to work on /opt/airflow/dags/weather_pipeline_dag.py
[2026-02-13T14:16:24.526+0000] {processor.py:914} INFO - Processing file /opt/airflow/dags/weather_pipeline_dag.py for tasks to queue
[2026-02-13T14:16:24.533+0000] {logging_mixin.py:190} INFO - [2026-02-13T14:16:24.532+0000] {dagbag.py:588} INFO - Filling up the DagBag from /opt/airflow/dags/weather_pipeline_dag.py
[2026-02-13T14:16:25.749+0000] {logging_mixin.py:190} INFO - [2026-02-13T14:16:25.734+0000] {dagbag.py:387} ERROR - Failed to import: /opt/airflow/dags/weather_pipeline_dag.py
Traceback (most recent call last):
  File "/home/airflow/.local/lib/python3.10/site-packages/airflow/models/dagbag.py", line 383, in parse
    loader.exec_module(new_module)
  File "<frozen importlib._bootstrap_external>", line 883, in exec_module
  File "<frozen importlib._bootstrap>", line 241, in _call_with_frames_removed
  File "/opt/airflow/dags/weather_pipeline_dag.py", line 10, in <module>
    from utils.data_quality import validate_weather
  File "/opt/airflow/dags/utils/data_quality.py", line 1, in <module>
    import great_expectations as ge
ModuleNotFoundError: No module named 'great_expectations'
[2026-02-13T14:16:25.754+0000] {processor.py:927} WARNING - No viable dags retrieved from /opt/airflow/dags/weather_pipeline_dag.py
[2026-02-13T14:16:25.799+0000] {processor.py:208} INFO - Processing /opt/airflow/dags/weather_pipeline_dag.py took 1.294 seconds
[2026-02-13T14:16:56.123+0000] {processor.py:186} INFO - Started process (PID=823) to work on /opt/airflow/dags/weather_pipeline_dag.py
[2026-02-13T14:16:56.126+0000] {processor.py:914} INFO - Processing file /opt/airflow/dags/weather_pipeline_dag.py for tasks to queue
[2026-02-13T14:16:56.130+0000] {logging_mixin.py:190} INFO - [2026-02-13T14:16:56.129+0000] {dagbag.py:588} INFO - Filling up the DagBag from /opt/airflow/dags/weather_pipeline_dag.py
[2026-02-13T14:16:57.396+0000] {logging_mixin.py:190} INFO - [2026-02-13T14:16:57.375+0000] {dagbag.py:387} ERROR - Failed to import: /opt/airflow/dags/weather_pipeline_dag.py
Traceback (most recent call last):
  File "/home/airflow/.local/lib/python3.10/site-packages/airflow/models/dagbag.py", line 383, in parse
    loader.exec_module(new_module)
  File "<frozen importlib._bootstrap_external>", line 883, in exec_module
  File "<frozen importlib._bootstrap>", line 241, in _call_with_frames_removed
  File "/opt/airflow/dags/weather_pipeline_dag.py", line 10, in <module>
    from utils.data_quality import validate_weather
  File "/opt/airflow/dags/utils/data_quality.py", line 1, in <module>
    import great_expectations as ge
ModuleNotFoundError: No module named 'great_expectations'
[2026-02-13T14:16:57.405+0000] {processor.py:927} WARNING - No viable dags retrieved from /opt/airflow/dags/weather_pipeline_dag.py
[2026-02-13T14:16:57.460+0000] {processor.py:208} INFO - Processing /opt/airflow/dags/weather_pipeline_dag.py took 1.352 seconds
[2026-02-13T14:17:27.944+0000] {processor.py:186} INFO - Started process (PID=829) to work on /opt/airflow/dags/weather_pipeline_dag.py
[2026-02-13T14:17:27.946+0000] {processor.py:914} INFO - Processing file /opt/airflow/dags/weather_pipeline_dag.py for tasks to queue
[2026-02-13T14:17:27.955+0000] {logging_mixin.py:190} INFO - [2026-02-13T14:17:27.954+0000] {dagbag.py:588} INFO - Filling up the DagBag from /opt/airflow/dags/weather_pipeline_dag.py
[2026-02-13T14:17:29.237+0000] {logging_mixin.py:190} INFO - [2026-02-13T14:17:29.220+0000] {dagbag.py:387} ERROR - Failed to import: /opt/airflow/dags/weather_pipeline_dag.py
Traceback (most recent call last):
  File "/home/airflow/.local/lib/python3.10/site-packages/airflow/models/dagbag.py", line 383, in parse
    loader.exec_module(new_module)
  File "<frozen importlib._bootstrap_external>", line 883, in exec_module
  File "<frozen importlib._bootstrap>", line 241, in _call_with_frames_removed
  File "/opt/airflow/dags/weather_pipeline_dag.py", line 10, in <module>
    from utils.data_quality import validate_weather
  File "/opt/airflow/dags/utils/data_quality.py", line 1, in <module>
    import great_expectations as ge
ModuleNotFoundError: No module named 'great_expectations'
[2026-02-13T14:17:29.244+0000] {processor.py:927} WARNING - No viable dags retrieved from /opt/airflow/dags/weather_pipeline_dag.py
[2026-02-13T14:17:29.297+0000] {processor.py:208} INFO - Processing /opt/airflow/dags/weather_pipeline_dag.py took 1.369 seconds
[2026-02-13T14:17:59.533+0000] {processor.py:186} INFO - Started process (PID=835) to work on /opt/airflow/dags/weather_pipeline_dag.py
[2026-02-13T14:17:59.535+0000] {processor.py:914} INFO - Processing file /opt/airflow/dags/weather_pipeline_dag.py for tasks to queue
[2026-02-13T14:17:59.540+0000] {logging_mixin.py:190} INFO - [2026-02-13T14:17:59.539+0000] {dagbag.py:588} INFO - Filling up the DagBag from /opt/airflow/dags/weather_pipeline_dag.py
[2026-02-13T14:18:00.483+0000] {logging_mixin.py:190} INFO - [2026-02-13T14:18:00.440+0000] {dagbag.py:387} ERROR - Failed to import: /opt/airflow/dags/weather_pipeline_dag.py
Traceback (most recent call last):
  File "/home/airflow/.local/lib/python3.10/site-packages/airflow/models/dagbag.py", line 383, in parse
    loader.exec_module(new_module)
  File "<frozen importlib._bootstrap_external>", line 883, in exec_module
  File "<frozen importlib._bootstrap>", line 241, in _call_with_frames_removed
  File "/opt/airflow/dags/weather_pipeline_dag.py", line 10, in <module>
    from utils.data_quality import validate_weather
  File "/opt/airflow/dags/utils/data_quality.py", line 1, in <module>
    import great_expectations as ge
ModuleNotFoundError: No module named 'great_expectations'
[2026-02-13T14:18:00.493+0000] {processor.py:927} WARNING - No viable dags retrieved from /opt/airflow/dags/weather_pipeline_dag.py
[2026-02-13T14:18:00.548+0000] {processor.py:208} INFO - Processing /opt/airflow/dags/weather_pipeline_dag.py took 1.026 seconds
[2026-02-13T14:18:31.125+0000] {processor.py:186} INFO - Started process (PID=841) to work on /opt/airflow/dags/weather_pipeline_dag.py
[2026-02-13T14:18:31.128+0000] {processor.py:914} INFO - Processing file /opt/airflow/dags/weather_pipeline_dag.py for tasks to queue
[2026-02-13T14:18:31.133+0000] {logging_mixin.py:190} INFO - [2026-02-13T14:18:31.133+0000] {dagbag.py:588} INFO - Filling up the DagBag from /opt/airflow/dags/weather_pipeline_dag.py
[2026-02-13T14:18:32.520+0000] {logging_mixin.py:190} INFO - [2026-02-13T14:18:32.497+0000] {dagbag.py:387} ERROR - Failed to import: /opt/airflow/dags/weather_pipeline_dag.py
Traceback (most recent call last):
  File "/home/airflow/.local/lib/python3.10/site-packages/airflow/models/dagbag.py", line 383, in parse
    loader.exec_module(new_module)
  File "<frozen importlib._bootstrap_external>", line 883, in exec_module
  File "<frozen importlib._bootstrap>", line 241, in _call_with_frames_removed
  File "/opt/airflow/dags/weather_pipeline_dag.py", line 10, in <module>
    from utils.data_quality import validate_weather
  File "/opt/airflow/dags/utils/data_quality.py", line 1, in <module>
    import great_expectations as ge
ModuleNotFoundError: No module named 'great_expectations'
[2026-02-13T14:18:32.528+0000] {processor.py:927} WARNING - No viable dags retrieved from /opt/airflow/dags/weather_pipeline_dag.py
[2026-02-13T14:18:32.582+0000] {processor.py:208} INFO - Processing /opt/airflow/dags/weather_pipeline_dag.py took 1.471 seconds
[2026-02-13T14:19:02.747+0000] {processor.py:186} INFO - Started process (PID=847) to work on /opt/airflow/dags/weather_pipeline_dag.py
[2026-02-13T14:19:02.749+0000] {processor.py:914} INFO - Processing file /opt/airflow/dags/weather_pipeline_dag.py for tasks to queue
[2026-02-13T14:19:02.757+0000] {logging_mixin.py:190} INFO - [2026-02-13T14:19:02.756+0000] {dagbag.py:588} INFO - Filling up the DagBag from /opt/airflow/dags/weather_pipeline_dag.py
[2026-02-13T14:19:03.690+0000] {logging_mixin.py:190} INFO - [2026-02-13T14:19:03.674+0000] {dagbag.py:387} ERROR - Failed to import: /opt/airflow/dags/weather_pipeline_dag.py
Traceback (most recent call last):
  File "/home/airflow/.local/lib/python3.10/site-packages/airflow/models/dagbag.py", line 383, in parse
    loader.exec_module(new_module)
  File "<frozen importlib._bootstrap_external>", line 883, in exec_module
  File "<frozen importlib._bootstrap>", line 241, in _call_with_frames_removed
  File "/opt/airflow/dags/weather_pipeline_dag.py", line 10, in <module>
    from utils.data_quality import validate_weather
  File "/opt/airflow/dags/utils/data_quality.py", line 1, in <module>
    import great_expectations as ge
ModuleNotFoundError: No module named 'great_expectations'
[2026-02-13T14:19:03.696+0000] {processor.py:927} WARNING - No viable dags retrieved from /opt/airflow/dags/weather_pipeline_dag.py
[2026-02-13T14:19:03.743+0000] {processor.py:208} INFO - Processing /opt/airflow/dags/weather_pipeline_dag.py took 1.006 seconds
[2026-02-13T14:19:34.502+0000] {processor.py:186} INFO - Started process (PID=853) to work on /opt/airflow/dags/weather_pipeline_dag.py
[2026-02-13T14:19:34.504+0000] {processor.py:914} INFO - Processing file /opt/airflow/dags/weather_pipeline_dag.py for tasks to queue
[2026-02-13T14:19:34.509+0000] {logging_mixin.py:190} INFO - [2026-02-13T14:19:34.509+0000] {dagbag.py:588} INFO - Filling up the DagBag from /opt/airflow/dags/weather_pipeline_dag.py
[2026-02-13T14:19:35.556+0000] {logging_mixin.py:190} INFO - [2026-02-13T14:19:35.536+0000] {dagbag.py:387} ERROR - Failed to import: /opt/airflow/dags/weather_pipeline_dag.py
Traceback (most recent call last):
  File "/home/airflow/.local/lib/python3.10/site-packages/airflow/models/dagbag.py", line 383, in parse
    loader.exec_module(new_module)
  File "<frozen importlib._bootstrap_external>", line 883, in exec_module
  File "<frozen importlib._bootstrap>", line 241, in _call_with_frames_removed
  File "/opt/airflow/dags/weather_pipeline_dag.py", line 10, in <module>
    from utils.data_quality import validate_weather
  File "/opt/airflow/dags/utils/data_quality.py", line 1, in <module>
    import great_expectations as ge
ModuleNotFoundError: No module named 'great_expectations'
[2026-02-13T14:19:35.565+0000] {processor.py:927} WARNING - No viable dags retrieved from /opt/airflow/dags/weather_pipeline_dag.py
[2026-02-13T14:19:35.624+0000] {processor.py:208} INFO - Processing /opt/airflow/dags/weather_pipeline_dag.py took 1.134 seconds
[2026-02-13T14:20:06.657+0000] {processor.py:186} INFO - Started process (PID=859) to work on /opt/airflow/dags/weather_pipeline_dag.py
[2026-02-13T14:20:06.660+0000] {processor.py:914} INFO - Processing file /opt/airflow/dags/weather_pipeline_dag.py for tasks to queue
[2026-02-13T14:20:06.667+0000] {logging_mixin.py:190} INFO - [2026-02-13T14:20:06.666+0000] {dagbag.py:588} INFO - Filling up the DagBag from /opt/airflow/dags/weather_pipeline_dag.py
[2026-02-13T14:20:08.001+0000] {logging_mixin.py:190} INFO - [2026-02-13T14:20:07.982+0000] {dagbag.py:387} ERROR - Failed to import: /opt/airflow/dags/weather_pipeline_dag.py
Traceback (most recent call last):
  File "/home/airflow/.local/lib/python3.10/site-packages/airflow/models/dagbag.py", line 383, in parse
    loader.exec_module(new_module)
  File "<frozen importlib._bootstrap_external>", line 883, in exec_module
  File "<frozen importlib._bootstrap>", line 241, in _call_with_frames_removed
  File "/opt/airflow/dags/weather_pipeline_dag.py", line 10, in <module>
    from utils.data_quality import validate_weather
  File "/opt/airflow/dags/utils/data_quality.py", line 1, in <module>
    import great_expectations as ge
ModuleNotFoundError: No module named 'great_expectations'
[2026-02-13T14:20:08.007+0000] {processor.py:927} WARNING - No viable dags retrieved from /opt/airflow/dags/weather_pipeline_dag.py
[2026-02-13T14:20:08.067+0000] {processor.py:208} INFO - Processing /opt/airflow/dags/weather_pipeline_dag.py took 1.423 seconds
[2026-02-13T14:20:38.336+0000] {processor.py:186} INFO - Started process (PID=865) to work on /opt/airflow/dags/weather_pipeline_dag.py
[2026-02-13T14:20:38.341+0000] {processor.py:914} INFO - Processing file /opt/airflow/dags/weather_pipeline_dag.py for tasks to queue
[2026-02-13T14:20:38.353+0000] {logging_mixin.py:190} INFO - [2026-02-13T14:20:38.351+0000] {dagbag.py:588} INFO - Filling up the DagBag from /opt/airflow/dags/weather_pipeline_dag.py
[2026-02-13T14:20:39.835+0000] {logging_mixin.py:190} INFO - [2026-02-13T14:20:39.809+0000] {dagbag.py:387} ERROR - Failed to import: /opt/airflow/dags/weather_pipeline_dag.py
Traceback (most recent call last):
  File "/home/airflow/.local/lib/python3.10/site-packages/airflow/models/dagbag.py", line 383, in parse
    loader.exec_module(new_module)
  File "<frozen importlib._bootstrap_external>", line 883, in exec_module
  File "<frozen importlib._bootstrap>", line 241, in _call_with_frames_removed
  File "/opt/airflow/dags/weather_pipeline_dag.py", line 10, in <module>
    from utils.data_quality import validate_weather
  File "/opt/airflow/dags/utils/data_quality.py", line 1, in <module>
    import great_expectations as ge
ModuleNotFoundError: No module named 'great_expectations'
[2026-02-13T14:20:39.842+0000] {processor.py:927} WARNING - No viable dags retrieved from /opt/airflow/dags/weather_pipeline_dag.py
[2026-02-13T14:20:40.032+0000] {processor.py:208} INFO - Processing /opt/airflow/dags/weather_pipeline_dag.py took 1.724 seconds
[2026-02-13T14:21:36.909+0000] {processor.py:186} INFO - Started process (PID=176) to work on /opt/airflow/dags/weather_pipeline_dag.py
[2026-02-13T14:21:36.919+0000] {processor.py:914} INFO - Processing file /opt/airflow/dags/weather_pipeline_dag.py for tasks to queue
[2026-02-13T14:21:36.939+0000] {logging_mixin.py:190} INFO - [2026-02-13T14:21:36.937+0000] {dagbag.py:588} INFO - Filling up the DagBag from /opt/airflow/dags/weather_pipeline_dag.py
[2026-02-13T14:21:41.365+0000] {logging_mixin.py:190} INFO - [2026-02-13T14:21:41.352+0000] {dagbag.py:387} ERROR - Failed to import: /opt/airflow/dags/weather_pipeline_dag.py
Traceback (most recent call last):
  File "/home/airflow/.local/lib/python3.10/site-packages/airflow/models/dagbag.py", line 383, in parse
    loader.exec_module(new_module)
  File "<frozen importlib._bootstrap_external>", line 883, in exec_module
  File "<frozen importlib._bootstrap>", line 241, in _call_with_frames_removed
  File "/opt/airflow/dags/weather_pipeline_dag.py", line 10, in <module>
    from utils.data_quality import validate_weather
  File "/opt/airflow/dags/utils/data_quality.py", line 1, in <module>
    import great_expectations as ge
ModuleNotFoundError: No module named 'great_expectations'
[2026-02-13T14:21:41.370+0000] {processor.py:927} WARNING - No viable dags retrieved from /opt/airflow/dags/weather_pipeline_dag.py
[2026-02-13T14:21:41.416+0000] {processor.py:208} INFO - Processing /opt/airflow/dags/weather_pipeline_dag.py took 4.572 seconds
[2026-02-13T14:22:11.633+0000] {processor.py:186} INFO - Started process (PID=182) to work on /opt/airflow/dags/weather_pipeline_dag.py
[2026-02-13T14:22:11.639+0000] {processor.py:914} INFO - Processing file /opt/airflow/dags/weather_pipeline_dag.py for tasks to queue
[2026-02-13T14:22:11.646+0000] {logging_mixin.py:190} INFO - [2026-02-13T14:22:11.645+0000] {dagbag.py:588} INFO - Filling up the DagBag from /opt/airflow/dags/weather_pipeline_dag.py
[2026-02-13T14:22:12.734+0000] {logging_mixin.py:190} INFO - [2026-02-13T14:22:12.715+0000] {dagbag.py:387} ERROR - Failed to import: /opt/airflow/dags/weather_pipeline_dag.py
Traceback (most recent call last):
  File "/home/airflow/.local/lib/python3.10/site-packages/airflow/models/dagbag.py", line 383, in parse
    loader.exec_module(new_module)
  File "<frozen importlib._bootstrap_external>", line 883, in exec_module
  File "<frozen importlib._bootstrap>", line 241, in _call_with_frames_removed
  File "/opt/airflow/dags/weather_pipeline_dag.py", line 10, in <module>
    from utils.data_quality import validate_weather
  File "/opt/airflow/dags/utils/data_quality.py", line 1, in <module>
    import great_expectations as ge
ModuleNotFoundError: No module named 'great_expectations'
[2026-02-13T14:22:12.739+0000] {processor.py:927} WARNING - No viable dags retrieved from /opt/airflow/dags/weather_pipeline_dag.py
[2026-02-13T14:22:12.782+0000] {processor.py:208} INFO - Processing /opt/airflow/dags/weather_pipeline_dag.py took 1.168 seconds
[2026-02-13T14:22:43.253+0000] {processor.py:186} INFO - Started process (PID=188) to work on /opt/airflow/dags/weather_pipeline_dag.py
[2026-02-13T14:22:43.257+0000] {processor.py:914} INFO - Processing file /opt/airflow/dags/weather_pipeline_dag.py for tasks to queue
[2026-02-13T14:22:43.263+0000] {logging_mixin.py:190} INFO - [2026-02-13T14:22:43.262+0000] {dagbag.py:588} INFO - Filling up the DagBag from /opt/airflow/dags/weather_pipeline_dag.py
[2026-02-13T14:22:44.605+0000] {logging_mixin.py:190} INFO - [2026-02-13T14:22:44.590+0000] {dagbag.py:387} ERROR - Failed to import: /opt/airflow/dags/weather_pipeline_dag.py
Traceback (most recent call last):
  File "/home/airflow/.local/lib/python3.10/site-packages/airflow/models/dagbag.py", line 383, in parse
    loader.exec_module(new_module)
  File "<frozen importlib._bootstrap_external>", line 883, in exec_module
  File "<frozen importlib._bootstrap>", line 241, in _call_with_frames_removed
  File "/opt/airflow/dags/weather_pipeline_dag.py", line 10, in <module>
    from utils.data_quality import validate_weather
  File "/opt/airflow/dags/utils/data_quality.py", line 1, in <module>
    import great_expectations as ge
ModuleNotFoundError: No module named 'great_expectations'
[2026-02-13T14:22:44.612+0000] {processor.py:927} WARNING - No viable dags retrieved from /opt/airflow/dags/weather_pipeline_dag.py
[2026-02-13T14:22:44.653+0000] {processor.py:208} INFO - Processing /opt/airflow/dags/weather_pipeline_dag.py took 1.261 seconds
[2026-02-13T14:23:15.188+0000] {processor.py:186} INFO - Started process (PID=194) to work on /opt/airflow/dags/weather_pipeline_dag.py
[2026-02-13T14:23:15.191+0000] {processor.py:914} INFO - Processing file /opt/airflow/dags/weather_pipeline_dag.py for tasks to queue
[2026-02-13T14:23:15.196+0000] {logging_mixin.py:190} INFO - [2026-02-13T14:23:15.196+0000] {dagbag.py:588} INFO - Filling up the DagBag from /opt/airflow/dags/weather_pipeline_dag.py
[2026-02-13T14:23:16.136+0000] {logging_mixin.py:190} INFO - [2026-02-13T14:23:16.120+0000] {dagbag.py:387} ERROR - Failed to import: /opt/airflow/dags/weather_pipeline_dag.py
Traceback (most recent call last):
  File "/home/airflow/.local/lib/python3.10/site-packages/airflow/models/dagbag.py", line 383, in parse
    loader.exec_module(new_module)
  File "<frozen importlib._bootstrap_external>", line 883, in exec_module
  File "<frozen importlib._bootstrap>", line 241, in _call_with_frames_removed
  File "/opt/airflow/dags/weather_pipeline_dag.py", line 10, in <module>
    from utils.data_quality import validate_weather
  File "/opt/airflow/dags/utils/data_quality.py", line 1, in <module>
    import great_expectations as ge
ModuleNotFoundError: No module named 'great_expectations'
[2026-02-13T14:23:16.142+0000] {processor.py:927} WARNING - No viable dags retrieved from /opt/airflow/dags/weather_pipeline_dag.py
[2026-02-13T14:23:16.180+0000] {processor.py:208} INFO - Processing /opt/airflow/dags/weather_pipeline_dag.py took 1.008 seconds
[2026-02-13T14:23:47.005+0000] {processor.py:186} INFO - Started process (PID=200) to work on /opt/airflow/dags/weather_pipeline_dag.py
[2026-02-13T14:23:47.009+0000] {processor.py:914} INFO - Processing file /opt/airflow/dags/weather_pipeline_dag.py for tasks to queue
[2026-02-13T14:23:47.016+0000] {logging_mixin.py:190} INFO - [2026-02-13T14:23:47.015+0000] {dagbag.py:588} INFO - Filling up the DagBag from /opt/airflow/dags/weather_pipeline_dag.py
[2026-02-13T14:23:48.101+0000] {logging_mixin.py:190} INFO - [2026-02-13T14:23:48.084+0000] {dagbag.py:387} ERROR - Failed to import: /opt/airflow/dags/weather_pipeline_dag.py
Traceback (most recent call last):
  File "/home/airflow/.local/lib/python3.10/site-packages/airflow/models/dagbag.py", line 383, in parse
    loader.exec_module(new_module)
  File "<frozen importlib._bootstrap_external>", line 883, in exec_module
  File "<frozen importlib._bootstrap>", line 241, in _call_with_frames_removed
  File "/opt/airflow/dags/weather_pipeline_dag.py", line 10, in <module>
    from utils.data_quality import validate_weather
  File "/opt/airflow/dags/utils/data_quality.py", line 1, in <module>
    import great_expectations as ge
ModuleNotFoundError: No module named 'great_expectations'
[2026-02-13T14:23:48.108+0000] {processor.py:927} WARNING - No viable dags retrieved from /opt/airflow/dags/weather_pipeline_dag.py
[2026-02-13T14:23:48.155+0000] {processor.py:208} INFO - Processing /opt/airflow/dags/weather_pipeline_dag.py took 1.168 seconds
[2026-02-13T14:24:18.901+0000] {processor.py:186} INFO - Started process (PID=206) to work on /opt/airflow/dags/weather_pipeline_dag.py
[2026-02-13T14:24:18.909+0000] {processor.py:914} INFO - Processing file /opt/airflow/dags/weather_pipeline_dag.py for tasks to queue
[2026-02-13T14:24:18.917+0000] {logging_mixin.py:190} INFO - [2026-02-13T14:24:18.916+0000] {dagbag.py:588} INFO - Filling up the DagBag from /opt/airflow/dags/weather_pipeline_dag.py
[2026-02-13T14:24:20.077+0000] {logging_mixin.py:190} INFO - [2026-02-13T14:24:20.059+0000] {dagbag.py:387} ERROR - Failed to import: /opt/airflow/dags/weather_pipeline_dag.py
Traceback (most recent call last):
  File "/home/airflow/.local/lib/python3.10/site-packages/airflow/models/dagbag.py", line 383, in parse
    loader.exec_module(new_module)
  File "<frozen importlib._bootstrap_external>", line 883, in exec_module
  File "<frozen importlib._bootstrap>", line 241, in _call_with_frames_removed
  File "/opt/airflow/dags/weather_pipeline_dag.py", line 10, in <module>
    from utils.data_quality import validate_weather
  File "/opt/airflow/dags/utils/data_quality.py", line 1, in <module>
    import great_expectations as ge
ModuleNotFoundError: No module named 'great_expectations'
[2026-02-13T14:24:20.083+0000] {processor.py:927} WARNING - No viable dags retrieved from /opt/airflow/dags/weather_pipeline_dag.py
[2026-02-13T14:24:20.128+0000] {processor.py:208} INFO - Processing /opt/airflow/dags/weather_pipeline_dag.py took 1.278 seconds
[2026-02-13T14:25:28.959+0000] {processor.py:186} INFO - Started process (PID=175) to work on /opt/airflow/dags/weather_pipeline_dag.py
[2026-02-13T14:25:28.962+0000] {processor.py:914} INFO - Processing file /opt/airflow/dags/weather_pipeline_dag.py for tasks to queue
[2026-02-13T14:25:28.966+0000] {logging_mixin.py:190} INFO - [2026-02-13T14:25:28.966+0000] {dagbag.py:588} INFO - Filling up the DagBag from /opt/airflow/dags/weather_pipeline_dag.py
[2026-02-13T14:25:30.985+0000] {logging_mixin.py:190} INFO - [2026-02-13T14:25:30.973+0000] {dagbag.py:387} ERROR - Failed to import: /opt/airflow/dags/weather_pipeline_dag.py
Traceback (most recent call last):
  File "/home/airflow/.local/lib/python3.10/site-packages/airflow/models/dagbag.py", line 383, in parse
    loader.exec_module(new_module)
  File "<frozen importlib._bootstrap_external>", line 883, in exec_module
  File "<frozen importlib._bootstrap>", line 241, in _call_with_frames_removed
  File "/opt/airflow/dags/weather_pipeline_dag.py", line 10, in <module>
    from utils.data_quality import validate_weather
  File "/opt/airflow/dags/utils/data_quality.py", line 1, in <module>
    import great_expectations as ge
ModuleNotFoundError: No module named 'great_expectations'
[2026-02-13T14:25:30.989+0000] {processor.py:927} WARNING - No viable dags retrieved from /opt/airflow/dags/weather_pipeline_dag.py
[2026-02-13T14:25:31.016+0000] {processor.py:208} INFO - Processing /opt/airflow/dags/weather_pipeline_dag.py took 2.072 seconds
[2026-02-13T14:26:01.810+0000] {processor.py:186} INFO - Started process (PID=181) to work on /opt/airflow/dags/weather_pipeline_dag.py
[2026-02-13T14:26:01.812+0000] {processor.py:914} INFO - Processing file /opt/airflow/dags/weather_pipeline_dag.py for tasks to queue
[2026-02-13T14:26:01.819+0000] {logging_mixin.py:190} INFO - [2026-02-13T14:26:01.818+0000] {dagbag.py:588} INFO - Filling up the DagBag from /opt/airflow/dags/weather_pipeline_dag.py
[2026-02-13T14:26:03.084+0000] {logging_mixin.py:190} INFO - [2026-02-13T14:26:03.068+0000] {dagbag.py:387} ERROR - Failed to import: /opt/airflow/dags/weather_pipeline_dag.py
Traceback (most recent call last):
  File "/home/airflow/.local/lib/python3.10/site-packages/airflow/models/dagbag.py", line 383, in parse
    loader.exec_module(new_module)
  File "<frozen importlib._bootstrap_external>", line 883, in exec_module
  File "<frozen importlib._bootstrap>", line 241, in _call_with_frames_removed
  File "/opt/airflow/dags/weather_pipeline_dag.py", line 10, in <module>
    from utils.data_quality import validate_weather
  File "/opt/airflow/dags/utils/data_quality.py", line 1, in <module>
    import great_expectations as ge
ModuleNotFoundError: No module named 'great_expectations'
[2026-02-13T14:26:03.090+0000] {processor.py:927} WARNING - No viable dags retrieved from /opt/airflow/dags/weather_pipeline_dag.py
[2026-02-13T14:26:03.132+0000] {processor.py:208} INFO - Processing /opt/airflow/dags/weather_pipeline_dag.py took 1.339 seconds
[2026-02-13T14:26:33.491+0000] {processor.py:186} INFO - Started process (PID=187) to work on /opt/airflow/dags/weather_pipeline_dag.py
[2026-02-13T14:26:33.493+0000] {processor.py:914} INFO - Processing file /opt/airflow/dags/weather_pipeline_dag.py for tasks to queue
[2026-02-13T14:26:33.507+0000] {logging_mixin.py:190} INFO - [2026-02-13T14:26:33.507+0000] {dagbag.py:588} INFO - Filling up the DagBag from /opt/airflow/dags/weather_pipeline_dag.py
[2026-02-13T14:26:34.534+0000] {logging_mixin.py:190} INFO - [2026-02-13T14:26:34.518+0000] {dagbag.py:387} ERROR - Failed to import: /opt/airflow/dags/weather_pipeline_dag.py
Traceback (most recent call last):
  File "/home/airflow/.local/lib/python3.10/site-packages/airflow/models/dagbag.py", line 383, in parse
    loader.exec_module(new_module)
  File "<frozen importlib._bootstrap_external>", line 883, in exec_module
  File "<frozen importlib._bootstrap>", line 241, in _call_with_frames_removed
  File "/opt/airflow/dags/weather_pipeline_dag.py", line 10, in <module>
    from utils.data_quality import validate_weather
  File "/opt/airflow/dags/utils/data_quality.py", line 1, in <module>
    import great_expectations as ge
ModuleNotFoundError: No module named 'great_expectations'
[2026-02-13T14:26:34.540+0000] {processor.py:927} WARNING - No viable dags retrieved from /opt/airflow/dags/weather_pipeline_dag.py
[2026-02-13T14:26:34.582+0000] {processor.py:208} INFO - Processing /opt/airflow/dags/weather_pipeline_dag.py took 1.108 seconds
[2026-02-13T14:27:05.149+0000] {processor.py:186} INFO - Started process (PID=193) to work on /opt/airflow/dags/weather_pipeline_dag.py
[2026-02-13T14:27:05.152+0000] {processor.py:914} INFO - Processing file /opt/airflow/dags/weather_pipeline_dag.py for tasks to queue
[2026-02-13T14:27:05.159+0000] {logging_mixin.py:190} INFO - [2026-02-13T14:27:05.158+0000] {dagbag.py:588} INFO - Filling up the DagBag from /opt/airflow/dags/weather_pipeline_dag.py
[2026-02-13T14:27:06.380+0000] {logging_mixin.py:190} INFO - [2026-02-13T14:27:06.363+0000] {dagbag.py:387} ERROR - Failed to import: /opt/airflow/dags/weather_pipeline_dag.py
Traceback (most recent call last):
  File "/home/airflow/.local/lib/python3.10/site-packages/airflow/models/dagbag.py", line 383, in parse
    loader.exec_module(new_module)
  File "<frozen importlib._bootstrap_external>", line 883, in exec_module
  File "<frozen importlib._bootstrap>", line 241, in _call_with_frames_removed
  File "/opt/airflow/dags/weather_pipeline_dag.py", line 10, in <module>
    from utils.data_quality import validate_weather
  File "/opt/airflow/dags/utils/data_quality.py", line 1, in <module>
    import great_expectations as ge
ModuleNotFoundError: No module named 'great_expectations'
[2026-02-13T14:27:06.386+0000] {processor.py:927} WARNING - No viable dags retrieved from /opt/airflow/dags/weather_pipeline_dag.py
[2026-02-13T14:27:06.431+0000] {processor.py:208} INFO - Processing /opt/airflow/dags/weather_pipeline_dag.py took 1.299 seconds
[2026-02-13T14:27:59.432+0000] {processor.py:186} INFO - Started process (PID=175) to work on /opt/airflow/dags/weather_pipeline_dag.py
[2026-02-13T14:27:59.435+0000] {processor.py:914} INFO - Processing file /opt/airflow/dags/weather_pipeline_dag.py for tasks to queue
[2026-02-13T14:27:59.439+0000] {logging_mixin.py:190} INFO - [2026-02-13T14:27:59.438+0000] {dagbag.py:588} INFO - Filling up the DagBag from /opt/airflow/dags/weather_pipeline_dag.py
[2026-02-13T14:28:01.376+0000] {logging_mixin.py:190} INFO - [2026-02-13T14:28:01.358+0000] {dagbag.py:387} ERROR - Failed to import: /opt/airflow/dags/weather_pipeline_dag.py
Traceback (most recent call last):
  File "/home/airflow/.local/lib/python3.10/site-packages/airflow/models/dagbag.py", line 383, in parse
    loader.exec_module(new_module)
  File "<frozen importlib._bootstrap_external>", line 883, in exec_module
  File "<frozen importlib._bootstrap>", line 241, in _call_with_frames_removed
  File "/opt/airflow/dags/weather_pipeline_dag.py", line 10, in <module>
    from utils.data_quality import validate_weather
  File "/opt/airflow/dags/utils/data_quality.py", line 1, in <module>
    import great_expectations as ge
ModuleNotFoundError: No module named 'great_expectations'
[2026-02-13T14:28:01.380+0000] {processor.py:927} WARNING - No viable dags retrieved from /opt/airflow/dags/weather_pipeline_dag.py
[2026-02-13T14:28:01.414+0000] {processor.py:208} INFO - Processing /opt/airflow/dags/weather_pipeline_dag.py took 1.994 seconds
[2026-02-13T14:28:32.063+0000] {processor.py:186} INFO - Started process (PID=181) to work on /opt/airflow/dags/weather_pipeline_dag.py
[2026-02-13T14:28:32.066+0000] {processor.py:914} INFO - Processing file /opt/airflow/dags/weather_pipeline_dag.py for tasks to queue
[2026-02-13T14:28:32.072+0000] {logging_mixin.py:190} INFO - [2026-02-13T14:28:32.071+0000] {dagbag.py:588} INFO - Filling up the DagBag from /opt/airflow/dags/weather_pipeline_dag.py
[2026-02-13T14:28:33.321+0000] {logging_mixin.py:190} INFO - [2026-02-13T14:28:33.303+0000] {dagbag.py:387} ERROR - Failed to import: /opt/airflow/dags/weather_pipeline_dag.py
Traceback (most recent call last):
  File "/home/airflow/.local/lib/python3.10/site-packages/airflow/models/dagbag.py", line 383, in parse
    loader.exec_module(new_module)
  File "<frozen importlib._bootstrap_external>", line 883, in exec_module
  File "<frozen importlib._bootstrap>", line 241, in _call_with_frames_removed
  File "/opt/airflow/dags/weather_pipeline_dag.py", line 10, in <module>
    from utils.data_quality import validate_weather
  File "/opt/airflow/dags/utils/data_quality.py", line 1, in <module>
    import great_expectations as ge
ModuleNotFoundError: No module named 'great_expectations'
[2026-02-13T14:28:33.327+0000] {processor.py:927} WARNING - No viable dags retrieved from /opt/airflow/dags/weather_pipeline_dag.py
[2026-02-13T14:28:33.373+0000] {processor.py:208} INFO - Processing /opt/airflow/dags/weather_pipeline_dag.py took 1.323 seconds
[2026-02-13T14:29:03.654+0000] {processor.py:186} INFO - Started process (PID=187) to work on /opt/airflow/dags/weather_pipeline_dag.py
[2026-02-13T14:29:03.658+0000] {processor.py:914} INFO - Processing file /opt/airflow/dags/weather_pipeline_dag.py for tasks to queue
[2026-02-13T14:29:03.674+0000] {logging_mixin.py:190} INFO - [2026-02-13T14:29:03.673+0000] {dagbag.py:588} INFO - Filling up the DagBag from /opt/airflow/dags/weather_pipeline_dag.py
[2026-02-13T14:29:04.695+0000] {logging_mixin.py:190} INFO - [2026-02-13T14:29:04.679+0000] {dagbag.py:387} ERROR - Failed to import: /opt/airflow/dags/weather_pipeline_dag.py
Traceback (most recent call last):
  File "/home/airflow/.local/lib/python3.10/site-packages/airflow/models/dagbag.py", line 383, in parse
    loader.exec_module(new_module)
  File "<frozen importlib._bootstrap_external>", line 883, in exec_module
  File "<frozen importlib._bootstrap>", line 241, in _call_with_frames_removed
  File "/opt/airflow/dags/weather_pipeline_dag.py", line 10, in <module>
    from utils.data_quality import validate_weather
  File "/opt/airflow/dags/utils/data_quality.py", line 1, in <module>
    import great_expectations as ge
ModuleNotFoundError: No module named 'great_expectations'
[2026-02-13T14:29:04.701+0000] {processor.py:927} WARNING - No viable dags retrieved from /opt/airflow/dags/weather_pipeline_dag.py
[2026-02-13T14:29:04.754+0000] {processor.py:208} INFO - Processing /opt/airflow/dags/weather_pipeline_dag.py took 1.117 seconds
[2026-02-13T14:29:35.209+0000] {processor.py:186} INFO - Started process (PID=193) to work on /opt/airflow/dags/weather_pipeline_dag.py
[2026-02-13T14:29:35.213+0000] {processor.py:914} INFO - Processing file /opt/airflow/dags/weather_pipeline_dag.py for tasks to queue
[2026-02-13T14:29:35.219+0000] {logging_mixin.py:190} INFO - [2026-02-13T14:29:35.218+0000] {dagbag.py:588} INFO - Filling up the DagBag from /opt/airflow/dags/weather_pipeline_dag.py
[2026-02-13T14:29:36.499+0000] {logging_mixin.py:190} INFO - [2026-02-13T14:29:36.479+0000] {dagbag.py:387} ERROR - Failed to import: /opt/airflow/dags/weather_pipeline_dag.py
Traceback (most recent call last):
  File "/home/airflow/.local/lib/python3.10/site-packages/airflow/models/dagbag.py", line 383, in parse
    loader.exec_module(new_module)
  File "<frozen importlib._bootstrap_external>", line 883, in exec_module
  File "<frozen importlib._bootstrap>", line 241, in _call_with_frames_removed
  File "/opt/airflow/dags/weather_pipeline_dag.py", line 10, in <module>
    from utils.data_quality import validate_weather
  File "/opt/airflow/dags/utils/data_quality.py", line 1, in <module>
    import great_expectations as ge
ModuleNotFoundError: No module named 'great_expectations'
[2026-02-13T14:29:36.505+0000] {processor.py:927} WARNING - No viable dags retrieved from /opt/airflow/dags/weather_pipeline_dag.py
[2026-02-13T14:29:36.550+0000] {processor.py:208} INFO - Processing /opt/airflow/dags/weather_pipeline_dag.py took 1.358 seconds
[2026-02-13T14:30:06.937+0000] {processor.py:186} INFO - Started process (PID=199) to work on /opt/airflow/dags/weather_pipeline_dag.py
[2026-02-13T14:30:06.940+0000] {processor.py:914} INFO - Processing file /opt/airflow/dags/weather_pipeline_dag.py for tasks to queue
[2026-02-13T14:30:06.947+0000] {logging_mixin.py:190} INFO - [2026-02-13T14:30:06.946+0000] {dagbag.py:588} INFO - Filling up the DagBag from /opt/airflow/dags/weather_pipeline_dag.py
[2026-02-13T14:30:08.173+0000] {logging_mixin.py:190} INFO - [2026-02-13T14:30:08.158+0000] {dagbag.py:387} ERROR - Failed to import: /opt/airflow/dags/weather_pipeline_dag.py
Traceback (most recent call last):
  File "/home/airflow/.local/lib/python3.10/site-packages/airflow/models/dagbag.py", line 383, in parse
    loader.exec_module(new_module)
  File "<frozen importlib._bootstrap_external>", line 883, in exec_module
  File "<frozen importlib._bootstrap>", line 241, in _call_with_frames_removed
  File "/opt/airflow/dags/weather_pipeline_dag.py", line 10, in <module>
    from utils.data_quality import validate_weather
  File "/opt/airflow/dags/utils/data_quality.py", line 1, in <module>
    import great_expectations as ge
ModuleNotFoundError: No module named 'great_expectations'
[2026-02-13T14:30:08.180+0000] {processor.py:927} WARNING - No viable dags retrieved from /opt/airflow/dags/weather_pipeline_dag.py
[2026-02-13T14:30:08.228+0000] {processor.py:208} INFO - Processing /opt/airflow/dags/weather_pipeline_dag.py took 1.308 seconds
[2026-02-13T14:30:38.659+0000] {processor.py:186} INFO - Started process (PID=205) to work on /opt/airflow/dags/weather_pipeline_dag.py
[2026-02-13T14:30:38.663+0000] {processor.py:914} INFO - Processing file /opt/airflow/dags/weather_pipeline_dag.py for tasks to queue
[2026-02-13T14:30:38.670+0000] {logging_mixin.py:190} INFO - [2026-02-13T14:30:38.670+0000] {dagbag.py:588} INFO - Filling up the DagBag from /opt/airflow/dags/weather_pipeline_dag.py
[2026-02-13T14:30:39.793+0000] {logging_mixin.py:190} INFO - [2026-02-13T14:30:39.774+0000] {dagbag.py:387} ERROR - Failed to import: /opt/airflow/dags/weather_pipeline_dag.py
Traceback (most recent call last):
  File "/home/airflow/.local/lib/python3.10/site-packages/airflow/models/dagbag.py", line 383, in parse
    loader.exec_module(new_module)
  File "<frozen importlib._bootstrap_external>", line 883, in exec_module
  File "<frozen importlib._bootstrap>", line 241, in _call_with_frames_removed
  File "/opt/airflow/dags/weather_pipeline_dag.py", line 10, in <module>
    from utils.data_quality import validate_weather
  File "/opt/airflow/dags/utils/data_quality.py", line 1, in <module>
    import great_expectations as ge
ModuleNotFoundError: No module named 'great_expectations'
[2026-02-13T14:30:39.800+0000] {processor.py:927} WARNING - No viable dags retrieved from /opt/airflow/dags/weather_pipeline_dag.py
[2026-02-13T14:30:39.845+0000] {processor.py:208} INFO - Processing /opt/airflow/dags/weather_pipeline_dag.py took 1.202 seconds
[2026-02-13T14:31:10.284+0000] {processor.py:186} INFO - Started process (PID=211) to work on /opt/airflow/dags/weather_pipeline_dag.py
[2026-02-13T14:31:10.286+0000] {processor.py:914} INFO - Processing file /opt/airflow/dags/weather_pipeline_dag.py for tasks to queue
[2026-02-13T14:31:10.291+0000] {logging_mixin.py:190} INFO - [2026-02-13T14:31:10.291+0000] {dagbag.py:588} INFO - Filling up the DagBag from /opt/airflow/dags/weather_pipeline_dag.py
[2026-02-13T14:31:11.251+0000] {logging_mixin.py:190} INFO - [2026-02-13T14:31:11.233+0000] {dagbag.py:387} ERROR - Failed to import: /opt/airflow/dags/weather_pipeline_dag.py
Traceback (most recent call last):
  File "/home/airflow/.local/lib/python3.10/site-packages/airflow/models/dagbag.py", line 383, in parse
    loader.exec_module(new_module)
  File "<frozen importlib._bootstrap_external>", line 883, in exec_module
  File "<frozen importlib._bootstrap>", line 241, in _call_with_frames_removed
  File "/opt/airflow/dags/weather_pipeline_dag.py", line 10, in <module>
    from utils.data_quality import validate_weather
  File "/opt/airflow/dags/utils/data_quality.py", line 1, in <module>
    import great_expectations as ge
ModuleNotFoundError: No module named 'great_expectations'
[2026-02-13T14:31:11.256+0000] {processor.py:927} WARNING - No viable dags retrieved from /opt/airflow/dags/weather_pipeline_dag.py
[2026-02-13T14:31:11.308+0000] {processor.py:208} INFO - Processing /opt/airflow/dags/weather_pipeline_dag.py took 1.039 seconds
[2026-02-13T14:31:42.013+0000] {processor.py:186} INFO - Started process (PID=217) to work on /opt/airflow/dags/weather_pipeline_dag.py
[2026-02-13T14:31:42.016+0000] {processor.py:914} INFO - Processing file /opt/airflow/dags/weather_pipeline_dag.py for tasks to queue
[2026-02-13T14:31:42.022+0000] {logging_mixin.py:190} INFO - [2026-02-13T14:31:42.022+0000] {dagbag.py:588} INFO - Filling up the DagBag from /opt/airflow/dags/weather_pipeline_dag.py
[2026-02-13T14:31:43.246+0000] {logging_mixin.py:190} INFO - [2026-02-13T14:31:43.231+0000] {dagbag.py:387} ERROR - Failed to import: /opt/airflow/dags/weather_pipeline_dag.py
Traceback (most recent call last):
  File "/home/airflow/.local/lib/python3.10/site-packages/airflow/models/dagbag.py", line 383, in parse
    loader.exec_module(new_module)
  File "<frozen importlib._bootstrap_external>", line 883, in exec_module
  File "<frozen importlib._bootstrap>", line 241, in _call_with_frames_removed
  File "/opt/airflow/dags/weather_pipeline_dag.py", line 10, in <module>
    from utils.data_quality import validate_weather
  File "/opt/airflow/dags/utils/data_quality.py", line 1, in <module>
    import great_expectations as ge
ModuleNotFoundError: No module named 'great_expectations'
[2026-02-13T14:31:43.251+0000] {processor.py:927} WARNING - No viable dags retrieved from /opt/airflow/dags/weather_pipeline_dag.py
[2026-02-13T14:31:43.289+0000] {processor.py:208} INFO - Processing /opt/airflow/dags/weather_pipeline_dag.py took 1.290 seconds
[2026-02-13T14:32:13.598+0000] {processor.py:186} INFO - Started process (PID=223) to work on /opt/airflow/dags/weather_pipeline_dag.py
[2026-02-13T14:32:13.601+0000] {processor.py:914} INFO - Processing file /opt/airflow/dags/weather_pipeline_dag.py for tasks to queue
[2026-02-13T14:32:13.608+0000] {logging_mixin.py:190} INFO - [2026-02-13T14:32:13.607+0000] {dagbag.py:588} INFO - Filling up the DagBag from /opt/airflow/dags/weather_pipeline_dag.py
[2026-02-13T14:32:14.824+0000] {logging_mixin.py:190} INFO - [2026-02-13T14:32:14.797+0000] {dagbag.py:387} ERROR - Failed to import: /opt/airflow/dags/weather_pipeline_dag.py
Traceback (most recent call last):
  File "/home/airflow/.local/lib/python3.10/site-packages/airflow/models/dagbag.py", line 383, in parse
    loader.exec_module(new_module)
  File "<frozen importlib._bootstrap_external>", line 883, in exec_module
  File "<frozen importlib._bootstrap>", line 241, in _call_with_frames_removed
  File "/opt/airflow/dags/weather_pipeline_dag.py", line 10, in <module>
    from utils.data_quality import validate_weather
  File "/opt/airflow/dags/utils/data_quality.py", line 1, in <module>
    import great_expectations as ge
ModuleNotFoundError: No module named 'great_expectations'
[2026-02-13T14:32:14.831+0000] {processor.py:927} WARNING - No viable dags retrieved from /opt/airflow/dags/weather_pipeline_dag.py
[2026-02-13T14:32:14.885+0000] {processor.py:208} INFO - Processing /opt/airflow/dags/weather_pipeline_dag.py took 1.304 seconds
[2026-02-13T14:32:45.385+0000] {processor.py:186} INFO - Started process (PID=229) to work on /opt/airflow/dags/weather_pipeline_dag.py
[2026-02-13T14:32:45.388+0000] {processor.py:914} INFO - Processing file /opt/airflow/dags/weather_pipeline_dag.py for tasks to queue
[2026-02-13T14:32:45.394+0000] {logging_mixin.py:190} INFO - [2026-02-13T14:32:45.393+0000] {dagbag.py:588} INFO - Filling up the DagBag from /opt/airflow/dags/weather_pipeline_dag.py
[2026-02-13T14:32:46.410+0000] {logging_mixin.py:190} INFO - [2026-02-13T14:32:46.393+0000] {dagbag.py:387} ERROR - Failed to import: /opt/airflow/dags/weather_pipeline_dag.py
Traceback (most recent call last):
  File "/home/airflow/.local/lib/python3.10/site-packages/airflow/models/dagbag.py", line 383, in parse
    loader.exec_module(new_module)
  File "<frozen importlib._bootstrap_external>", line 883, in exec_module
  File "<frozen importlib._bootstrap>", line 241, in _call_with_frames_removed
  File "/opt/airflow/dags/weather_pipeline_dag.py", line 10, in <module>
    from utils.data_quality import validate_weather
  File "/opt/airflow/dags/utils/data_quality.py", line 1, in <module>
    import great_expectations as ge
ModuleNotFoundError: No module named 'great_expectations'
[2026-02-13T14:32:46.417+0000] {processor.py:927} WARNING - No viable dags retrieved from /opt/airflow/dags/weather_pipeline_dag.py
[2026-02-13T14:32:46.470+0000] {processor.py:208} INFO - Processing /opt/airflow/dags/weather_pipeline_dag.py took 1.100 seconds
[2026-02-13T14:33:58.538+0000] {processor.py:186} INFO - Started process (PID=176) to work on /opt/airflow/dags/weather_pipeline_dag.py
[2026-02-13T14:33:58.541+0000] {processor.py:914} INFO - Processing file /opt/airflow/dags/weather_pipeline_dag.py for tasks to queue
[2026-02-13T14:33:58.545+0000] {logging_mixin.py:190} INFO - [2026-02-13T14:33:58.544+0000] {dagbag.py:588} INFO - Filling up the DagBag from /opt/airflow/dags/weather_pipeline_dag.py
[2026-02-13T14:34:00.555+0000] {logging_mixin.py:190} INFO - [2026-02-13T14:34:00.533+0000] {dagbag.py:387} ERROR - Failed to import: /opt/airflow/dags/weather_pipeline_dag.py
Traceback (most recent call last):
  File "/home/airflow/.local/lib/python3.10/site-packages/airflow/models/dagbag.py", line 383, in parse
    loader.exec_module(new_module)
  File "<frozen importlib._bootstrap_external>", line 883, in exec_module
  File "<frozen importlib._bootstrap>", line 241, in _call_with_frames_removed
  File "/opt/airflow/dags/weather_pipeline_dag.py", line 10, in <module>
    from utils.data_quality import validate_weather
  File "/opt/airflow/dags/utils/data_quality.py", line 1, in <module>
    import great_expectations as ge
ModuleNotFoundError: No module named 'great_expectations'
[2026-02-13T14:34:00.568+0000] {processor.py:927} WARNING - No viable dags retrieved from /opt/airflow/dags/weather_pipeline_dag.py
[2026-02-13T14:34:00.611+0000] {processor.py:208} INFO - Processing /opt/airflow/dags/weather_pipeline_dag.py took 2.086 seconds
[2026-02-13T14:34:31.112+0000] {processor.py:186} INFO - Started process (PID=182) to work on /opt/airflow/dags/weather_pipeline_dag.py
[2026-02-13T14:34:31.115+0000] {processor.py:914} INFO - Processing file /opt/airflow/dags/weather_pipeline_dag.py for tasks to queue
[2026-02-13T14:34:31.122+0000] {logging_mixin.py:190} INFO - [2026-02-13T14:34:31.121+0000] {dagbag.py:588} INFO - Filling up the DagBag from /opt/airflow/dags/weather_pipeline_dag.py
[2026-02-13T14:34:32.400+0000] {logging_mixin.py:190} INFO - [2026-02-13T14:34:32.381+0000] {dagbag.py:387} ERROR - Failed to import: /opt/airflow/dags/weather_pipeline_dag.py
Traceback (most recent call last):
  File "/home/airflow/.local/lib/python3.10/site-packages/airflow/models/dagbag.py", line 383, in parse
    loader.exec_module(new_module)
  File "<frozen importlib._bootstrap_external>", line 883, in exec_module
  File "<frozen importlib._bootstrap>", line 241, in _call_with_frames_removed
  File "/opt/airflow/dags/weather_pipeline_dag.py", line 10, in <module>
    from utils.data_quality import validate_weather
  File "/opt/airflow/dags/utils/data_quality.py", line 1, in <module>
    import great_expectations as ge
ModuleNotFoundError: No module named 'great_expectations'
[2026-02-13T14:34:32.406+0000] {processor.py:927} WARNING - No viable dags retrieved from /opt/airflow/dags/weather_pipeline_dag.py
[2026-02-13T14:34:32.458+0000] {processor.py:208} INFO - Processing /opt/airflow/dags/weather_pipeline_dag.py took 1.362 seconds
[2026-02-13T14:35:02.717+0000] {processor.py:186} INFO - Started process (PID=188) to work on /opt/airflow/dags/weather_pipeline_dag.py
[2026-02-13T14:35:02.720+0000] {processor.py:914} INFO - Processing file /opt/airflow/dags/weather_pipeline_dag.py for tasks to queue
[2026-02-13T14:35:02.735+0000] {logging_mixin.py:190} INFO - [2026-02-13T14:35:02.734+0000] {dagbag.py:588} INFO - Filling up the DagBag from /opt/airflow/dags/weather_pipeline_dag.py
[2026-02-13T14:35:03.973+0000] {logging_mixin.py:190} INFO - [2026-02-13T14:35:03.951+0000] {dagbag.py:387} ERROR - Failed to import: /opt/airflow/dags/weather_pipeline_dag.py
Traceback (most recent call last):
  File "/home/airflow/.local/lib/python3.10/site-packages/airflow/models/dagbag.py", line 383, in parse
    loader.exec_module(new_module)
  File "<frozen importlib._bootstrap_external>", line 883, in exec_module
  File "<frozen importlib._bootstrap>", line 241, in _call_with_frames_removed
  File "/opt/airflow/dags/weather_pipeline_dag.py", line 10, in <module>
    from utils.data_quality import validate_weather
  File "/opt/airflow/dags/utils/data_quality.py", line 1, in <module>
    import great_expectations as ge
ModuleNotFoundError: No module named 'great_expectations'
[2026-02-13T14:35:03.979+0000] {processor.py:927} WARNING - No viable dags retrieved from /opt/airflow/dags/weather_pipeline_dag.py
[2026-02-13T14:35:04.016+0000] {processor.py:208} INFO - Processing /opt/airflow/dags/weather_pipeline_dag.py took 1.316 seconds
[2026-02-13T14:35:34.565+0000] {processor.py:186} INFO - Started process (PID=194) to work on /opt/airflow/dags/weather_pipeline_dag.py
[2026-02-13T14:35:34.567+0000] {processor.py:914} INFO - Processing file /opt/airflow/dags/weather_pipeline_dag.py for tasks to queue
[2026-02-13T14:35:34.573+0000] {logging_mixin.py:190} INFO - [2026-02-13T14:35:34.572+0000] {dagbag.py:588} INFO - Filling up the DagBag from /opt/airflow/dags/weather_pipeline_dag.py
[2026-02-13T14:35:35.825+0000] {logging_mixin.py:190} INFO - [2026-02-13T14:35:35.801+0000] {dagbag.py:387} ERROR - Failed to import: /opt/airflow/dags/weather_pipeline_dag.py
Traceback (most recent call last):
  File "/home/airflow/.local/lib/python3.10/site-packages/airflow/models/dagbag.py", line 383, in parse
    loader.exec_module(new_module)
  File "<frozen importlib._bootstrap_external>", line 883, in exec_module
  File "<frozen importlib._bootstrap>", line 241, in _call_with_frames_removed
  File "/opt/airflow/dags/weather_pipeline_dag.py", line 10, in <module>
    from utils.data_quality import validate_weather
  File "/opt/airflow/dags/utils/data_quality.py", line 1, in <module>
    import great_expectations as ge
ModuleNotFoundError: No module named 'great_expectations'
[2026-02-13T14:35:35.832+0000] {processor.py:927} WARNING - No viable dags retrieved from /opt/airflow/dags/weather_pipeline_dag.py
[2026-02-13T14:35:35.883+0000] {processor.py:208} INFO - Processing /opt/airflow/dags/weather_pipeline_dag.py took 1.333 seconds
[2026-02-13T14:36:06.055+0000] {processor.py:186} INFO - Started process (PID=200) to work on /opt/airflow/dags/weather_pipeline_dag.py
[2026-02-13T14:36:06.059+0000] {processor.py:914} INFO - Processing file /opt/airflow/dags/weather_pipeline_dag.py for tasks to queue
[2026-02-13T14:36:06.066+0000] {logging_mixin.py:190} INFO - [2026-02-13T14:36:06.065+0000] {dagbag.py:588} INFO - Filling up the DagBag from /opt/airflow/dags/weather_pipeline_dag.py
[2026-02-13T14:36:07.151+0000] {logging_mixin.py:190} INFO - [2026-02-13T14:36:07.129+0000] {dagbag.py:387} ERROR - Failed to import: /opt/airflow/dags/weather_pipeline_dag.py
Traceback (most recent call last):
  File "/home/airflow/.local/lib/python3.10/site-packages/airflow/models/dagbag.py", line 383, in parse
    loader.exec_module(new_module)
  File "<frozen importlib._bootstrap_external>", line 883, in exec_module
  File "<frozen importlib._bootstrap>", line 241, in _call_with_frames_removed
  File "/opt/airflow/dags/weather_pipeline_dag.py", line 10, in <module>
    from utils.data_quality import validate_weather
  File "/opt/airflow/dags/utils/data_quality.py", line 1, in <module>
    import great_expectations as ge
ModuleNotFoundError: No module named 'great_expectations'
[2026-02-13T14:36:07.158+0000] {processor.py:927} WARNING - No viable dags retrieved from /opt/airflow/dags/weather_pipeline_dag.py
[2026-02-13T14:36:07.208+0000] {processor.py:208} INFO - Processing /opt/airflow/dags/weather_pipeline_dag.py took 1.172 seconds
[2026-02-13T14:36:37.520+0000] {processor.py:186} INFO - Started process (PID=206) to work on /opt/airflow/dags/weather_pipeline_dag.py
[2026-02-13T14:36:37.523+0000] {processor.py:914} INFO - Processing file /opt/airflow/dags/weather_pipeline_dag.py for tasks to queue
[2026-02-13T14:36:37.529+0000] {logging_mixin.py:190} INFO - [2026-02-13T14:36:37.528+0000] {dagbag.py:588} INFO - Filling up the DagBag from /opt/airflow/dags/weather_pipeline_dag.py
[2026-02-13T14:36:38.568+0000] {logging_mixin.py:190} INFO - [2026-02-13T14:36:38.551+0000] {dagbag.py:387} ERROR - Failed to import: /opt/airflow/dags/weather_pipeline_dag.py
Traceback (most recent call last):
  File "/home/airflow/.local/lib/python3.10/site-packages/airflow/models/dagbag.py", line 383, in parse
    loader.exec_module(new_module)
  File "<frozen importlib._bootstrap_external>", line 883, in exec_module
  File "<frozen importlib._bootstrap>", line 241, in _call_with_frames_removed
  File "/opt/airflow/dags/weather_pipeline_dag.py", line 10, in <module>
    from utils.data_quality import validate_weather
  File "/opt/airflow/dags/utils/data_quality.py", line 1, in <module>
    import great_expectations as ge
ModuleNotFoundError: No module named 'great_expectations'
[2026-02-13T14:36:38.574+0000] {processor.py:927} WARNING - No viable dags retrieved from /opt/airflow/dags/weather_pipeline_dag.py
[2026-02-13T14:36:38.623+0000] {processor.py:208} INFO - Processing /opt/airflow/dags/weather_pipeline_dag.py took 1.117 seconds
[2026-02-13T14:37:09.140+0000] {processor.py:186} INFO - Started process (PID=212) to work on /opt/airflow/dags/weather_pipeline_dag.py
[2026-02-13T14:37:09.143+0000] {processor.py:914} INFO - Processing file /opt/airflow/dags/weather_pipeline_dag.py for tasks to queue
[2026-02-13T14:37:09.149+0000] {logging_mixin.py:190} INFO - [2026-02-13T14:37:09.149+0000] {dagbag.py:588} INFO - Filling up the DagBag from /opt/airflow/dags/weather_pipeline_dag.py
[2026-02-13T14:37:10.167+0000] {logging_mixin.py:190} INFO - [2026-02-13T14:37:10.154+0000] {dagbag.py:387} ERROR - Failed to import: /opt/airflow/dags/weather_pipeline_dag.py
Traceback (most recent call last):
  File "/home/airflow/.local/lib/python3.10/site-packages/airflow/models/dagbag.py", line 383, in parse
    loader.exec_module(new_module)
  File "<frozen importlib._bootstrap_external>", line 883, in exec_module
  File "<frozen importlib._bootstrap>", line 241, in _call_with_frames_removed
  File "/opt/airflow/dags/weather_pipeline_dag.py", line 10, in <module>
    from utils.data_quality import validate_weather
  File "/opt/airflow/dags/utils/data_quality.py", line 1, in <module>
    import great_expectations as ge
ModuleNotFoundError: No module named 'great_expectations'
[2026-02-13T14:37:10.173+0000] {processor.py:927} WARNING - No viable dags retrieved from /opt/airflow/dags/weather_pipeline_dag.py
[2026-02-13T14:37:10.213+0000] {processor.py:208} INFO - Processing /opt/airflow/dags/weather_pipeline_dag.py took 1.093 seconds
[2026-02-13T14:37:40.761+0000] {processor.py:186} INFO - Started process (PID=218) to work on /opt/airflow/dags/weather_pipeline_dag.py
[2026-02-13T14:37:40.764+0000] {processor.py:914} INFO - Processing file /opt/airflow/dags/weather_pipeline_dag.py for tasks to queue
[2026-02-13T14:37:40.772+0000] {logging_mixin.py:190} INFO - [2026-02-13T14:37:40.771+0000] {dagbag.py:588} INFO - Filling up the DagBag from /opt/airflow/dags/weather_pipeline_dag.py
[2026-02-13T14:37:41.823+0000] {logging_mixin.py:190} INFO - [2026-02-13T14:37:41.805+0000] {dagbag.py:387} ERROR - Failed to import: /opt/airflow/dags/weather_pipeline_dag.py
Traceback (most recent call last):
  File "/home/airflow/.local/lib/python3.10/site-packages/airflow/models/dagbag.py", line 383, in parse
    loader.exec_module(new_module)
  File "<frozen importlib._bootstrap_external>", line 883, in exec_module
  File "<frozen importlib._bootstrap>", line 241, in _call_with_frames_removed
  File "/opt/airflow/dags/weather_pipeline_dag.py", line 10, in <module>
    from utils.data_quality import validate_weather
  File "/opt/airflow/dags/utils/data_quality.py", line 1, in <module>
    import great_expectations as ge
ModuleNotFoundError: No module named 'great_expectations'
[2026-02-13T14:37:41.829+0000] {processor.py:927} WARNING - No viable dags retrieved from /opt/airflow/dags/weather_pipeline_dag.py
[2026-02-13T14:37:41.877+0000] {processor.py:208} INFO - Processing /opt/airflow/dags/weather_pipeline_dag.py took 1.132 seconds
[2026-02-13T14:38:12.251+0000] {processor.py:186} INFO - Started process (PID=224) to work on /opt/airflow/dags/weather_pipeline_dag.py
[2026-02-13T14:38:12.255+0000] {processor.py:914} INFO - Processing file /opt/airflow/dags/weather_pipeline_dag.py for tasks to queue
[2026-02-13T14:38:12.262+0000] {logging_mixin.py:190} INFO - [2026-02-13T14:38:12.261+0000] {dagbag.py:588} INFO - Filling up the DagBag from /opt/airflow/dags/weather_pipeline_dag.py
[2026-02-13T14:38:13.433+0000] {logging_mixin.py:190} INFO - [2026-02-13T14:38:13.413+0000] {dagbag.py:387} ERROR - Failed to import: /opt/airflow/dags/weather_pipeline_dag.py
Traceback (most recent call last):
  File "/home/airflow/.local/lib/python3.10/site-packages/airflow/models/dagbag.py", line 383, in parse
    loader.exec_module(new_module)
  File "<frozen importlib._bootstrap_external>", line 883, in exec_module
  File "<frozen importlib._bootstrap>", line 241, in _call_with_frames_removed
  File "/opt/airflow/dags/weather_pipeline_dag.py", line 10, in <module>
    from utils.data_quality import validate_weather
  File "/opt/airflow/dags/utils/data_quality.py", line 1, in <module>
    import great_expectations as ge
ModuleNotFoundError: No module named 'great_expectations'
[2026-02-13T14:38:13.439+0000] {processor.py:927} WARNING - No viable dags retrieved from /opt/airflow/dags/weather_pipeline_dag.py
[2026-02-13T14:38:13.486+0000] {processor.py:208} INFO - Processing /opt/airflow/dags/weather_pipeline_dag.py took 1.262 seconds
[2026-02-13T14:38:43.818+0000] {processor.py:186} INFO - Started process (PID=230) to work on /opt/airflow/dags/weather_pipeline_dag.py
[2026-02-13T14:38:43.821+0000] {processor.py:914} INFO - Processing file /opt/airflow/dags/weather_pipeline_dag.py for tasks to queue
[2026-02-13T14:38:43.827+0000] {logging_mixin.py:190} INFO - [2026-02-13T14:38:43.826+0000] {dagbag.py:588} INFO - Filling up the DagBag from /opt/airflow/dags/weather_pipeline_dag.py
[2026-02-13T14:38:44.907+0000] {logging_mixin.py:190} INFO - [2026-02-13T14:38:44.892+0000] {dagbag.py:387} ERROR - Failed to import: /opt/airflow/dags/weather_pipeline_dag.py
Traceback (most recent call last):
  File "/home/airflow/.local/lib/python3.10/site-packages/airflow/models/dagbag.py", line 383, in parse
    loader.exec_module(new_module)
  File "<frozen importlib._bootstrap_external>", line 883, in exec_module
  File "<frozen importlib._bootstrap>", line 241, in _call_with_frames_removed
  File "/opt/airflow/dags/weather_pipeline_dag.py", line 10, in <module>
    from utils.data_quality import validate_weather
  File "/opt/airflow/dags/utils/data_quality.py", line 1, in <module>
    import great_expectations as ge
ModuleNotFoundError: No module named 'great_expectations'
[2026-02-13T14:38:44.912+0000] {processor.py:927} WARNING - No viable dags retrieved from /opt/airflow/dags/weather_pipeline_dag.py
[2026-02-13T14:38:44.951+0000] {processor.py:208} INFO - Processing /opt/airflow/dags/weather_pipeline_dag.py took 1.153 seconds
[2026-02-13T14:39:15.989+0000] {processor.py:186} INFO - Started process (PID=236) to work on /opt/airflow/dags/weather_pipeline_dag.py
[2026-02-13T14:39:15.991+0000] {processor.py:914} INFO - Processing file /opt/airflow/dags/weather_pipeline_dag.py for tasks to queue
[2026-02-13T14:39:15.997+0000] {logging_mixin.py:190} INFO - [2026-02-13T14:39:15.997+0000] {dagbag.py:588} INFO - Filling up the DagBag from /opt/airflow/dags/weather_pipeline_dag.py
[2026-02-13T14:39:16.918+0000] {logging_mixin.py:190} INFO - [2026-02-13T14:39:16.902+0000] {dagbag.py:387} ERROR - Failed to import: /opt/airflow/dags/weather_pipeline_dag.py
Traceback (most recent call last):
  File "/home/airflow/.local/lib/python3.10/site-packages/airflow/models/dagbag.py", line 383, in parse
    loader.exec_module(new_module)
  File "<frozen importlib._bootstrap_external>", line 883, in exec_module
  File "<frozen importlib._bootstrap>", line 241, in _call_with_frames_removed
  File "/opt/airflow/dags/weather_pipeline_dag.py", line 10, in <module>
    from utils.data_quality import validate_weather
  File "/opt/airflow/dags/utils/data_quality.py", line 1, in <module>
    import great_expectations as ge
ModuleNotFoundError: No module named 'great_expectations'
[2026-02-13T14:39:16.925+0000] {processor.py:927} WARNING - No viable dags retrieved from /opt/airflow/dags/weather_pipeline_dag.py
[2026-02-13T14:39:16.976+0000] {processor.py:208} INFO - Processing /opt/airflow/dags/weather_pipeline_dag.py took 0.998 seconds
[2026-02-13T14:39:47.585+0000] {processor.py:186} INFO - Started process (PID=242) to work on /opt/airflow/dags/weather_pipeline_dag.py
[2026-02-13T14:39:47.589+0000] {processor.py:914} INFO - Processing file /opt/airflow/dags/weather_pipeline_dag.py for tasks to queue
[2026-02-13T14:39:47.596+0000] {logging_mixin.py:190} INFO - [2026-02-13T14:39:47.595+0000] {dagbag.py:588} INFO - Filling up the DagBag from /opt/airflow/dags/weather_pipeline_dag.py
[2026-02-13T14:39:48.841+0000] {logging_mixin.py:190} INFO - [2026-02-13T14:39:48.826+0000] {dagbag.py:387} ERROR - Failed to import: /opt/airflow/dags/weather_pipeline_dag.py
Traceback (most recent call last):
  File "/home/airflow/.local/lib/python3.10/site-packages/airflow/models/dagbag.py", line 383, in parse
    loader.exec_module(new_module)
  File "<frozen importlib._bootstrap_external>", line 883, in exec_module
  File "<frozen importlib._bootstrap>", line 241, in _call_with_frames_removed
  File "/opt/airflow/dags/weather_pipeline_dag.py", line 10, in <module>
    from utils.data_quality import validate_weather
  File "/opt/airflow/dags/utils/data_quality.py", line 1, in <module>
    import great_expectations as ge
ModuleNotFoundError: No module named 'great_expectations'
[2026-02-13T14:39:48.849+0000] {processor.py:927} WARNING - No viable dags retrieved from /opt/airflow/dags/weather_pipeline_dag.py
[2026-02-13T14:39:48.891+0000] {processor.py:208} INFO - Processing /opt/airflow/dags/weather_pipeline_dag.py took 1.325 seconds
[2026-02-13T14:40:19.376+0000] {processor.py:186} INFO - Started process (PID=248) to work on /opt/airflow/dags/weather_pipeline_dag.py
[2026-02-13T14:40:19.378+0000] {processor.py:914} INFO - Processing file /opt/airflow/dags/weather_pipeline_dag.py for tasks to queue
[2026-02-13T14:40:19.383+0000] {logging_mixin.py:190} INFO - [2026-02-13T14:40:19.383+0000] {dagbag.py:588} INFO - Filling up the DagBag from /opt/airflow/dags/weather_pipeline_dag.py
[2026-02-13T14:40:20.206+0000] {logging_mixin.py:190} INFO - [2026-02-13T14:40:20.185+0000] {dagbag.py:387} ERROR - Failed to import: /opt/airflow/dags/weather_pipeline_dag.py
Traceback (most recent call last):
  File "/home/airflow/.local/lib/python3.10/site-packages/airflow/models/dagbag.py", line 383, in parse
    loader.exec_module(new_module)
  File "<frozen importlib._bootstrap_external>", line 883, in exec_module
  File "<frozen importlib._bootstrap>", line 241, in _call_with_frames_removed
  File "/opt/airflow/dags/weather_pipeline_dag.py", line 10, in <module>
    from utils.data_quality import validate_weather
  File "/opt/airflow/dags/utils/data_quality.py", line 1, in <module>
    import great_expectations as ge
ModuleNotFoundError: No module named 'great_expectations'
[2026-02-13T14:40:20.212+0000] {processor.py:927} WARNING - No viable dags retrieved from /opt/airflow/dags/weather_pipeline_dag.py
[2026-02-13T14:40:20.253+0000] {processor.py:208} INFO - Processing /opt/airflow/dags/weather_pipeline_dag.py took 0.893 seconds
[2026-02-13T14:40:50.456+0000] {processor.py:186} INFO - Started process (PID=254) to work on /opt/airflow/dags/weather_pipeline_dag.py
[2026-02-13T14:40:50.459+0000] {processor.py:914} INFO - Processing file /opt/airflow/dags/weather_pipeline_dag.py for tasks to queue
[2026-02-13T14:40:50.465+0000] {logging_mixin.py:190} INFO - [2026-02-13T14:40:50.465+0000] {dagbag.py:588} INFO - Filling up the DagBag from /opt/airflow/dags/weather_pipeline_dag.py
[2026-02-13T14:40:51.685+0000] {logging_mixin.py:190} INFO - [2026-02-13T14:40:51.665+0000] {dagbag.py:387} ERROR - Failed to import: /opt/airflow/dags/weather_pipeline_dag.py
Traceback (most recent call last):
  File "/home/airflow/.local/lib/python3.10/site-packages/airflow/models/dagbag.py", line 383, in parse
    loader.exec_module(new_module)
  File "<frozen importlib._bootstrap_external>", line 883, in exec_module
  File "<frozen importlib._bootstrap>", line 241, in _call_with_frames_removed
  File "/opt/airflow/dags/weather_pipeline_dag.py", line 10, in <module>
    from utils.data_quality import validate_weather
  File "/opt/airflow/dags/utils/data_quality.py", line 1, in <module>
    import great_expectations as ge
ModuleNotFoundError: No module named 'great_expectations'
[2026-02-13T14:40:51.691+0000] {processor.py:927} WARNING - No viable dags retrieved from /opt/airflow/dags/weather_pipeline_dag.py
[2026-02-13T14:40:51.735+0000] {processor.py:208} INFO - Processing /opt/airflow/dags/weather_pipeline_dag.py took 1.297 seconds
[2026-02-13T14:41:22.528+0000] {processor.py:186} INFO - Started process (PID=260) to work on /opt/airflow/dags/weather_pipeline_dag.py
[2026-02-13T14:41:22.535+0000] {processor.py:914} INFO - Processing file /opt/airflow/dags/weather_pipeline_dag.py for tasks to queue
[2026-02-13T14:41:22.549+0000] {logging_mixin.py:190} INFO - [2026-02-13T14:41:22.547+0000] {dagbag.py:588} INFO - Filling up the DagBag from /opt/airflow/dags/weather_pipeline_dag.py
[2026-02-13T14:41:25.108+0000] {logging_mixin.py:190} INFO - [2026-02-13T14:41:25.085+0000] {dagbag.py:387} ERROR - Failed to import: /opt/airflow/dags/weather_pipeline_dag.py
Traceback (most recent call last):
  File "/home/airflow/.local/lib/python3.10/site-packages/airflow/models/dagbag.py", line 383, in parse
    loader.exec_module(new_module)
  File "<frozen importlib._bootstrap_external>", line 883, in exec_module
  File "<frozen importlib._bootstrap>", line 241, in _call_with_frames_removed
  File "/opt/airflow/dags/weather_pipeline_dag.py", line 10, in <module>
    from utils.data_quality import validate_weather
  File "/opt/airflow/dags/utils/data_quality.py", line 1, in <module>
    import great_expectations as ge
ModuleNotFoundError: No module named 'great_expectations'
[2026-02-13T14:41:25.115+0000] {processor.py:927} WARNING - No viable dags retrieved from /opt/airflow/dags/weather_pipeline_dag.py
[2026-02-13T14:41:25.233+0000] {processor.py:208} INFO - Processing /opt/airflow/dags/weather_pipeline_dag.py took 2.742 seconds
[2026-02-13T14:41:55.928+0000] {processor.py:186} INFO - Started process (PID=266) to work on /opt/airflow/dags/weather_pipeline_dag.py
[2026-02-13T14:41:55.931+0000] {processor.py:914} INFO - Processing file /opt/airflow/dags/weather_pipeline_dag.py for tasks to queue
[2026-02-13T14:41:55.945+0000] {logging_mixin.py:190} INFO - [2026-02-13T14:41:55.944+0000] {dagbag.py:588} INFO - Filling up the DagBag from /opt/airflow/dags/weather_pipeline_dag.py
[2026-02-13T14:41:57.312+0000] {logging_mixin.py:190} INFO - [2026-02-13T14:41:57.290+0000] {dagbag.py:387} ERROR - Failed to import: /opt/airflow/dags/weather_pipeline_dag.py
Traceback (most recent call last):
  File "/home/airflow/.local/lib/python3.10/site-packages/airflow/models/dagbag.py", line 383, in parse
    loader.exec_module(new_module)
  File "<frozen importlib._bootstrap_external>", line 883, in exec_module
  File "<frozen importlib._bootstrap>", line 241, in _call_with_frames_removed
  File "/opt/airflow/dags/weather_pipeline_dag.py", line 10, in <module>
    from utils.data_quality import validate_weather
  File "/opt/airflow/dags/utils/data_quality.py", line 1, in <module>
    import great_expectations as ge
ModuleNotFoundError: No module named 'great_expectations'
[2026-02-13T14:41:57.321+0000] {processor.py:927} WARNING - No viable dags retrieved from /opt/airflow/dags/weather_pipeline_dag.py
[2026-02-13T14:41:57.389+0000] {processor.py:208} INFO - Processing /opt/airflow/dags/weather_pipeline_dag.py took 1.497 seconds
[2026-02-13T14:42:27.954+0000] {processor.py:186} INFO - Started process (PID=272) to work on /opt/airflow/dags/weather_pipeline_dag.py
[2026-02-13T14:42:27.957+0000] {processor.py:914} INFO - Processing file /opt/airflow/dags/weather_pipeline_dag.py for tasks to queue
[2026-02-13T14:42:27.961+0000] {logging_mixin.py:190} INFO - [2026-02-13T14:42:27.960+0000] {dagbag.py:588} INFO - Filling up the DagBag from /opt/airflow/dags/weather_pipeline_dag.py
[2026-02-13T14:42:28.909+0000] {logging_mixin.py:190} INFO - [2026-02-13T14:42:28.892+0000] {dagbag.py:387} ERROR - Failed to import: /opt/airflow/dags/weather_pipeline_dag.py
Traceback (most recent call last):
  File "/home/airflow/.local/lib/python3.10/site-packages/airflow/models/dagbag.py", line 383, in parse
    loader.exec_module(new_module)
  File "<frozen importlib._bootstrap_external>", line 883, in exec_module
  File "<frozen importlib._bootstrap>", line 241, in _call_with_frames_removed
  File "/opt/airflow/dags/weather_pipeline_dag.py", line 10, in <module>
    from utils.data_quality import validate_weather
  File "/opt/airflow/dags/utils/data_quality.py", line 1, in <module>
    import great_expectations as ge
ModuleNotFoundError: No module named 'great_expectations'
[2026-02-13T14:42:28.916+0000] {processor.py:927} WARNING - No viable dags retrieved from /opt/airflow/dags/weather_pipeline_dag.py
[2026-02-13T14:42:28.990+0000] {processor.py:208} INFO - Processing /opt/airflow/dags/weather_pipeline_dag.py took 1.052 seconds
[2026-02-13T14:42:59.479+0000] {processor.py:186} INFO - Started process (PID=278) to work on /opt/airflow/dags/weather_pipeline_dag.py
[2026-02-13T14:42:59.482+0000] {processor.py:914} INFO - Processing file /opt/airflow/dags/weather_pipeline_dag.py for tasks to queue
[2026-02-13T14:42:59.488+0000] {logging_mixin.py:190} INFO - [2026-02-13T14:42:59.488+0000] {dagbag.py:588} INFO - Filling up the DagBag from /opt/airflow/dags/weather_pipeline_dag.py
[2026-02-13T14:43:00.665+0000] {logging_mixin.py:190} INFO - [2026-02-13T14:43:00.646+0000] {dagbag.py:387} ERROR - Failed to import: /opt/airflow/dags/weather_pipeline_dag.py
Traceback (most recent call last):
  File "/home/airflow/.local/lib/python3.10/site-packages/airflow/models/dagbag.py", line 383, in parse
    loader.exec_module(new_module)
  File "<frozen importlib._bootstrap_external>", line 883, in exec_module
  File "<frozen importlib._bootstrap>", line 241, in _call_with_frames_removed
  File "/opt/airflow/dags/weather_pipeline_dag.py", line 10, in <module>
    from utils.data_quality import validate_weather
  File "/opt/airflow/dags/utils/data_quality.py", line 1, in <module>
    import great_expectations as ge
ModuleNotFoundError: No module named 'great_expectations'
[2026-02-13T14:43:00.671+0000] {processor.py:927} WARNING - No viable dags retrieved from /opt/airflow/dags/weather_pipeline_dag.py
[2026-02-13T14:43:00.726+0000] {processor.py:208} INFO - Processing /opt/airflow/dags/weather_pipeline_dag.py took 1.270 seconds
[2026-02-13T14:43:30.879+0000] {processor.py:186} INFO - Started process (PID=284) to work on /opt/airflow/dags/weather_pipeline_dag.py
[2026-02-13T14:43:30.882+0000] {processor.py:914} INFO - Processing file /opt/airflow/dags/weather_pipeline_dag.py for tasks to queue
[2026-02-13T14:43:30.888+0000] {logging_mixin.py:190} INFO - [2026-02-13T14:43:30.887+0000] {dagbag.py:588} INFO - Filling up the DagBag from /opt/airflow/dags/weather_pipeline_dag.py
[2026-02-13T14:43:31.779+0000] {logging_mixin.py:190} INFO - [2026-02-13T14:43:31.763+0000] {dagbag.py:387} ERROR - Failed to import: /opt/airflow/dags/weather_pipeline_dag.py
Traceback (most recent call last):
  File "/home/airflow/.local/lib/python3.10/site-packages/airflow/models/dagbag.py", line 383, in parse
    loader.exec_module(new_module)
  File "<frozen importlib._bootstrap_external>", line 883, in exec_module
  File "<frozen importlib._bootstrap>", line 241, in _call_with_frames_removed
  File "/opt/airflow/dags/weather_pipeline_dag.py", line 10, in <module>
    from utils.data_quality import validate_weather
  File "/opt/airflow/dags/utils/data_quality.py", line 1, in <module>
    import great_expectations as ge
ModuleNotFoundError: No module named 'great_expectations'
[2026-02-13T14:43:31.786+0000] {processor.py:927} WARNING - No viable dags retrieved from /opt/airflow/dags/weather_pipeline_dag.py
[2026-02-13T14:43:31.826+0000] {processor.py:208} INFO - Processing /opt/airflow/dags/weather_pipeline_dag.py took 0.963 seconds
[2026-02-13T14:44:02.816+0000] {processor.py:186} INFO - Started process (PID=290) to work on /opt/airflow/dags/weather_pipeline_dag.py
[2026-02-13T14:44:02.818+0000] {processor.py:914} INFO - Processing file /opt/airflow/dags/weather_pipeline_dag.py for tasks to queue
[2026-02-13T14:44:02.825+0000] {logging_mixin.py:190} INFO - [2026-02-13T14:44:02.825+0000] {dagbag.py:588} INFO - Filling up the DagBag from /opt/airflow/dags/weather_pipeline_dag.py
[2026-02-13T14:44:03.923+0000] {logging_mixin.py:190} INFO - [2026-02-13T14:44:03.904+0000] {dagbag.py:387} ERROR - Failed to import: /opt/airflow/dags/weather_pipeline_dag.py
Traceback (most recent call last):
  File "/home/airflow/.local/lib/python3.10/site-packages/airflow/models/dagbag.py", line 383, in parse
    loader.exec_module(new_module)
  File "<frozen importlib._bootstrap_external>", line 883, in exec_module
  File "<frozen importlib._bootstrap>", line 241, in _call_with_frames_removed
  File "/opt/airflow/dags/weather_pipeline_dag.py", line 10, in <module>
    from utils.data_quality import validate_weather
  File "/opt/airflow/dags/utils/data_quality.py", line 1, in <module>
    import great_expectations as ge
ModuleNotFoundError: No module named 'great_expectations'
[2026-02-13T14:44:03.929+0000] {processor.py:927} WARNING - No viable dags retrieved from /opt/airflow/dags/weather_pipeline_dag.py
[2026-02-13T14:44:03.978+0000] {processor.py:208} INFO - Processing /opt/airflow/dags/weather_pipeline_dag.py took 1.178 seconds
[2026-02-13T14:44:34.354+0000] {processor.py:186} INFO - Started process (PID=296) to work on /opt/airflow/dags/weather_pipeline_dag.py
[2026-02-13T14:44:34.358+0000] {processor.py:914} INFO - Processing file /opt/airflow/dags/weather_pipeline_dag.py for tasks to queue
[2026-02-13T14:44:34.367+0000] {logging_mixin.py:190} INFO - [2026-02-13T14:44:34.366+0000] {dagbag.py:588} INFO - Filling up the DagBag from /opt/airflow/dags/weather_pipeline_dag.py
[2026-02-13T14:44:35.481+0000] {logging_mixin.py:190} INFO - [2026-02-13T14:44:35.463+0000] {dagbag.py:387} ERROR - Failed to import: /opt/airflow/dags/weather_pipeline_dag.py
Traceback (most recent call last):
  File "/home/airflow/.local/lib/python3.10/site-packages/airflow/models/dagbag.py", line 383, in parse
    loader.exec_module(new_module)
  File "<frozen importlib._bootstrap_external>", line 883, in exec_module
  File "<frozen importlib._bootstrap>", line 241, in _call_with_frames_removed
  File "/opt/airflow/dags/weather_pipeline_dag.py", line 10, in <module>
    from utils.data_quality import validate_weather
  File "/opt/airflow/dags/utils/data_quality.py", line 1, in <module>
    import great_expectations as ge
ModuleNotFoundError: No module named 'great_expectations'
[2026-02-13T14:44:35.486+0000] {processor.py:927} WARNING - No viable dags retrieved from /opt/airflow/dags/weather_pipeline_dag.py
[2026-02-13T14:44:35.540+0000] {processor.py:208} INFO - Processing /opt/airflow/dags/weather_pipeline_dag.py took 1.202 seconds
[2026-02-13T14:45:06.009+0000] {processor.py:186} INFO - Started process (PID=302) to work on /opt/airflow/dags/weather_pipeline_dag.py
[2026-02-13T14:45:06.011+0000] {processor.py:914} INFO - Processing file /opt/airflow/dags/weather_pipeline_dag.py for tasks to queue
[2026-02-13T14:45:06.016+0000] {logging_mixin.py:190} INFO - [2026-02-13T14:45:06.015+0000] {dagbag.py:588} INFO - Filling up the DagBag from /opt/airflow/dags/weather_pipeline_dag.py
[2026-02-13T14:45:06.835+0000] {logging_mixin.py:190} INFO - [2026-02-13T14:45:06.820+0000] {dagbag.py:387} ERROR - Failed to import: /opt/airflow/dags/weather_pipeline_dag.py
Traceback (most recent call last):
  File "/home/airflow/.local/lib/python3.10/site-packages/airflow/models/dagbag.py", line 383, in parse
    loader.exec_module(new_module)
  File "<frozen importlib._bootstrap_external>", line 883, in exec_module
  File "<frozen importlib._bootstrap>", line 241, in _call_with_frames_removed
  File "/opt/airflow/dags/weather_pipeline_dag.py", line 10, in <module>
    from utils.data_quality import validate_weather
  File "/opt/airflow/dags/utils/data_quality.py", line 1, in <module>
    import great_expectations as ge
ModuleNotFoundError: No module named 'great_expectations'
[2026-02-13T14:45:06.839+0000] {processor.py:927} WARNING - No viable dags retrieved from /opt/airflow/dags/weather_pipeline_dag.py
[2026-02-13T14:45:06.878+0000] {processor.py:208} INFO - Processing /opt/airflow/dags/weather_pipeline_dag.py took 0.881 seconds
[2026-02-13T14:45:37.453+0000] {processor.py:186} INFO - Started process (PID=308) to work on /opt/airflow/dags/weather_pipeline_dag.py
[2026-02-13T14:45:37.456+0000] {processor.py:914} INFO - Processing file /opt/airflow/dags/weather_pipeline_dag.py for tasks to queue
[2026-02-13T14:45:37.461+0000] {logging_mixin.py:190} INFO - [2026-02-13T14:45:37.459+0000] {dagbag.py:588} INFO - Filling up the DagBag from /opt/airflow/dags/weather_pipeline_dag.py
[2026-02-13T14:45:39.401+0000] {logging_mixin.py:190} INFO - [2026-02-13T14:45:39.376+0000] {dagbag.py:387} ERROR - Failed to import: /opt/airflow/dags/weather_pipeline_dag.py
Traceback (most recent call last):
  File "/home/airflow/.local/lib/python3.10/site-packages/airflow/models/dagbag.py", line 383, in parse
    loader.exec_module(new_module)
  File "<frozen importlib._bootstrap_external>", line 883, in exec_module
  File "<frozen importlib._bootstrap>", line 241, in _call_with_frames_removed
  File "/opt/airflow/dags/weather_pipeline_dag.py", line 10, in <module>
    from utils.data_quality import validate_weather
  File "/opt/airflow/dags/utils/data_quality.py", line 1, in <module>
    import great_expectations as ge
ModuleNotFoundError: No module named 'great_expectations'
[2026-02-13T14:45:39.407+0000] {processor.py:927} WARNING - No viable dags retrieved from /opt/airflow/dags/weather_pipeline_dag.py
[2026-02-13T14:45:39.465+0000] {processor.py:208} INFO - Processing /opt/airflow/dags/weather_pipeline_dag.py took 2.025 seconds
[2026-02-13T14:46:09.904+0000] {processor.py:186} INFO - Started process (PID=314) to work on /opt/airflow/dags/weather_pipeline_dag.py
[2026-02-13T14:46:09.906+0000] {processor.py:914} INFO - Processing file /opt/airflow/dags/weather_pipeline_dag.py for tasks to queue
[2026-02-13T14:46:09.914+0000] {logging_mixin.py:190} INFO - [2026-02-13T14:46:09.913+0000] {dagbag.py:588} INFO - Filling up the DagBag from /opt/airflow/dags/weather_pipeline_dag.py
[2026-02-13T14:46:10.945+0000] {logging_mixin.py:190} INFO - [2026-02-13T14:46:10.929+0000] {dagbag.py:387} ERROR - Failed to import: /opt/airflow/dags/weather_pipeline_dag.py
Traceback (most recent call last):
  File "/home/airflow/.local/lib/python3.10/site-packages/airflow/models/dagbag.py", line 383, in parse
    loader.exec_module(new_module)
  File "<frozen importlib._bootstrap_external>", line 883, in exec_module
  File "<frozen importlib._bootstrap>", line 241, in _call_with_frames_removed
  File "/opt/airflow/dags/weather_pipeline_dag.py", line 10, in <module>
    from utils.data_quality import validate_weather
  File "/opt/airflow/dags/utils/data_quality.py", line 1, in <module>
    import great_expectations as ge
ModuleNotFoundError: No module named 'great_expectations'
[2026-02-13T14:46:10.952+0000] {processor.py:927} WARNING - No viable dags retrieved from /opt/airflow/dags/weather_pipeline_dag.py
[2026-02-13T14:46:11.000+0000] {processor.py:208} INFO - Processing /opt/airflow/dags/weather_pipeline_dag.py took 1.112 seconds
[2026-02-13T14:48:15.710+0000] {processor.py:186} INFO - Started process (PID=175) to work on /opt/airflow/dags/weather_pipeline_dag.py
[2026-02-13T14:48:15.719+0000] {processor.py:914} INFO - Processing file /opt/airflow/dags/weather_pipeline_dag.py for tasks to queue
[2026-02-13T14:48:15.723+0000] {logging_mixin.py:190} INFO - [2026-02-13T14:48:15.723+0000] {dagbag.py:588} INFO - Filling up the DagBag from /opt/airflow/dags/weather_pipeline_dag.py
[2026-02-13T14:48:19.701+0000] {logging_mixin.py:190} INFO - [2026-02-13T14:48:19.682+0000] {dagbag.py:387} ERROR - Failed to import: /opt/airflow/dags/weather_pipeline_dag.py
Traceback (most recent call last):
  File "/home/airflow/.local/lib/python3.10/site-packages/airflow/models/dagbag.py", line 383, in parse
    loader.exec_module(new_module)
  File "<frozen importlib._bootstrap_external>", line 883, in exec_module
  File "<frozen importlib._bootstrap>", line 241, in _call_with_frames_removed
  File "/opt/airflow/dags/weather_pipeline_dag.py", line 10, in <module>
    from utils.data_quality import validate_weather
  File "/opt/airflow/dags/utils/data_quality.py", line 1, in <module>
    import great_expectations as ge
ModuleNotFoundError: No module named 'great_expectations'
[2026-02-13T14:48:19.707+0000] {processor.py:927} WARNING - No viable dags retrieved from /opt/airflow/dags/weather_pipeline_dag.py
[2026-02-13T14:48:19.743+0000] {processor.py:208} INFO - Processing /opt/airflow/dags/weather_pipeline_dag.py took 4.048 seconds
[2026-02-13T14:48:50.250+0000] {processor.py:186} INFO - Started process (PID=181) to work on /opt/airflow/dags/weather_pipeline_dag.py
[2026-02-13T14:48:50.256+0000] {processor.py:914} INFO - Processing file /opt/airflow/dags/weather_pipeline_dag.py for tasks to queue
[2026-02-13T14:48:50.266+0000] {logging_mixin.py:190} INFO - [2026-02-13T14:48:50.265+0000] {dagbag.py:588} INFO - Filling up the DagBag from /opt/airflow/dags/weather_pipeline_dag.py
[2026-02-13T14:48:51.502+0000] {logging_mixin.py:190} INFO - [2026-02-13T14:48:51.477+0000] {dagbag.py:387} ERROR - Failed to import: /opt/airflow/dags/weather_pipeline_dag.py
Traceback (most recent call last):
  File "/home/airflow/.local/lib/python3.10/site-packages/airflow/models/dagbag.py", line 383, in parse
    loader.exec_module(new_module)
  File "<frozen importlib._bootstrap_external>", line 883, in exec_module
  File "<frozen importlib._bootstrap>", line 241, in _call_with_frames_removed
  File "/opt/airflow/dags/weather_pipeline_dag.py", line 10, in <module>
    from utils.data_quality import validate_weather
  File "/opt/airflow/dags/utils/data_quality.py", line 1, in <module>
    import great_expectations as ge
ModuleNotFoundError: No module named 'great_expectations'
[2026-02-13T14:48:51.508+0000] {processor.py:927} WARNING - No viable dags retrieved from /opt/airflow/dags/weather_pipeline_dag.py
[2026-02-13T14:48:51.556+0000] {processor.py:208} INFO - Processing /opt/airflow/dags/weather_pipeline_dag.py took 1.323 seconds
[2026-02-13T14:49:21.725+0000] {processor.py:186} INFO - Started process (PID=187) to work on /opt/airflow/dags/weather_pipeline_dag.py
[2026-02-13T14:49:21.727+0000] {processor.py:914} INFO - Processing file /opt/airflow/dags/weather_pipeline_dag.py for tasks to queue
[2026-02-13T14:49:21.734+0000] {logging_mixin.py:190} INFO - [2026-02-13T14:49:21.733+0000] {dagbag.py:588} INFO - Filling up the DagBag from /opt/airflow/dags/weather_pipeline_dag.py
[2026-02-13T14:49:22.843+0000] {logging_mixin.py:190} INFO - [2026-02-13T14:49:22.825+0000] {dagbag.py:387} ERROR - Failed to import: /opt/airflow/dags/weather_pipeline_dag.py
Traceback (most recent call last):
  File "/home/airflow/.local/lib/python3.10/site-packages/airflow/models/dagbag.py", line 383, in parse
    loader.exec_module(new_module)
  File "<frozen importlib._bootstrap_external>", line 883, in exec_module
  File "<frozen importlib._bootstrap>", line 241, in _call_with_frames_removed
  File "/opt/airflow/dags/weather_pipeline_dag.py", line 10, in <module>
    from utils.data_quality import validate_weather
  File "/opt/airflow/dags/utils/data_quality.py", line 1, in <module>
    import great_expectations as ge
ModuleNotFoundError: No module named 'great_expectations'
[2026-02-13T14:49:22.850+0000] {processor.py:927} WARNING - No viable dags retrieved from /opt/airflow/dags/weather_pipeline_dag.py
[2026-02-13T14:49:22.903+0000] {processor.py:208} INFO - Processing /opt/airflow/dags/weather_pipeline_dag.py took 1.194 seconds
[2026-02-13T14:49:53.197+0000] {processor.py:186} INFO - Started process (PID=193) to work on /opt/airflow/dags/weather_pipeline_dag.py
[2026-02-13T14:49:53.201+0000] {processor.py:914} INFO - Processing file /opt/airflow/dags/weather_pipeline_dag.py for tasks to queue
[2026-02-13T14:49:53.207+0000] {logging_mixin.py:190} INFO - [2026-02-13T14:49:53.207+0000] {dagbag.py:588} INFO - Filling up the DagBag from /opt/airflow/dags/weather_pipeline_dag.py
[2026-02-13T14:49:54.411+0000] {logging_mixin.py:190} INFO - [2026-02-13T14:49:54.393+0000] {dagbag.py:387} ERROR - Failed to import: /opt/airflow/dags/weather_pipeline_dag.py
Traceback (most recent call last):
  File "/home/airflow/.local/lib/python3.10/site-packages/airflow/models/dagbag.py", line 383, in parse
    loader.exec_module(new_module)
  File "<frozen importlib._bootstrap_external>", line 883, in exec_module
  File "<frozen importlib._bootstrap>", line 241, in _call_with_frames_removed
  File "/opt/airflow/dags/weather_pipeline_dag.py", line 10, in <module>
    from utils.data_quality import validate_weather
  File "/opt/airflow/dags/utils/data_quality.py", line 1, in <module>
    import great_expectations as ge
ModuleNotFoundError: No module named 'great_expectations'
[2026-02-13T14:49:54.418+0000] {processor.py:927} WARNING - No viable dags retrieved from /opt/airflow/dags/weather_pipeline_dag.py
[2026-02-13T14:49:54.465+0000] {processor.py:208} INFO - Processing /opt/airflow/dags/weather_pipeline_dag.py took 1.287 seconds
[2026-02-13T14:50:24.925+0000] {processor.py:186} INFO - Started process (PID=199) to work on /opt/airflow/dags/weather_pipeline_dag.py
[2026-02-13T14:50:24.930+0000] {processor.py:914} INFO - Processing file /opt/airflow/dags/weather_pipeline_dag.py for tasks to queue
[2026-02-13T14:50:24.941+0000] {logging_mixin.py:190} INFO - [2026-02-13T14:50:24.939+0000] {dagbag.py:588} INFO - Filling up the DagBag from /opt/airflow/dags/weather_pipeline_dag.py
[2026-02-13T14:50:26.155+0000] {logging_mixin.py:190} INFO - [2026-02-13T14:50:26.139+0000] {dagbag.py:387} ERROR - Failed to import: /opt/airflow/dags/weather_pipeline_dag.py
Traceback (most recent call last):
  File "/home/airflow/.local/lib/python3.10/site-packages/airflow/models/dagbag.py", line 383, in parse
    loader.exec_module(new_module)
  File "<frozen importlib._bootstrap_external>", line 883, in exec_module
  File "<frozen importlib._bootstrap>", line 241, in _call_with_frames_removed
  File "/opt/airflow/dags/weather_pipeline_dag.py", line 10, in <module>
    from utils.data_quality import validate_weather
  File "/opt/airflow/dags/utils/data_quality.py", line 1, in <module>
    import great_expectations as ge
ModuleNotFoundError: No module named 'great_expectations'
[2026-02-13T14:50:26.163+0000] {processor.py:927} WARNING - No viable dags retrieved from /opt/airflow/dags/weather_pipeline_dag.py
[2026-02-13T14:50:26.202+0000] {processor.py:208} INFO - Processing /opt/airflow/dags/weather_pipeline_dag.py took 1.303 seconds
[2026-02-13T14:50:56.360+0000] {processor.py:186} INFO - Started process (PID=205) to work on /opt/airflow/dags/weather_pipeline_dag.py
[2026-02-13T14:50:56.362+0000] {processor.py:914} INFO - Processing file /opt/airflow/dags/weather_pipeline_dag.py for tasks to queue
[2026-02-13T14:50:56.368+0000] {logging_mixin.py:190} INFO - [2026-02-13T14:50:56.368+0000] {dagbag.py:588} INFO - Filling up the DagBag from /opt/airflow/dags/weather_pipeline_dag.py
[2026-02-13T14:50:57.252+0000] {logging_mixin.py:190} INFO - [2026-02-13T14:50:57.238+0000] {dagbag.py:387} ERROR - Failed to import: /opt/airflow/dags/weather_pipeline_dag.py
Traceback (most recent call last):
  File "/home/airflow/.local/lib/python3.10/site-packages/airflow/models/dagbag.py", line 383, in parse
    loader.exec_module(new_module)
  File "<frozen importlib._bootstrap_external>", line 883, in exec_module
  File "<frozen importlib._bootstrap>", line 241, in _call_with_frames_removed
  File "/opt/airflow/dags/weather_pipeline_dag.py", line 10, in <module>
    from utils.data_quality import validate_weather
  File "/opt/airflow/dags/utils/data_quality.py", line 1, in <module>
    import great_expectations as ge
ModuleNotFoundError: No module named 'great_expectations'
[2026-02-13T14:50:57.256+0000] {processor.py:927} WARNING - No viable dags retrieved from /opt/airflow/dags/weather_pipeline_dag.py
[2026-02-13T14:50:57.288+0000] {processor.py:208} INFO - Processing /opt/airflow/dags/weather_pipeline_dag.py took 0.939 seconds
[2026-02-13T14:51:27.793+0000] {processor.py:186} INFO - Started process (PID=211) to work on /opt/airflow/dags/weather_pipeline_dag.py
[2026-02-13T14:51:27.796+0000] {processor.py:914} INFO - Processing file /opt/airflow/dags/weather_pipeline_dag.py for tasks to queue
[2026-02-13T14:51:27.802+0000] {logging_mixin.py:190} INFO - [2026-02-13T14:51:27.801+0000] {dagbag.py:588} INFO - Filling up the DagBag from /opt/airflow/dags/weather_pipeline_dag.py
[2026-02-13T14:51:28.907+0000] {logging_mixin.py:190} INFO - [2026-02-13T14:51:28.890+0000] {dagbag.py:387} ERROR - Failed to import: /opt/airflow/dags/weather_pipeline_dag.py
Traceback (most recent call last):
  File "/home/airflow/.local/lib/python3.10/site-packages/airflow/models/dagbag.py", line 383, in parse
    loader.exec_module(new_module)
  File "<frozen importlib._bootstrap_external>", line 883, in exec_module
  File "<frozen importlib._bootstrap>", line 241, in _call_with_frames_removed
  File "/opt/airflow/dags/weather_pipeline_dag.py", line 10, in <module>
    from utils.data_quality import validate_weather
  File "/opt/airflow/dags/utils/data_quality.py", line 1, in <module>
    import great_expectations as ge
ModuleNotFoundError: No module named 'great_expectations'
[2026-02-13T14:51:28.913+0000] {processor.py:927} WARNING - No viable dags retrieved from /opt/airflow/dags/weather_pipeline_dag.py
[2026-02-13T14:51:28.965+0000] {processor.py:208} INFO - Processing /opt/airflow/dags/weather_pipeline_dag.py took 1.185 seconds
[2026-02-13T14:51:59.289+0000] {processor.py:186} INFO - Started process (PID=217) to work on /opt/airflow/dags/weather_pipeline_dag.py
[2026-02-13T14:51:59.292+0000] {processor.py:914} INFO - Processing file /opt/airflow/dags/weather_pipeline_dag.py for tasks to queue
[2026-02-13T14:51:59.299+0000] {logging_mixin.py:190} INFO - [2026-02-13T14:51:59.298+0000] {dagbag.py:588} INFO - Filling up the DagBag from /opt/airflow/dags/weather_pipeline_dag.py
[2026-02-13T14:52:00.457+0000] {logging_mixin.py:190} INFO - [2026-02-13T14:52:00.426+0000] {dagbag.py:387} ERROR - Failed to import: /opt/airflow/dags/weather_pipeline_dag.py
Traceback (most recent call last):
  File "/home/airflow/.local/lib/python3.10/site-packages/airflow/models/dagbag.py", line 383, in parse
    loader.exec_module(new_module)
  File "<frozen importlib._bootstrap_external>", line 883, in exec_module
  File "<frozen importlib._bootstrap>", line 241, in _call_with_frames_removed
  File "/opt/airflow/dags/weather_pipeline_dag.py", line 10, in <module>
    from utils.data_quality import validate_weather
  File "/opt/airflow/dags/utils/data_quality.py", line 1, in <module>
    import great_expectations as ge
ModuleNotFoundError: No module named 'great_expectations'
[2026-02-13T14:52:00.471+0000] {processor.py:927} WARNING - No viable dags retrieved from /opt/airflow/dags/weather_pipeline_dag.py
[2026-02-13T14:52:00.536+0000] {processor.py:208} INFO - Processing /opt/airflow/dags/weather_pipeline_dag.py took 1.263 seconds
[2026-02-13T14:52:31.039+0000] {processor.py:186} INFO - Started process (PID=223) to work on /opt/airflow/dags/weather_pipeline_dag.py
[2026-02-13T14:52:31.043+0000] {processor.py:914} INFO - Processing file /opt/airflow/dags/weather_pipeline_dag.py for tasks to queue
[2026-02-13T14:52:31.050+0000] {logging_mixin.py:190} INFO - [2026-02-13T14:52:31.050+0000] {dagbag.py:588} INFO - Filling up the DagBag from /opt/airflow/dags/weather_pipeline_dag.py
[2026-02-13T14:52:32.442+0000] {logging_mixin.py:190} INFO - [2026-02-13T14:52:32.425+0000] {dagbag.py:387} ERROR - Failed to import: /opt/airflow/dags/weather_pipeline_dag.py
Traceback (most recent call last):
  File "/home/airflow/.local/lib/python3.10/site-packages/airflow/models/dagbag.py", line 383, in parse
    loader.exec_module(new_module)
  File "<frozen importlib._bootstrap_external>", line 883, in exec_module
  File "<frozen importlib._bootstrap>", line 241, in _call_with_frames_removed
  File "/opt/airflow/dags/weather_pipeline_dag.py", line 10, in <module>
    from utils.data_quality import validate_weather
  File "/opt/airflow/dags/utils/data_quality.py", line 1, in <module>
    import great_expectations as ge
ModuleNotFoundError: No module named 'great_expectations'
[2026-02-13T14:52:32.447+0000] {processor.py:927} WARNING - No viable dags retrieved from /opt/airflow/dags/weather_pipeline_dag.py
[2026-02-13T14:52:32.497+0000] {processor.py:208} INFO - Processing /opt/airflow/dags/weather_pipeline_dag.py took 1.479 seconds
[2026-02-13T14:53:14.567+0000] {processor.py:186} INFO - Started process (PID=175) to work on /opt/airflow/dags/weather_pipeline_dag.py
[2026-02-13T14:53:14.570+0000] {processor.py:914} INFO - Processing file /opt/airflow/dags/weather_pipeline_dag.py for tasks to queue
[2026-02-13T14:53:14.575+0000] {logging_mixin.py:190} INFO - [2026-02-13T14:53:14.574+0000] {dagbag.py:588} INFO - Filling up the DagBag from /opt/airflow/dags/weather_pipeline_dag.py
[2026-02-13T14:53:16.749+0000] {logging_mixin.py:190} INFO - [2026-02-13T14:53:16.737+0000] {dagbag.py:387} ERROR - Failed to import: /opt/airflow/dags/weather_pipeline_dag.py
Traceback (most recent call last):
  File "/home/airflow/.local/lib/python3.10/site-packages/airflow/models/dagbag.py", line 383, in parse
    loader.exec_module(new_module)
  File "<frozen importlib._bootstrap_external>", line 883, in exec_module
  File "<frozen importlib._bootstrap>", line 241, in _call_with_frames_removed
  File "/opt/airflow/dags/weather_pipeline_dag.py", line 10, in <module>
    from utils.data_quality import validate_weather
  File "/opt/airflow/dags/utils/data_quality.py", line 1, in <module>
    import great_expectations as ge
ModuleNotFoundError: No module named 'great_expectations'
[2026-02-13T14:53:16.755+0000] {processor.py:927} WARNING - No viable dags retrieved from /opt/airflow/dags/weather_pipeline_dag.py
[2026-02-13T14:53:16.792+0000] {processor.py:208} INFO - Processing /opt/airflow/dags/weather_pipeline_dag.py took 2.237 seconds
[2026-02-13T14:53:47.745+0000] {processor.py:186} INFO - Started process (PID=181) to work on /opt/airflow/dags/weather_pipeline_dag.py
[2026-02-13T14:53:47.749+0000] {processor.py:914} INFO - Processing file /opt/airflow/dags/weather_pipeline_dag.py for tasks to queue
[2026-02-13T14:53:47.757+0000] {logging_mixin.py:190} INFO - [2026-02-13T14:53:47.756+0000] {dagbag.py:588} INFO - Filling up the DagBag from /opt/airflow/dags/weather_pipeline_dag.py
[2026-02-13T14:53:48.894+0000] {logging_mixin.py:190} INFO - [2026-02-13T14:53:48.843+0000] {dagbag.py:387} ERROR - Failed to import: /opt/airflow/dags/weather_pipeline_dag.py
Traceback (most recent call last):
  File "/home/airflow/.local/lib/python3.10/site-packages/airflow/models/dagbag.py", line 383, in parse
    loader.exec_module(new_module)
  File "<frozen importlib._bootstrap_external>", line 883, in exec_module
  File "<frozen importlib._bootstrap>", line 241, in _call_with_frames_removed
  File "/opt/airflow/dags/weather_pipeline_dag.py", line 10, in <module>
    from utils.data_quality import validate_weather
  File "/opt/airflow/dags/utils/data_quality.py", line 1, in <module>
    import great_expectations as ge
ModuleNotFoundError: No module named 'great_expectations'
[2026-02-13T14:53:48.902+0000] {processor.py:927} WARNING - No viable dags retrieved from /opt/airflow/dags/weather_pipeline_dag.py
[2026-02-13T14:53:48.956+0000] {processor.py:208} INFO - Processing /opt/airflow/dags/weather_pipeline_dag.py took 1.346 seconds
[2026-02-13T14:54:19.318+0000] {processor.py:186} INFO - Started process (PID=187) to work on /opt/airflow/dags/weather_pipeline_dag.py
[2026-02-13T14:54:19.321+0000] {processor.py:914} INFO - Processing file /opt/airflow/dags/weather_pipeline_dag.py for tasks to queue
[2026-02-13T14:54:19.336+0000] {logging_mixin.py:190} INFO - [2026-02-13T14:54:19.336+0000] {dagbag.py:588} INFO - Filling up the DagBag from /opt/airflow/dags/weather_pipeline_dag.py
[2026-02-13T14:54:20.343+0000] {logging_mixin.py:190} INFO - [2026-02-13T14:54:20.326+0000] {dagbag.py:387} ERROR - Failed to import: /opt/airflow/dags/weather_pipeline_dag.py
Traceback (most recent call last):
  File "/home/airflow/.local/lib/python3.10/site-packages/airflow/models/dagbag.py", line 383, in parse
    loader.exec_module(new_module)
  File "<frozen importlib._bootstrap_external>", line 883, in exec_module
  File "<frozen importlib._bootstrap>", line 241, in _call_with_frames_removed
  File "/opt/airflow/dags/weather_pipeline_dag.py", line 10, in <module>
    from utils.data_quality import validate_weather
  File "/opt/airflow/dags/utils/data_quality.py", line 1, in <module>
    import great_expectations as ge
ModuleNotFoundError: No module named 'great_expectations'
[2026-02-13T14:54:20.349+0000] {processor.py:927} WARNING - No viable dags retrieved from /opt/airflow/dags/weather_pipeline_dag.py
[2026-02-13T14:54:20.388+0000] {processor.py:208} INFO - Processing /opt/airflow/dags/weather_pipeline_dag.py took 1.092 seconds
[2026-02-13T14:54:50.959+0000] {processor.py:186} INFO - Started process (PID=193) to work on /opt/airflow/dags/weather_pipeline_dag.py
[2026-02-13T14:54:50.961+0000] {processor.py:914} INFO - Processing file /opt/airflow/dags/weather_pipeline_dag.py for tasks to queue
[2026-02-13T14:54:50.969+0000] {logging_mixin.py:190} INFO - [2026-02-13T14:54:50.968+0000] {dagbag.py:588} INFO - Filling up the DagBag from /opt/airflow/dags/weather_pipeline_dag.py
[2026-02-13T14:54:51.992+0000] {logging_mixin.py:190} INFO - [2026-02-13T14:54:51.977+0000] {dagbag.py:387} ERROR - Failed to import: /opt/airflow/dags/weather_pipeline_dag.py
Traceback (most recent call last):
  File "/home/airflow/.local/lib/python3.10/site-packages/airflow/models/dagbag.py", line 383, in parse
    loader.exec_module(new_module)
  File "<frozen importlib._bootstrap_external>", line 883, in exec_module
  File "<frozen importlib._bootstrap>", line 241, in _call_with_frames_removed
  File "/opt/airflow/dags/weather_pipeline_dag.py", line 10, in <module>
    from utils.data_quality import validate_weather
  File "/opt/airflow/dags/utils/data_quality.py", line 1, in <module>
    import great_expectations as ge
ModuleNotFoundError: No module named 'great_expectations'
[2026-02-13T14:54:51.998+0000] {processor.py:927} WARNING - No viable dags retrieved from /opt/airflow/dags/weather_pipeline_dag.py
[2026-02-13T14:54:52.040+0000] {processor.py:208} INFO - Processing /opt/airflow/dags/weather_pipeline_dag.py took 1.095 seconds
[2026-02-13T14:55:22.517+0000] {processor.py:186} INFO - Started process (PID=199) to work on /opt/airflow/dags/weather_pipeline_dag.py
[2026-02-13T14:55:22.520+0000] {processor.py:914} INFO - Processing file /opt/airflow/dags/weather_pipeline_dag.py for tasks to queue
[2026-02-13T14:55:22.527+0000] {logging_mixin.py:190} INFO - [2026-02-13T14:55:22.526+0000] {dagbag.py:588} INFO - Filling up the DagBag from /opt/airflow/dags/weather_pipeline_dag.py
[2026-02-13T14:55:23.620+0000] {logging_mixin.py:190} INFO - [2026-02-13T14:55:23.599+0000] {dagbag.py:387} ERROR - Failed to import: /opt/airflow/dags/weather_pipeline_dag.py
Traceback (most recent call last):
  File "/home/airflow/.local/lib/python3.10/site-packages/airflow/models/dagbag.py", line 383, in parse
    loader.exec_module(new_module)
  File "<frozen importlib._bootstrap_external>", line 883, in exec_module
  File "<frozen importlib._bootstrap>", line 241, in _call_with_frames_removed
  File "/opt/airflow/dags/weather_pipeline_dag.py", line 10, in <module>
    from utils.data_quality import validate_weather
  File "/opt/airflow/dags/utils/data_quality.py", line 1, in <module>
    import great_expectations as ge
ModuleNotFoundError: No module named 'great_expectations'
[2026-02-13T14:55:23.626+0000] {processor.py:927} WARNING - No viable dags retrieved from /opt/airflow/dags/weather_pipeline_dag.py
[2026-02-13T14:55:23.672+0000] {processor.py:208} INFO - Processing /opt/airflow/dags/weather_pipeline_dag.py took 1.174 seconds
[2026-02-13T14:55:54.194+0000] {processor.py:186} INFO - Started process (PID=205) to work on /opt/airflow/dags/weather_pipeline_dag.py
[2026-02-13T14:55:54.198+0000] {processor.py:914} INFO - Processing file /opt/airflow/dags/weather_pipeline_dag.py for tasks to queue
[2026-02-13T14:55:54.205+0000] {logging_mixin.py:190} INFO - [2026-02-13T14:55:54.205+0000] {dagbag.py:588} INFO - Filling up the DagBag from /opt/airflow/dags/weather_pipeline_dag.py
[2026-02-13T14:55:55.603+0000] {logging_mixin.py:190} INFO - [2026-02-13T14:55:55.579+0000] {dagbag.py:387} ERROR - Failed to import: /opt/airflow/dags/weather_pipeline_dag.py
Traceback (most recent call last):
  File "/home/airflow/.local/lib/python3.10/site-packages/airflow/models/dagbag.py", line 383, in parse
    loader.exec_module(new_module)
  File "<frozen importlib._bootstrap_external>", line 883, in exec_module
  File "<frozen importlib._bootstrap>", line 241, in _call_with_frames_removed
  File "/opt/airflow/dags/weather_pipeline_dag.py", line 10, in <module>
    from utils.data_quality import validate_weather
  File "/opt/airflow/dags/utils/data_quality.py", line 1, in <module>
    import great_expectations as ge
ModuleNotFoundError: No module named 'great_expectations'
[2026-02-13T14:55:55.611+0000] {processor.py:927} WARNING - No viable dags retrieved from /opt/airflow/dags/weather_pipeline_dag.py
[2026-02-13T14:55:55.662+0000] {processor.py:208} INFO - Processing /opt/airflow/dags/weather_pipeline_dag.py took 1.491 seconds
[2026-02-13T14:56:25.850+0000] {processor.py:186} INFO - Started process (PID=211) to work on /opt/airflow/dags/weather_pipeline_dag.py
[2026-02-13T14:56:25.853+0000] {processor.py:914} INFO - Processing file /opt/airflow/dags/weather_pipeline_dag.py for tasks to queue
[2026-02-13T14:56:25.864+0000] {logging_mixin.py:190} INFO - [2026-02-13T14:56:25.862+0000] {dagbag.py:588} INFO - Filling up the DagBag from /opt/airflow/dags/weather_pipeline_dag.py
[2026-02-13T14:56:27.158+0000] {logging_mixin.py:190} INFO - [2026-02-13T14:56:27.139+0000] {dagbag.py:387} ERROR - Failed to import: /opt/airflow/dags/weather_pipeline_dag.py
Traceback (most recent call last):
  File "/home/airflow/.local/lib/python3.10/site-packages/airflow/models/dagbag.py", line 383, in parse
    loader.exec_module(new_module)
  File "<frozen importlib._bootstrap_external>", line 883, in exec_module
  File "<frozen importlib._bootstrap>", line 241, in _call_with_frames_removed
  File "/opt/airflow/dags/weather_pipeline_dag.py", line 10, in <module>
    from utils.data_quality import validate_weather
  File "/opt/airflow/dags/utils/data_quality.py", line 1, in <module>
    import great_expectations as ge
ModuleNotFoundError: No module named 'great_expectations'
[2026-02-13T14:56:27.165+0000] {processor.py:927} WARNING - No viable dags retrieved from /opt/airflow/dags/weather_pipeline_dag.py
[2026-02-13T14:56:27.216+0000] {processor.py:208} INFO - Processing /opt/airflow/dags/weather_pipeline_dag.py took 1.388 seconds
[2026-02-13T14:56:57.765+0000] {processor.py:186} INFO - Started process (PID=217) to work on /opt/airflow/dags/weather_pipeline_dag.py
[2026-02-13T14:56:57.768+0000] {processor.py:914} INFO - Processing file /opt/airflow/dags/weather_pipeline_dag.py for tasks to queue
[2026-02-13T14:56:57.774+0000] {logging_mixin.py:190} INFO - [2026-02-13T14:56:57.774+0000] {dagbag.py:588} INFO - Filling up the DagBag from /opt/airflow/dags/weather_pipeline_dag.py
[2026-02-13T14:56:58.953+0000] {logging_mixin.py:190} INFO - [2026-02-13T14:56:58.935+0000] {dagbag.py:387} ERROR - Failed to import: /opt/airflow/dags/weather_pipeline_dag.py
Traceback (most recent call last):
  File "/home/airflow/.local/lib/python3.10/site-packages/airflow/models/dagbag.py", line 383, in parse
    loader.exec_module(new_module)
  File "<frozen importlib._bootstrap_external>", line 883, in exec_module
  File "<frozen importlib._bootstrap>", line 241, in _call_with_frames_removed
  File "/opt/airflow/dags/weather_pipeline_dag.py", line 10, in <module>
    from utils.data_quality import validate_weather
  File "/opt/airflow/dags/utils/data_quality.py", line 1, in <module>
    import great_expectations as ge
ModuleNotFoundError: No module named 'great_expectations'
[2026-02-13T14:56:58.959+0000] {processor.py:927} WARNING - No viable dags retrieved from /opt/airflow/dags/weather_pipeline_dag.py
[2026-02-13T14:56:58.996+0000] {processor.py:208} INFO - Processing /opt/airflow/dags/weather_pipeline_dag.py took 1.246 seconds
[2026-02-13T14:57:29.329+0000] {processor.py:186} INFO - Started process (PID=223) to work on /opt/airflow/dags/weather_pipeline_dag.py
[2026-02-13T14:57:29.332+0000] {processor.py:914} INFO - Processing file /opt/airflow/dags/weather_pipeline_dag.py for tasks to queue
[2026-02-13T14:57:29.340+0000] {logging_mixin.py:190} INFO - [2026-02-13T14:57:29.339+0000] {dagbag.py:588} INFO - Filling up the DagBag from /opt/airflow/dags/weather_pipeline_dag.py
[2026-02-13T14:57:30.376+0000] {logging_mixin.py:190} INFO - [2026-02-13T14:57:30.359+0000] {dagbag.py:387} ERROR - Failed to import: /opt/airflow/dags/weather_pipeline_dag.py
Traceback (most recent call last):
  File "/home/airflow/.local/lib/python3.10/site-packages/airflow/models/dagbag.py", line 383, in parse
    loader.exec_module(new_module)
  File "<frozen importlib._bootstrap_external>", line 883, in exec_module
  File "<frozen importlib._bootstrap>", line 241, in _call_with_frames_removed
  File "/opt/airflow/dags/weather_pipeline_dag.py", line 10, in <module>
    from utils.data_quality import validate_weather
  File "/opt/airflow/dags/utils/data_quality.py", line 1, in <module>
    import great_expectations as ge
ModuleNotFoundError: No module named 'great_expectations'
[2026-02-13T14:57:30.382+0000] {processor.py:927} WARNING - No viable dags retrieved from /opt/airflow/dags/weather_pipeline_dag.py
[2026-02-13T14:57:30.423+0000] {processor.py:208} INFO - Processing /opt/airflow/dags/weather_pipeline_dag.py took 1.112 seconds
[2026-02-13T14:58:08.266+0000] {processor.py:186} INFO - Started process (PID=175) to work on /opt/airflow/dags/weather_pipeline_dag.py
[2026-02-13T14:58:08.269+0000] {processor.py:914} INFO - Processing file /opt/airflow/dags/weather_pipeline_dag.py for tasks to queue
[2026-02-13T14:58:08.273+0000] {logging_mixin.py:190} INFO - [2026-02-13T14:58:08.273+0000] {dagbag.py:588} INFO - Filling up the DagBag from /opt/airflow/dags/weather_pipeline_dag.py
[2026-02-13T14:58:10.339+0000] {logging_mixin.py:190} INFO - [2026-02-13T14:58:10.320+0000] {dagbag.py:387} ERROR - Failed to import: /opt/airflow/dags/weather_pipeline_dag.py
Traceback (most recent call last):
  File "/home/airflow/.local/lib/python3.10/site-packages/airflow/models/dagbag.py", line 383, in parse
    loader.exec_module(new_module)
  File "<frozen importlib._bootstrap_external>", line 883, in exec_module
  File "<frozen importlib._bootstrap>", line 241, in _call_with_frames_removed
  File "/opt/airflow/dags/weather_pipeline_dag.py", line 10, in <module>
    from utils.data_quality import validate_weather
  File "/opt/airflow/dags/utils/data_quality.py", line 1, in <module>
    import great_expectations as ge
ModuleNotFoundError: No module named 'great_expectations'
[2026-02-13T14:58:10.345+0000] {processor.py:927} WARNING - No viable dags retrieved from /opt/airflow/dags/weather_pipeline_dag.py
[2026-02-13T14:58:10.382+0000] {processor.py:208} INFO - Processing /opt/airflow/dags/weather_pipeline_dag.py took 2.127 seconds
[2026-02-13T14:58:40.796+0000] {processor.py:186} INFO - Started process (PID=181) to work on /opt/airflow/dags/weather_pipeline_dag.py
[2026-02-13T14:58:40.800+0000] {processor.py:914} INFO - Processing file /opt/airflow/dags/weather_pipeline_dag.py for tasks to queue
[2026-02-13T14:58:40.807+0000] {logging_mixin.py:190} INFO - [2026-02-13T14:58:40.806+0000] {dagbag.py:588} INFO - Filling up the DagBag from /opt/airflow/dags/weather_pipeline_dag.py
[2026-02-13T14:58:41.936+0000] {logging_mixin.py:190} INFO - [2026-02-13T14:58:41.913+0000] {dagbag.py:387} ERROR - Failed to import: /opt/airflow/dags/weather_pipeline_dag.py
Traceback (most recent call last):
  File "/home/airflow/.local/lib/python3.10/site-packages/airflow/models/dagbag.py", line 383, in parse
    loader.exec_module(new_module)
  File "<frozen importlib._bootstrap_external>", line 883, in exec_module
  File "<frozen importlib._bootstrap>", line 241, in _call_with_frames_removed
  File "/opt/airflow/dags/weather_pipeline_dag.py", line 10, in <module>
    from utils.data_quality import validate_weather
  File "/opt/airflow/dags/utils/data_quality.py", line 1, in <module>
    import great_expectations as ge
ModuleNotFoundError: No module named 'great_expectations'
[2026-02-13T14:58:41.945+0000] {processor.py:927} WARNING - No viable dags retrieved from /opt/airflow/dags/weather_pipeline_dag.py
[2026-02-13T14:58:42.003+0000] {processor.py:208} INFO - Processing /opt/airflow/dags/weather_pipeline_dag.py took 1.225 seconds
[2026-02-13T14:59:12.362+0000] {processor.py:186} INFO - Started process (PID=187) to work on /opt/airflow/dags/weather_pipeline_dag.py
[2026-02-13T14:59:12.365+0000] {processor.py:914} INFO - Processing file /opt/airflow/dags/weather_pipeline_dag.py for tasks to queue
[2026-02-13T14:59:12.379+0000] {logging_mixin.py:190} INFO - [2026-02-13T14:59:12.378+0000] {dagbag.py:588} INFO - Filling up the DagBag from /opt/airflow/dags/weather_pipeline_dag.py
[2026-02-13T14:59:13.613+0000] {logging_mixin.py:190} INFO - [2026-02-13T14:59:13.582+0000] {dagbag.py:387} ERROR - Failed to import: /opt/airflow/dags/weather_pipeline_dag.py
Traceback (most recent call last):
  File "/home/airflow/.local/lib/python3.10/site-packages/airflow/models/dagbag.py", line 383, in parse
    loader.exec_module(new_module)
  File "<frozen importlib._bootstrap_external>", line 883, in exec_module
  File "<frozen importlib._bootstrap>", line 241, in _call_with_frames_removed
  File "/opt/airflow/dags/weather_pipeline_dag.py", line 10, in <module>
    from utils.data_quality import validate_weather
  File "/opt/airflow/dags/utils/data_quality.py", line 1, in <module>
    import great_expectations as ge
ModuleNotFoundError: No module named 'great_expectations'
[2026-02-13T14:59:13.625+0000] {processor.py:927} WARNING - No viable dags retrieved from /opt/airflow/dags/weather_pipeline_dag.py
[2026-02-13T14:59:13.691+0000] {processor.py:208} INFO - Processing /opt/airflow/dags/weather_pipeline_dag.py took 1.346 seconds
[2026-02-13T14:59:44.132+0000] {processor.py:186} INFO - Started process (PID=193) to work on /opt/airflow/dags/weather_pipeline_dag.py
[2026-02-13T14:59:44.135+0000] {processor.py:914} INFO - Processing file /opt/airflow/dags/weather_pipeline_dag.py for tasks to queue
[2026-02-13T14:59:44.140+0000] {logging_mixin.py:190} INFO - [2026-02-13T14:59:44.140+0000] {dagbag.py:588} INFO - Filling up the DagBag from /opt/airflow/dags/weather_pipeline_dag.py
[2026-02-13T14:59:45.275+0000] {logging_mixin.py:190} INFO - [2026-02-13T14:59:45.257+0000] {dagbag.py:387} ERROR - Failed to import: /opt/airflow/dags/weather_pipeline_dag.py
Traceback (most recent call last):
  File "/home/airflow/.local/lib/python3.10/site-packages/airflow/models/dagbag.py", line 383, in parse
    loader.exec_module(new_module)
  File "<frozen importlib._bootstrap_external>", line 883, in exec_module
  File "<frozen importlib._bootstrap>", line 241, in _call_with_frames_removed
  File "/opt/airflow/dags/weather_pipeline_dag.py", line 10, in <module>
    from utils.data_quality import validate_weather
  File "/opt/airflow/dags/utils/data_quality.py", line 1, in <module>
    import great_expectations as ge
ModuleNotFoundError: No module named 'great_expectations'
[2026-02-13T14:59:45.281+0000] {processor.py:927} WARNING - No viable dags retrieved from /opt/airflow/dags/weather_pipeline_dag.py
[2026-02-13T14:59:45.322+0000] {processor.py:208} INFO - Processing /opt/airflow/dags/weather_pipeline_dag.py took 1.206 seconds
[2026-02-13T15:00:15.651+0000] {processor.py:186} INFO - Started process (PID=199) to work on /opt/airflow/dags/weather_pipeline_dag.py
[2026-02-13T15:00:15.654+0000] {processor.py:914} INFO - Processing file /opt/airflow/dags/weather_pipeline_dag.py for tasks to queue
[2026-02-13T15:00:15.660+0000] {logging_mixin.py:190} INFO - [2026-02-13T15:00:15.659+0000] {dagbag.py:588} INFO - Filling up the DagBag from /opt/airflow/dags/weather_pipeline_dag.py
[2026-02-13T15:00:16.966+0000] {logging_mixin.py:190} INFO - [2026-02-13T15:00:16.946+0000] {dagbag.py:387} ERROR - Failed to import: /opt/airflow/dags/weather_pipeline_dag.py
Traceback (most recent call last):
  File "/home/airflow/.local/lib/python3.10/site-packages/airflow/models/dagbag.py", line 383, in parse
    loader.exec_module(new_module)
  File "<frozen importlib._bootstrap_external>", line 883, in exec_module
  File "<frozen importlib._bootstrap>", line 241, in _call_with_frames_removed
  File "/opt/airflow/dags/weather_pipeline_dag.py", line 10, in <module>
    from utils.data_quality import validate_weather
  File "/opt/airflow/dags/utils/data_quality.py", line 1, in <module>
    import great_expectations as ge
ModuleNotFoundError: No module named 'great_expectations'
[2026-02-13T15:00:16.973+0000] {processor.py:927} WARNING - No viable dags retrieved from /opt/airflow/dags/weather_pipeline_dag.py
[2026-02-13T15:00:17.017+0000] {processor.py:208} INFO - Processing /opt/airflow/dags/weather_pipeline_dag.py took 1.381 seconds
[2026-02-13T15:01:23.769+0000] {processor.py:186} INFO - Started process (PID=176) to work on /opt/airflow/dags/weather_pipeline_dag.py
[2026-02-13T15:01:23.771+0000] {processor.py:914} INFO - Processing file /opt/airflow/dags/weather_pipeline_dag.py for tasks to queue
[2026-02-13T15:01:23.774+0000] {logging_mixin.py:190} INFO - [2026-02-13T15:01:23.774+0000] {dagbag.py:588} INFO - Filling up the DagBag from /opt/airflow/dags/weather_pipeline_dag.py
[2026-02-13T15:01:26.198+0000] {logging_mixin.py:190} INFO - [2026-02-13T15:01:26.188+0000] {dagbag.py:387} ERROR - Failed to import: /opt/airflow/dags/weather_pipeline_dag.py
Traceback (most recent call last):
  File "/home/airflow/.local/lib/python3.10/site-packages/airflow/models/dagbag.py", line 383, in parse
    loader.exec_module(new_module)
  File "<frozen importlib._bootstrap_external>", line 883, in exec_module
  File "<frozen importlib._bootstrap>", line 241, in _call_with_frames_removed
  File "/opt/airflow/dags/weather_pipeline_dag.py", line 10, in <module>
    from utils.data_quality import validate_weather
  File "/opt/airflow/dags/utils/data_quality.py", line 1, in <module>
    import great_expectations as ge
ModuleNotFoundError: No module named 'great_expectations'
[2026-02-13T15:01:26.203+0000] {processor.py:927} WARNING - No viable dags retrieved from /opt/airflow/dags/weather_pipeline_dag.py
[2026-02-13T15:01:26.241+0000] {processor.py:208} INFO - Processing /opt/airflow/dags/weather_pipeline_dag.py took 2.484 seconds
[2026-02-13T15:01:56.803+0000] {processor.py:186} INFO - Started process (PID=182) to work on /opt/airflow/dags/weather_pipeline_dag.py
[2026-02-13T15:01:56.806+0000] {processor.py:914} INFO - Processing file /opt/airflow/dags/weather_pipeline_dag.py for tasks to queue
[2026-02-13T15:01:56.812+0000] {logging_mixin.py:190} INFO - [2026-02-13T15:01:56.811+0000] {dagbag.py:588} INFO - Filling up the DagBag from /opt/airflow/dags/weather_pipeline_dag.py
[2026-02-13T15:01:57.863+0000] {logging_mixin.py:190} INFO - [2026-02-13T15:01:57.846+0000] {dagbag.py:387} ERROR - Failed to import: /opt/airflow/dags/weather_pipeline_dag.py
Traceback (most recent call last):
  File "/home/airflow/.local/lib/python3.10/site-packages/airflow/models/dagbag.py", line 383, in parse
    loader.exec_module(new_module)
  File "<frozen importlib._bootstrap_external>", line 883, in exec_module
  File "<frozen importlib._bootstrap>", line 241, in _call_with_frames_removed
  File "/opt/airflow/dags/weather_pipeline_dag.py", line 10, in <module>
    from utils.data_quality import validate_weather
  File "/opt/airflow/dags/utils/data_quality.py", line 1, in <module>
    import great_expectations as ge
ModuleNotFoundError: No module named 'great_expectations'
[2026-02-13T15:01:57.871+0000] {processor.py:927} WARNING - No viable dags retrieved from /opt/airflow/dags/weather_pipeline_dag.py
[2026-02-13T15:01:57.939+0000] {processor.py:208} INFO - Processing /opt/airflow/dags/weather_pipeline_dag.py took 1.155 seconds
[2026-02-13T15:02:28.227+0000] {processor.py:186} INFO - Started process (PID=188) to work on /opt/airflow/dags/weather_pipeline_dag.py
[2026-02-13T15:02:28.230+0000] {processor.py:914} INFO - Processing file /opt/airflow/dags/weather_pipeline_dag.py for tasks to queue
[2026-02-13T15:02:28.241+0000] {logging_mixin.py:190} INFO - [2026-02-13T15:02:28.241+0000] {dagbag.py:588} INFO - Filling up the DagBag from /opt/airflow/dags/weather_pipeline_dag.py
[2026-02-13T15:02:29.373+0000] {logging_mixin.py:190} INFO - [2026-02-13T15:02:29.350+0000] {dagbag.py:387} ERROR - Failed to import: /opt/airflow/dags/weather_pipeline_dag.py
Traceback (most recent call last):
  File "/home/airflow/.local/lib/python3.10/site-packages/airflow/models/dagbag.py", line 383, in parse
    loader.exec_module(new_module)
  File "<frozen importlib._bootstrap_external>", line 883, in exec_module
  File "<frozen importlib._bootstrap>", line 241, in _call_with_frames_removed
  File "/opt/airflow/dags/weather_pipeline_dag.py", line 10, in <module>
    from utils.data_quality import validate_weather
  File "/opt/airflow/dags/utils/data_quality.py", line 1, in <module>
    import great_expectations as ge
ModuleNotFoundError: No module named 'great_expectations'
[2026-02-13T15:02:29.379+0000] {processor.py:927} WARNING - No viable dags retrieved from /opt/airflow/dags/weather_pipeline_dag.py
[2026-02-13T15:02:29.419+0000] {processor.py:208} INFO - Processing /opt/airflow/dags/weather_pipeline_dag.py took 1.206 seconds
[2026-02-13T15:02:59.984+0000] {processor.py:186} INFO - Started process (PID=194) to work on /opt/airflow/dags/weather_pipeline_dag.py
[2026-02-13T15:02:59.987+0000] {processor.py:914} INFO - Processing file /opt/airflow/dags/weather_pipeline_dag.py for tasks to queue
[2026-02-13T15:02:59.993+0000] {logging_mixin.py:190} INFO - [2026-02-13T15:02:59.992+0000] {dagbag.py:588} INFO - Filling up the DagBag from /opt/airflow/dags/weather_pipeline_dag.py
[2026-02-13T15:03:01.208+0000] {logging_mixin.py:190} INFO - [2026-02-13T15:03:01.188+0000] {dagbag.py:387} ERROR - Failed to import: /opt/airflow/dags/weather_pipeline_dag.py
Traceback (most recent call last):
  File "/home/airflow/.local/lib/python3.10/site-packages/airflow/models/dagbag.py", line 383, in parse
    loader.exec_module(new_module)
  File "<frozen importlib._bootstrap_external>", line 883, in exec_module
  File "<frozen importlib._bootstrap>", line 241, in _call_with_frames_removed
  File "/opt/airflow/dags/weather_pipeline_dag.py", line 10, in <module>
    from utils.data_quality import validate_weather
  File "/opt/airflow/dags/utils/data_quality.py", line 1, in <module>
    import great_expectations as ge
ModuleNotFoundError: No module named 'great_expectations'
[2026-02-13T15:03:01.216+0000] {processor.py:927} WARNING - No viable dags retrieved from /opt/airflow/dags/weather_pipeline_dag.py
[2026-02-13T15:03:01.265+0000] {processor.py:208} INFO - Processing /opt/airflow/dags/weather_pipeline_dag.py took 1.297 seconds
[2026-02-13T15:03:31.439+0000] {processor.py:186} INFO - Started process (PID=200) to work on /opt/airflow/dags/weather_pipeline_dag.py
[2026-02-13T15:03:31.443+0000] {processor.py:914} INFO - Processing file /opt/airflow/dags/weather_pipeline_dag.py for tasks to queue
[2026-02-13T15:03:31.450+0000] {logging_mixin.py:190} INFO - [2026-02-13T15:03:31.449+0000] {dagbag.py:588} INFO - Filling up the DagBag from /opt/airflow/dags/weather_pipeline_dag.py
[2026-02-13T15:03:32.569+0000] {logging_mixin.py:190} INFO - [2026-02-13T15:03:32.550+0000] {dagbag.py:387} ERROR - Failed to import: /opt/airflow/dags/weather_pipeline_dag.py
Traceback (most recent call last):
  File "/home/airflow/.local/lib/python3.10/site-packages/airflow/models/dagbag.py", line 383, in parse
    loader.exec_module(new_module)
  File "<frozen importlib._bootstrap_external>", line 883, in exec_module
  File "<frozen importlib._bootstrap>", line 241, in _call_with_frames_removed
  File "/opt/airflow/dags/weather_pipeline_dag.py", line 10, in <module>
    from utils.data_quality import validate_weather
  File "/opt/airflow/dags/utils/data_quality.py", line 1, in <module>
    import great_expectations as ge
ModuleNotFoundError: No module named 'great_expectations'
[2026-02-13T15:03:32.576+0000] {processor.py:927} WARNING - No viable dags retrieved from /opt/airflow/dags/weather_pipeline_dag.py
[2026-02-13T15:03:32.627+0000] {processor.py:208} INFO - Processing /opt/airflow/dags/weather_pipeline_dag.py took 1.204 seconds
[2026-02-13T15:04:02.901+0000] {processor.py:186} INFO - Started process (PID=206) to work on /opt/airflow/dags/weather_pipeline_dag.py
[2026-02-13T15:04:02.905+0000] {processor.py:914} INFO - Processing file /opt/airflow/dags/weather_pipeline_dag.py for tasks to queue
[2026-02-13T15:04:02.911+0000] {logging_mixin.py:190} INFO - [2026-02-13T15:04:02.911+0000] {dagbag.py:588} INFO - Filling up the DagBag from /opt/airflow/dags/weather_pipeline_dag.py
[2026-02-13T15:04:04.040+0000] {logging_mixin.py:190} INFO - [2026-02-13T15:04:04.022+0000] {dagbag.py:387} ERROR - Failed to import: /opt/airflow/dags/weather_pipeline_dag.py
Traceback (most recent call last):
  File "/home/airflow/.local/lib/python3.10/site-packages/airflow/models/dagbag.py", line 383, in parse
    loader.exec_module(new_module)
  File "<frozen importlib._bootstrap_external>", line 883, in exec_module
  File "<frozen importlib._bootstrap>", line 241, in _call_with_frames_removed
  File "/opt/airflow/dags/weather_pipeline_dag.py", line 10, in <module>
    from utils.data_quality import validate_weather
  File "/opt/airflow/dags/utils/data_quality.py", line 1, in <module>
    import great_expectations as ge
ModuleNotFoundError: No module named 'great_expectations'
[2026-02-13T15:04:04.046+0000] {processor.py:927} WARNING - No viable dags retrieved from /opt/airflow/dags/weather_pipeline_dag.py
[2026-02-13T15:04:04.096+0000] {processor.py:208} INFO - Processing /opt/airflow/dags/weather_pipeline_dag.py took 1.218 seconds
[2026-02-13T15:04:34.680+0000] {processor.py:186} INFO - Started process (PID=212) to work on /opt/airflow/dags/weather_pipeline_dag.py
[2026-02-13T15:04:34.683+0000] {processor.py:914} INFO - Processing file /opt/airflow/dags/weather_pipeline_dag.py for tasks to queue
[2026-02-13T15:04:34.691+0000] {logging_mixin.py:190} INFO - [2026-02-13T15:04:34.690+0000] {dagbag.py:588} INFO - Filling up the DagBag from /opt/airflow/dags/weather_pipeline_dag.py
[2026-02-13T15:04:35.749+0000] {logging_mixin.py:190} INFO - [2026-02-13T15:04:35.730+0000] {dagbag.py:387} ERROR - Failed to import: /opt/airflow/dags/weather_pipeline_dag.py
Traceback (most recent call last):
  File "/home/airflow/.local/lib/python3.10/site-packages/airflow/models/dagbag.py", line 383, in parse
    loader.exec_module(new_module)
  File "<frozen importlib._bootstrap_external>", line 883, in exec_module
  File "<frozen importlib._bootstrap>", line 241, in _call_with_frames_removed
  File "/opt/airflow/dags/weather_pipeline_dag.py", line 10, in <module>
    from utils.data_quality import validate_weather
  File "/opt/airflow/dags/utils/data_quality.py", line 1, in <module>
    import great_expectations as ge
ModuleNotFoundError: No module named 'great_expectations'
[2026-02-13T15:04:35.756+0000] {processor.py:927} WARNING - No viable dags retrieved from /opt/airflow/dags/weather_pipeline_dag.py
[2026-02-13T15:04:35.809+0000] {processor.py:208} INFO - Processing /opt/airflow/dags/weather_pipeline_dag.py took 1.143 seconds
[2026-02-13T15:05:06.125+0000] {processor.py:186} INFO - Started process (PID=218) to work on /opt/airflow/dags/weather_pipeline_dag.py
[2026-02-13T15:05:06.128+0000] {processor.py:914} INFO - Processing file /opt/airflow/dags/weather_pipeline_dag.py for tasks to queue
[2026-02-13T15:05:06.134+0000] {logging_mixin.py:190} INFO - [2026-02-13T15:05:06.133+0000] {dagbag.py:588} INFO - Filling up the DagBag from /opt/airflow/dags/weather_pipeline_dag.py
[2026-02-13T15:05:07.192+0000] {logging_mixin.py:190} INFO - [2026-02-13T15:05:07.176+0000] {dagbag.py:387} ERROR - Failed to import: /opt/airflow/dags/weather_pipeline_dag.py
Traceback (most recent call last):
  File "/home/airflow/.local/lib/python3.10/site-packages/airflow/models/dagbag.py", line 383, in parse
    loader.exec_module(new_module)
  File "<frozen importlib._bootstrap_external>", line 883, in exec_module
  File "<frozen importlib._bootstrap>", line 241, in _call_with_frames_removed
  File "/opt/airflow/dags/weather_pipeline_dag.py", line 10, in <module>
    from utils.data_quality import validate_weather
  File "/opt/airflow/dags/utils/data_quality.py", line 1, in <module>
    import great_expectations as ge
ModuleNotFoundError: No module named 'great_expectations'
[2026-02-13T15:05:07.198+0000] {processor.py:927} WARNING - No viable dags retrieved from /opt/airflow/dags/weather_pipeline_dag.py
[2026-02-13T15:05:07.256+0000] {processor.py:208} INFO - Processing /opt/airflow/dags/weather_pipeline_dag.py took 1.145 seconds
[2026-02-13T15:05:37.765+0000] {processor.py:186} INFO - Started process (PID=224) to work on /opt/airflow/dags/weather_pipeline_dag.py
[2026-02-13T15:05:37.769+0000] {processor.py:914} INFO - Processing file /opt/airflow/dags/weather_pipeline_dag.py for tasks to queue
[2026-02-13T15:05:37.774+0000] {logging_mixin.py:190} INFO - [2026-02-13T15:05:37.774+0000] {dagbag.py:588} INFO - Filling up the DagBag from /opt/airflow/dags/weather_pipeline_dag.py
[2026-02-13T15:05:38.993+0000] {logging_mixin.py:190} INFO - [2026-02-13T15:05:38.968+0000] {dagbag.py:387} ERROR - Failed to import: /opt/airflow/dags/weather_pipeline_dag.py
Traceback (most recent call last):
  File "/home/airflow/.local/lib/python3.10/site-packages/airflow/models/dagbag.py", line 383, in parse
    loader.exec_module(new_module)
  File "<frozen importlib._bootstrap_external>", line 883, in exec_module
  File "<frozen importlib._bootstrap>", line 241, in _call_with_frames_removed
  File "/opt/airflow/dags/weather_pipeline_dag.py", line 10, in <module>
    from utils.data_quality import validate_weather
  File "/opt/airflow/dags/utils/data_quality.py", line 1, in <module>
    import great_expectations as ge
ModuleNotFoundError: No module named 'great_expectations'
[2026-02-13T15:05:39.000+0000] {processor.py:927} WARNING - No viable dags retrieved from /opt/airflow/dags/weather_pipeline_dag.py
[2026-02-13T15:05:39.051+0000] {processor.py:208} INFO - Processing /opt/airflow/dags/weather_pipeline_dag.py took 1.301 seconds
[2026-02-13T15:06:39.898+0000] {processor.py:186} INFO - Started process (PID=175) to work on /opt/airflow/dags/weather_pipeline_dag.py
[2026-02-13T15:06:39.901+0000] {processor.py:914} INFO - Processing file /opt/airflow/dags/weather_pipeline_dag.py for tasks to queue
[2026-02-13T15:06:39.904+0000] {logging_mixin.py:190} INFO - [2026-02-13T15:06:39.904+0000] {dagbag.py:588} INFO - Filling up the DagBag from /opt/airflow/dags/weather_pipeline_dag.py
[2026-02-13T15:06:41.982+0000] {logging_mixin.py:190} INFO - [2026-02-13T15:06:41.963+0000] {dagbag.py:387} ERROR - Failed to import: /opt/airflow/dags/weather_pipeline_dag.py
Traceback (most recent call last):
  File "/home/airflow/.local/lib/python3.10/site-packages/airflow/models/dagbag.py", line 383, in parse
    loader.exec_module(new_module)
  File "<frozen importlib._bootstrap_external>", line 883, in exec_module
  File "<frozen importlib._bootstrap>", line 241, in _call_with_frames_removed
  File "/opt/airflow/dags/weather_pipeline_dag.py", line 10, in <module>
    from utils.data_quality import validate_weather
  File "/opt/airflow/dags/utils/data_quality.py", line 1, in <module>
    import great_expectations as ge
ModuleNotFoundError: No module named 'great_expectations'
[2026-02-13T15:06:41.987+0000] {processor.py:927} WARNING - No viable dags retrieved from /opt/airflow/dags/weather_pipeline_dag.py
[2026-02-13T15:06:42.021+0000] {processor.py:208} INFO - Processing /opt/airflow/dags/weather_pipeline_dag.py took 2.138 seconds
[2026-02-13T15:07:12.433+0000] {processor.py:186} INFO - Started process (PID=181) to work on /opt/airflow/dags/weather_pipeline_dag.py
[2026-02-13T15:07:12.437+0000] {processor.py:914} INFO - Processing file /opt/airflow/dags/weather_pipeline_dag.py for tasks to queue
[2026-02-13T15:07:12.443+0000] {logging_mixin.py:190} INFO - [2026-02-13T15:07:12.443+0000] {dagbag.py:588} INFO - Filling up the DagBag from /opt/airflow/dags/weather_pipeline_dag.py
[2026-02-13T15:07:13.551+0000] {logging_mixin.py:190} INFO - [2026-02-13T15:07:13.530+0000] {dagbag.py:387} ERROR - Failed to import: /opt/airflow/dags/weather_pipeline_dag.py
Traceback (most recent call last):
  File "/home/airflow/.local/lib/python3.10/site-packages/airflow/models/dagbag.py", line 383, in parse
    loader.exec_module(new_module)
  File "<frozen importlib._bootstrap_external>", line 883, in exec_module
  File "<frozen importlib._bootstrap>", line 241, in _call_with_frames_removed
  File "/opt/airflow/dags/weather_pipeline_dag.py", line 10, in <module>
    from utils.data_quality import validate_weather
  File "/opt/airflow/dags/utils/data_quality.py", line 1, in <module>
    import great_expectations as ge
ModuleNotFoundError: No module named 'great_expectations'
[2026-02-13T15:07:13.558+0000] {processor.py:927} WARNING - No viable dags retrieved from /opt/airflow/dags/weather_pipeline_dag.py
[2026-02-13T15:07:13.605+0000] {processor.py:208} INFO - Processing /opt/airflow/dags/weather_pipeline_dag.py took 1.188 seconds
[2026-02-13T15:07:43.968+0000] {processor.py:186} INFO - Started process (PID=187) to work on /opt/airflow/dags/weather_pipeline_dag.py
[2026-02-13T15:07:43.972+0000] {processor.py:914} INFO - Processing file /opt/airflow/dags/weather_pipeline_dag.py for tasks to queue
[2026-02-13T15:07:43.991+0000] {logging_mixin.py:190} INFO - [2026-02-13T15:07:43.990+0000] {dagbag.py:588} INFO - Filling up the DagBag from /opt/airflow/dags/weather_pipeline_dag.py
[2026-02-13T15:07:45.217+0000] {logging_mixin.py:190} INFO - [2026-02-13T15:07:45.191+0000] {dagbag.py:387} ERROR - Failed to import: /opt/airflow/dags/weather_pipeline_dag.py
Traceback (most recent call last):
  File "/home/airflow/.local/lib/python3.10/site-packages/airflow/models/dagbag.py", line 383, in parse
    loader.exec_module(new_module)
  File "<frozen importlib._bootstrap_external>", line 883, in exec_module
  File "<frozen importlib._bootstrap>", line 241, in _call_with_frames_removed
  File "/opt/airflow/dags/weather_pipeline_dag.py", line 10, in <module>
    from utils.data_quality import validate_weather
  File "/opt/airflow/dags/utils/data_quality.py", line 1, in <module>
    import great_expectations as ge
ModuleNotFoundError: No module named 'great_expectations'
[2026-02-13T15:07:45.226+0000] {processor.py:927} WARNING - No viable dags retrieved from /opt/airflow/dags/weather_pipeline_dag.py
[2026-02-13T15:07:45.275+0000] {processor.py:208} INFO - Processing /opt/airflow/dags/weather_pipeline_dag.py took 1.331 seconds
[2026-02-13T15:08:15.622+0000] {processor.py:186} INFO - Started process (PID=193) to work on /opt/airflow/dags/weather_pipeline_dag.py
[2026-02-13T15:08:15.625+0000] {processor.py:914} INFO - Processing file /opt/airflow/dags/weather_pipeline_dag.py for tasks to queue
[2026-02-13T15:08:15.631+0000] {logging_mixin.py:190} INFO - [2026-02-13T15:08:15.630+0000] {dagbag.py:588} INFO - Filling up the DagBag from /opt/airflow/dags/weather_pipeline_dag.py
[2026-02-13T15:08:16.797+0000] {logging_mixin.py:190} INFO - [2026-02-13T15:08:16.781+0000] {dagbag.py:387} ERROR - Failed to import: /opt/airflow/dags/weather_pipeline_dag.py
Traceback (most recent call last):
  File "/home/airflow/.local/lib/python3.10/site-packages/airflow/models/dagbag.py", line 383, in parse
    loader.exec_module(new_module)
  File "<frozen importlib._bootstrap_external>", line 883, in exec_module
  File "<frozen importlib._bootstrap>", line 241, in _call_with_frames_removed
  File "/opt/airflow/dags/weather_pipeline_dag.py", line 10, in <module>
    from utils.data_quality import validate_weather
  File "/opt/airflow/dags/utils/data_quality.py", line 1, in <module>
    import great_expectations as ge
ModuleNotFoundError: No module named 'great_expectations'
[2026-02-13T15:08:16.803+0000] {processor.py:927} WARNING - No viable dags retrieved from /opt/airflow/dags/weather_pipeline_dag.py
[2026-02-13T15:08:16.850+0000] {processor.py:208} INFO - Processing /opt/airflow/dags/weather_pipeline_dag.py took 1.243 seconds
[2026-02-13T15:08:47.206+0000] {processor.py:186} INFO - Started process (PID=199) to work on /opt/airflow/dags/weather_pipeline_dag.py
[2026-02-13T15:08:47.209+0000] {processor.py:914} INFO - Processing file /opt/airflow/dags/weather_pipeline_dag.py for tasks to queue
[2026-02-13T15:08:47.216+0000] {logging_mixin.py:190} INFO - [2026-02-13T15:08:47.215+0000] {dagbag.py:588} INFO - Filling up the DagBag from /opt/airflow/dags/weather_pipeline_dag.py
[2026-02-13T15:08:48.309+0000] {logging_mixin.py:190} INFO - [2026-02-13T15:08:48.287+0000] {dagbag.py:387} ERROR - Failed to import: /opt/airflow/dags/weather_pipeline_dag.py
Traceback (most recent call last):
  File "/home/airflow/.local/lib/python3.10/site-packages/airflow/models/dagbag.py", line 383, in parse
    loader.exec_module(new_module)
  File "<frozen importlib._bootstrap_external>", line 883, in exec_module
  File "<frozen importlib._bootstrap>", line 241, in _call_with_frames_removed
  File "/opt/airflow/dags/weather_pipeline_dag.py", line 10, in <module>
    from utils.data_quality import validate_weather
  File "/opt/airflow/dags/utils/data_quality.py", line 1, in <module>
    import great_expectations as ge
ModuleNotFoundError: No module named 'great_expectations'
[2026-02-13T15:08:48.316+0000] {processor.py:927} WARNING - No viable dags retrieved from /opt/airflow/dags/weather_pipeline_dag.py
[2026-02-13T15:08:48.383+0000] {processor.py:208} INFO - Processing /opt/airflow/dags/weather_pipeline_dag.py took 1.194 seconds
[2026-02-13T15:09:18.865+0000] {processor.py:186} INFO - Started process (PID=205) to work on /opt/airflow/dags/weather_pipeline_dag.py
[2026-02-13T15:09:18.868+0000] {processor.py:914} INFO - Processing file /opt/airflow/dags/weather_pipeline_dag.py for tasks to queue
[2026-02-13T15:09:18.875+0000] {logging_mixin.py:190} INFO - [2026-02-13T15:09:18.874+0000] {dagbag.py:588} INFO - Filling up the DagBag from /opt/airflow/dags/weather_pipeline_dag.py
[2026-02-13T15:09:20.009+0000] {logging_mixin.py:190} INFO - [2026-02-13T15:09:19.992+0000] {dagbag.py:387} ERROR - Failed to import: /opt/airflow/dags/weather_pipeline_dag.py
Traceback (most recent call last):
  File "/home/airflow/.local/lib/python3.10/site-packages/airflow/models/dagbag.py", line 383, in parse
    loader.exec_module(new_module)
  File "<frozen importlib._bootstrap_external>", line 883, in exec_module
  File "<frozen importlib._bootstrap>", line 241, in _call_with_frames_removed
  File "/opt/airflow/dags/weather_pipeline_dag.py", line 10, in <module>
    from utils.data_quality import validate_weather
  File "/opt/airflow/dags/utils/data_quality.py", line 1, in <module>
    import great_expectations as ge
ModuleNotFoundError: No module named 'great_expectations'
[2026-02-13T15:09:20.016+0000] {processor.py:927} WARNING - No viable dags retrieved from /opt/airflow/dags/weather_pipeline_dag.py
[2026-02-13T15:09:20.062+0000] {processor.py:208} INFO - Processing /opt/airflow/dags/weather_pipeline_dag.py took 1.212 seconds
[2026-02-13T15:09:50.371+0000] {processor.py:186} INFO - Started process (PID=211) to work on /opt/airflow/dags/weather_pipeline_dag.py
[2026-02-13T15:09:50.376+0000] {processor.py:914} INFO - Processing file /opt/airflow/dags/weather_pipeline_dag.py for tasks to queue
[2026-02-13T15:09:50.386+0000] {logging_mixin.py:190} INFO - [2026-02-13T15:09:50.384+0000] {dagbag.py:588} INFO - Filling up the DagBag from /opt/airflow/dags/weather_pipeline_dag.py
[2026-02-13T15:09:51.624+0000] {logging_mixin.py:190} INFO - [2026-02-13T15:09:51.610+0000] {dagbag.py:387} ERROR - Failed to import: /opt/airflow/dags/weather_pipeline_dag.py
Traceback (most recent call last):
  File "/home/airflow/.local/lib/python3.10/site-packages/airflow/models/dagbag.py", line 383, in parse
    loader.exec_module(new_module)
  File "<frozen importlib._bootstrap_external>", line 883, in exec_module
  File "<frozen importlib._bootstrap>", line 241, in _call_with_frames_removed
  File "/opt/airflow/dags/weather_pipeline_dag.py", line 10, in <module>
    from utils.data_quality import validate_weather
  File "/opt/airflow/dags/utils/data_quality.py", line 1, in <module>
    import great_expectations as ge
ModuleNotFoundError: No module named 'great_expectations'
[2026-02-13T15:09:51.629+0000] {processor.py:927} WARNING - No viable dags retrieved from /opt/airflow/dags/weather_pipeline_dag.py
[2026-02-13T15:09:51.672+0000] {processor.py:208} INFO - Processing /opt/airflow/dags/weather_pipeline_dag.py took 1.324 seconds
[2026-02-13T15:10:45.044+0000] {processor.py:186} INFO - Started process (PID=175) to work on /opt/airflow/dags/weather_pipeline_dag.py
[2026-02-13T15:10:45.046+0000] {processor.py:914} INFO - Processing file /opt/airflow/dags/weather_pipeline_dag.py for tasks to queue
[2026-02-13T15:10:45.050+0000] {logging_mixin.py:190} INFO - [2026-02-13T15:10:45.049+0000] {dagbag.py:588} INFO - Filling up the DagBag from /opt/airflow/dags/weather_pipeline_dag.py
[2026-02-13T15:10:47.033+0000] {logging_mixin.py:190} INFO - [2026-02-13T15:10:47.015+0000] {dagbag.py:387} ERROR - Failed to import: /opt/airflow/dags/weather_pipeline_dag.py
Traceback (most recent call last):
  File "/home/airflow/.local/lib/python3.10/site-packages/airflow/models/dagbag.py", line 383, in parse
    loader.exec_module(new_module)
  File "<frozen importlib._bootstrap_external>", line 883, in exec_module
  File "<frozen importlib._bootstrap>", line 241, in _call_with_frames_removed
  File "/opt/airflow/dags/weather_pipeline_dag.py", line 10, in <module>
    from utils.data_quality import validate_weather
  File "/opt/airflow/dags/utils/data_quality.py", line 1, in <module>
    import great_expectations as ge
ModuleNotFoundError: No module named 'great_expectations'
[2026-02-13T15:10:47.039+0000] {processor.py:927} WARNING - No viable dags retrieved from /opt/airflow/dags/weather_pipeline_dag.py
[2026-02-13T15:10:47.082+0000] {processor.py:208} INFO - Processing /opt/airflow/dags/weather_pipeline_dag.py took 2.052 seconds
[2026-02-13T15:11:17.510+0000] {processor.py:186} INFO - Started process (PID=181) to work on /opt/airflow/dags/weather_pipeline_dag.py
[2026-02-13T15:11:17.513+0000] {processor.py:914} INFO - Processing file /opt/airflow/dags/weather_pipeline_dag.py for tasks to queue
[2026-02-13T15:11:17.520+0000] {logging_mixin.py:190} INFO - [2026-02-13T15:11:17.519+0000] {dagbag.py:588} INFO - Filling up the DagBag from /opt/airflow/dags/weather_pipeline_dag.py
[2026-02-13T15:11:18.593+0000] {logging_mixin.py:190} INFO - [2026-02-13T15:11:18.576+0000] {dagbag.py:387} ERROR - Failed to import: /opt/airflow/dags/weather_pipeline_dag.py
Traceback (most recent call last):
  File "/home/airflow/.local/lib/python3.10/site-packages/airflow/models/dagbag.py", line 383, in parse
    loader.exec_module(new_module)
  File "<frozen importlib._bootstrap_external>", line 883, in exec_module
  File "<frozen importlib._bootstrap>", line 241, in _call_with_frames_removed
  File "/opt/airflow/dags/weather_pipeline_dag.py", line 10, in <module>
    from utils.data_quality import validate_weather
  File "/opt/airflow/dags/utils/data_quality.py", line 1, in <module>
    import great_expectations as ge
ModuleNotFoundError: No module named 'great_expectations'
[2026-02-13T15:11:18.599+0000] {processor.py:927} WARNING - No viable dags retrieved from /opt/airflow/dags/weather_pipeline_dag.py
[2026-02-13T15:11:18.652+0000] {processor.py:208} INFO - Processing /opt/airflow/dags/weather_pipeline_dag.py took 1.157 seconds
[2026-02-13T15:11:49.014+0000] {processor.py:186} INFO - Started process (PID=187) to work on /opt/airflow/dags/weather_pipeline_dag.py
[2026-02-13T15:11:49.017+0000] {processor.py:914} INFO - Processing file /opt/airflow/dags/weather_pipeline_dag.py for tasks to queue
[2026-02-13T15:11:49.031+0000] {logging_mixin.py:190} INFO - [2026-02-13T15:11:49.030+0000] {dagbag.py:588} INFO - Filling up the DagBag from /opt/airflow/dags/weather_pipeline_dag.py
[2026-02-13T15:11:50.213+0000] {logging_mixin.py:190} INFO - [2026-02-13T15:11:50.193+0000] {dagbag.py:387} ERROR - Failed to import: /opt/airflow/dags/weather_pipeline_dag.py
Traceback (most recent call last):
  File "/home/airflow/.local/lib/python3.10/site-packages/airflow/models/dagbag.py", line 383, in parse
    loader.exec_module(new_module)
  File "<frozen importlib._bootstrap_external>", line 883, in exec_module
  File "<frozen importlib._bootstrap>", line 241, in _call_with_frames_removed
  File "/opt/airflow/dags/weather_pipeline_dag.py", line 10, in <module>
    from utils.data_quality import validate_weather
  File "/opt/airflow/dags/utils/data_quality.py", line 1, in <module>
    import great_expectations as ge
ModuleNotFoundError: No module named 'great_expectations'
[2026-02-13T15:11:50.221+0000] {processor.py:927} WARNING - No viable dags retrieved from /opt/airflow/dags/weather_pipeline_dag.py
[2026-02-13T15:11:50.280+0000] {processor.py:208} INFO - Processing /opt/airflow/dags/weather_pipeline_dag.py took 1.285 seconds
[2026-02-13T15:12:20.644+0000] {processor.py:186} INFO - Started process (PID=193) to work on /opt/airflow/dags/weather_pipeline_dag.py
[2026-02-13T15:12:20.647+0000] {processor.py:914} INFO - Processing file /opt/airflow/dags/weather_pipeline_dag.py for tasks to queue
[2026-02-13T15:12:20.654+0000] {logging_mixin.py:190} INFO - [2026-02-13T15:12:20.653+0000] {dagbag.py:588} INFO - Filling up the DagBag from /opt/airflow/dags/weather_pipeline_dag.py
[2026-02-13T15:12:21.733+0000] {logging_mixin.py:190} INFO - [2026-02-13T15:12:21.715+0000] {dagbag.py:387} ERROR - Failed to import: /opt/airflow/dags/weather_pipeline_dag.py
Traceback (most recent call last):
  File "/home/airflow/.local/lib/python3.10/site-packages/airflow/models/dagbag.py", line 383, in parse
    loader.exec_module(new_module)
  File "<frozen importlib._bootstrap_external>", line 883, in exec_module
  File "<frozen importlib._bootstrap>", line 241, in _call_with_frames_removed
  File "/opt/airflow/dags/weather_pipeline_dag.py", line 10, in <module>
    from utils.data_quality import validate_weather
  File "/opt/airflow/dags/utils/data_quality.py", line 1, in <module>
    import great_expectations as ge
ModuleNotFoundError: No module named 'great_expectations'
[2026-02-13T15:12:21.738+0000] {processor.py:927} WARNING - No viable dags retrieved from /opt/airflow/dags/weather_pipeline_dag.py
[2026-02-13T15:12:21.781+0000] {processor.py:208} INFO - Processing /opt/airflow/dags/weather_pipeline_dag.py took 1.152 seconds
[2026-02-13T15:12:52.274+0000] {processor.py:186} INFO - Started process (PID=199) to work on /opt/airflow/dags/weather_pipeline_dag.py
[2026-02-13T15:12:52.277+0000] {processor.py:914} INFO - Processing file /opt/airflow/dags/weather_pipeline_dag.py for tasks to queue
[2026-02-13T15:12:52.282+0000] {logging_mixin.py:190} INFO - [2026-02-13T15:12:52.281+0000] {dagbag.py:588} INFO - Filling up the DagBag from /opt/airflow/dags/weather_pipeline_dag.py
[2026-02-13T15:12:53.513+0000] {logging_mixin.py:190} INFO - [2026-02-13T15:12:53.495+0000] {dagbag.py:387} ERROR - Failed to import: /opt/airflow/dags/weather_pipeline_dag.py
Traceback (most recent call last):
  File "/home/airflow/.local/lib/python3.10/site-packages/airflow/models/dagbag.py", line 383, in parse
    loader.exec_module(new_module)
  File "<frozen importlib._bootstrap_external>", line 883, in exec_module
  File "<frozen importlib._bootstrap>", line 241, in _call_with_frames_removed
  File "/opt/airflow/dags/weather_pipeline_dag.py", line 10, in <module>
    from utils.data_quality import validate_weather
  File "/opt/airflow/dags/utils/data_quality.py", line 1, in <module>
    import great_expectations as ge
ModuleNotFoundError: No module named 'great_expectations'
[2026-02-13T15:12:53.520+0000] {processor.py:927} WARNING - No viable dags retrieved from /opt/airflow/dags/weather_pipeline_dag.py
[2026-02-13T15:12:53.566+0000] {processor.py:208} INFO - Processing /opt/airflow/dags/weather_pipeline_dag.py took 1.306 seconds
[2026-02-13T15:13:39.951+0000] {processor.py:186} INFO - Started process (PID=175) to work on /opt/airflow/dags/weather_pipeline_dag.py
[2026-02-13T15:13:39.953+0000] {processor.py:914} INFO - Processing file /opt/airflow/dags/weather_pipeline_dag.py for tasks to queue
[2026-02-13T15:13:39.956+0000] {logging_mixin.py:190} INFO - [2026-02-13T15:13:39.956+0000] {dagbag.py:588} INFO - Filling up the DagBag from /opt/airflow/dags/weather_pipeline_dag.py
[2026-02-13T15:13:42.070+0000] {logging_mixin.py:190} INFO - [2026-02-13T15:13:42.056+0000] {dagbag.py:387} ERROR - Failed to import: /opt/airflow/dags/weather_pipeline_dag.py
Traceback (most recent call last):
  File "/home/airflow/.local/lib/python3.10/site-packages/airflow/models/dagbag.py", line 383, in parse
    loader.exec_module(new_module)
  File "<frozen importlib._bootstrap_external>", line 883, in exec_module
  File "<frozen importlib._bootstrap>", line 241, in _call_with_frames_removed
  File "/opt/airflow/dags/weather_pipeline_dag.py", line 10, in <module>
    from utils.data_quality import validate_weather
  File "/opt/airflow/dags/utils/data_quality.py", line 1, in <module>
    import great_expectations as ge
ModuleNotFoundError: No module named 'great_expectations'
[2026-02-13T15:13:42.075+0000] {processor.py:927} WARNING - No viable dags retrieved from /opt/airflow/dags/weather_pipeline_dag.py
[2026-02-13T15:13:42.110+0000] {processor.py:208} INFO - Processing /opt/airflow/dags/weather_pipeline_dag.py took 2.169 seconds
[2026-02-13T15:14:12.425+0000] {processor.py:186} INFO - Started process (PID=181) to work on /opt/airflow/dags/weather_pipeline_dag.py
[2026-02-13T15:14:12.430+0000] {processor.py:914} INFO - Processing file /opt/airflow/dags/weather_pipeline_dag.py for tasks to queue
[2026-02-13T15:14:12.440+0000] {logging_mixin.py:190} INFO - [2026-02-13T15:14:12.438+0000] {dagbag.py:588} INFO - Filling up the DagBag from /opt/airflow/dags/weather_pipeline_dag.py
[2026-02-13T15:14:13.559+0000] {logging_mixin.py:190} INFO - [2026-02-13T15:14:13.543+0000] {dagbag.py:387} ERROR - Failed to import: /opt/airflow/dags/weather_pipeline_dag.py
Traceback (most recent call last):
  File "/home/airflow/.local/lib/python3.10/site-packages/airflow/models/dagbag.py", line 383, in parse
    loader.exec_module(new_module)
  File "<frozen importlib._bootstrap_external>", line 883, in exec_module
  File "<frozen importlib._bootstrap>", line 241, in _call_with_frames_removed
  File "/opt/airflow/dags/weather_pipeline_dag.py", line 10, in <module>
    from utils.data_quality import validate_weather
  File "/opt/airflow/dags/utils/data_quality.py", line 1, in <module>
    import great_expectations as ge
ModuleNotFoundError: No module named 'great_expectations'
[2026-02-13T15:14:13.564+0000] {processor.py:927} WARNING - No viable dags retrieved from /opt/airflow/dags/weather_pipeline_dag.py
[2026-02-13T15:14:13.602+0000] {processor.py:208} INFO - Processing /opt/airflow/dags/weather_pipeline_dag.py took 1.225 seconds
[2026-02-13T15:14:44.020+0000] {processor.py:186} INFO - Started process (PID=187) to work on /opt/airflow/dags/weather_pipeline_dag.py
[2026-02-13T15:14:44.024+0000] {processor.py:914} INFO - Processing file /opt/airflow/dags/weather_pipeline_dag.py for tasks to queue
[2026-02-13T15:14:44.039+0000] {logging_mixin.py:190} INFO - [2026-02-13T15:14:44.039+0000] {dagbag.py:588} INFO - Filling up the DagBag from /opt/airflow/dags/weather_pipeline_dag.py
[2026-02-13T15:14:45.032+0000] {logging_mixin.py:190} INFO - [2026-02-13T15:14:45.018+0000] {dagbag.py:387} ERROR - Failed to import: /opt/airflow/dags/weather_pipeline_dag.py
Traceback (most recent call last):
  File "/home/airflow/.local/lib/python3.10/site-packages/airflow/models/dagbag.py", line 383, in parse
    loader.exec_module(new_module)
  File "<frozen importlib._bootstrap_external>", line 883, in exec_module
  File "<frozen importlib._bootstrap>", line 241, in _call_with_frames_removed
  File "/opt/airflow/dags/weather_pipeline_dag.py", line 10, in <module>
    from utils.data_quality import validate_weather
  File "/opt/airflow/dags/utils/data_quality.py", line 1, in <module>
    import great_expectations as ge
ModuleNotFoundError: No module named 'great_expectations'
[2026-02-13T15:14:45.039+0000] {processor.py:927} WARNING - No viable dags retrieved from /opt/airflow/dags/weather_pipeline_dag.py
[2026-02-13T15:14:45.081+0000] {processor.py:208} INFO - Processing /opt/airflow/dags/weather_pipeline_dag.py took 1.078 seconds
[2026-02-13T15:15:25.911+0000] {processor.py:186} INFO - Started process (PID=175) to work on /opt/airflow/dags/weather_pipeline_dag.py
[2026-02-13T15:15:25.913+0000] {processor.py:914} INFO - Processing file /opt/airflow/dags/weather_pipeline_dag.py for tasks to queue
[2026-02-13T15:15:25.916+0000] {logging_mixin.py:190} INFO - [2026-02-13T15:15:25.915+0000] {dagbag.py:588} INFO - Filling up the DagBag from /opt/airflow/dags/weather_pipeline_dag.py
[2026-02-13T15:15:28.010+0000] {logging_mixin.py:190} INFO - [2026-02-13T15:15:27.999+0000] {dagbag.py:387} ERROR - Failed to import: /opt/airflow/dags/weather_pipeline_dag.py
Traceback (most recent call last):
  File "/home/airflow/.local/lib/python3.10/site-packages/airflow/models/dagbag.py", line 383, in parse
    loader.exec_module(new_module)
  File "<frozen importlib._bootstrap_external>", line 883, in exec_module
  File "<frozen importlib._bootstrap>", line 241, in _call_with_frames_removed
  File "/opt/airflow/dags/weather_pipeline_dag.py", line 10, in <module>
    from utils.data_quality import validate_weather
  File "/opt/airflow/dags/utils/data_quality.py", line 1, in <module>
    import great_expectations as ge
ModuleNotFoundError: No module named 'great_expectations'
[2026-02-13T15:15:28.014+0000] {processor.py:927} WARNING - No viable dags retrieved from /opt/airflow/dags/weather_pipeline_dag.py
[2026-02-13T15:15:28.047+0000] {processor.py:208} INFO - Processing /opt/airflow/dags/weather_pipeline_dag.py took 2.147 seconds
[2026-02-13T15:15:58.955+0000] {processor.py:186} INFO - Started process (PID=181) to work on /opt/airflow/dags/weather_pipeline_dag.py
[2026-02-13T15:15:58.958+0000] {processor.py:914} INFO - Processing file /opt/airflow/dags/weather_pipeline_dag.py for tasks to queue
[2026-02-13T15:15:58.964+0000] {logging_mixin.py:190} INFO - [2026-02-13T15:15:58.963+0000] {dagbag.py:588} INFO - Filling up the DagBag from /opt/airflow/dags/weather_pipeline_dag.py
[2026-02-13T15:15:59.972+0000] {logging_mixin.py:190} INFO - [2026-02-13T15:15:59.955+0000] {dagbag.py:387} ERROR - Failed to import: /opt/airflow/dags/weather_pipeline_dag.py
Traceback (most recent call last):
  File "/home/airflow/.local/lib/python3.10/site-packages/airflow/models/dagbag.py", line 383, in parse
    loader.exec_module(new_module)
  File "<frozen importlib._bootstrap_external>", line 883, in exec_module
  File "<frozen importlib._bootstrap>", line 241, in _call_with_frames_removed
  File "/opt/airflow/dags/weather_pipeline_dag.py", line 10, in <module>
    from utils.data_quality import validate_weather
  File "/opt/airflow/dags/utils/data_quality.py", line 1, in <module>
    import great_expectations as ge
ModuleNotFoundError: No module named 'great_expectations'
[2026-02-13T15:15:59.986+0000] {processor.py:927} WARNING - No viable dags retrieved from /opt/airflow/dags/weather_pipeline_dag.py
[2026-02-13T15:16:00.033+0000] {processor.py:208} INFO - Processing /opt/airflow/dags/weather_pipeline_dag.py took 1.093 seconds
[2026-02-13T15:16:30.515+0000] {processor.py:186} INFO - Started process (PID=187) to work on /opt/airflow/dags/weather_pipeline_dag.py
[2026-02-13T15:16:30.518+0000] {processor.py:914} INFO - Processing file /opt/airflow/dags/weather_pipeline_dag.py for tasks to queue
[2026-02-13T15:16:30.530+0000] {logging_mixin.py:190} INFO - [2026-02-13T15:16:30.529+0000] {dagbag.py:588} INFO - Filling up the DagBag from /opt/airflow/dags/weather_pipeline_dag.py
[2026-02-13T15:16:31.779+0000] {logging_mixin.py:190} INFO - [2026-02-13T15:16:31.761+0000] {dagbag.py:387} ERROR - Failed to import: /opt/airflow/dags/weather_pipeline_dag.py
Traceback (most recent call last):
  File "/home/airflow/.local/lib/python3.10/site-packages/airflow/models/dagbag.py", line 383, in parse
    loader.exec_module(new_module)
  File "<frozen importlib._bootstrap_external>", line 883, in exec_module
  File "<frozen importlib._bootstrap>", line 241, in _call_with_frames_removed
  File "/opt/airflow/dags/weather_pipeline_dag.py", line 10, in <module>
    from utils.data_quality import validate_weather
  File "/opt/airflow/dags/utils/data_quality.py", line 1, in <module>
    import great_expectations as ge
ModuleNotFoundError: No module named 'great_expectations'
[2026-02-13T15:16:31.784+0000] {processor.py:927} WARNING - No viable dags retrieved from /opt/airflow/dags/weather_pipeline_dag.py
[2026-02-13T15:16:31.829+0000] {processor.py:208} INFO - Processing /opt/airflow/dags/weather_pipeline_dag.py took 1.331 seconds
[2026-02-13T15:17:01.981+0000] {processor.py:186} INFO - Started process (PID=193) to work on /opt/airflow/dags/weather_pipeline_dag.py
[2026-02-13T15:17:01.984+0000] {processor.py:914} INFO - Processing file /opt/airflow/dags/weather_pipeline_dag.py for tasks to queue
[2026-02-13T15:17:01.992+0000] {logging_mixin.py:190} INFO - [2026-02-13T15:17:01.990+0000] {dagbag.py:588} INFO - Filling up the DagBag from /opt/airflow/dags/weather_pipeline_dag.py
[2026-02-13T15:17:03.129+0000] {logging_mixin.py:190} INFO - [2026-02-13T15:17:03.111+0000] {dagbag.py:387} ERROR - Failed to import: /opt/airflow/dags/weather_pipeline_dag.py
Traceback (most recent call last):
  File "/home/airflow/.local/lib/python3.10/site-packages/airflow/models/dagbag.py", line 383, in parse
    loader.exec_module(new_module)
  File "<frozen importlib._bootstrap_external>", line 883, in exec_module
  File "<frozen importlib._bootstrap>", line 241, in _call_with_frames_removed
  File "/opt/airflow/dags/weather_pipeline_dag.py", line 10, in <module>
    from utils.data_quality import validate_weather
  File "/opt/airflow/dags/utils/data_quality.py", line 1, in <module>
    import great_expectations as ge
ModuleNotFoundError: No module named 'great_expectations'
[2026-02-13T15:17:03.136+0000] {processor.py:927} WARNING - No viable dags retrieved from /opt/airflow/dags/weather_pipeline_dag.py
[2026-02-13T15:17:03.185+0000] {processor.py:208} INFO - Processing /opt/airflow/dags/weather_pipeline_dag.py took 1.221 seconds
[2026-02-13T15:17:33.402+0000] {processor.py:186} INFO - Started process (PID=199) to work on /opt/airflow/dags/weather_pipeline_dag.py
[2026-02-13T15:17:33.405+0000] {processor.py:914} INFO - Processing file /opt/airflow/dags/weather_pipeline_dag.py for tasks to queue
[2026-02-13T15:17:33.412+0000] {logging_mixin.py:190} INFO - [2026-02-13T15:17:33.411+0000] {dagbag.py:588} INFO - Filling up the DagBag from /opt/airflow/dags/weather_pipeline_dag.py
[2026-02-13T15:17:34.571+0000] {logging_mixin.py:190} INFO - [2026-02-13T15:17:34.553+0000] {dagbag.py:387} ERROR - Failed to import: /opt/airflow/dags/weather_pipeline_dag.py
Traceback (most recent call last):
  File "/home/airflow/.local/lib/python3.10/site-packages/airflow/models/dagbag.py", line 383, in parse
    loader.exec_module(new_module)
  File "<frozen importlib._bootstrap_external>", line 883, in exec_module
  File "<frozen importlib._bootstrap>", line 241, in _call_with_frames_removed
  File "/opt/airflow/dags/weather_pipeline_dag.py", line 10, in <module>
    from utils.data_quality import validate_weather
  File "/opt/airflow/dags/utils/data_quality.py", line 1, in <module>
    import great_expectations as ge
ModuleNotFoundError: No module named 'great_expectations'
[2026-02-13T15:17:34.577+0000] {processor.py:927} WARNING - No viable dags retrieved from /opt/airflow/dags/weather_pipeline_dag.py
[2026-02-13T15:17:34.617+0000] {processor.py:208} INFO - Processing /opt/airflow/dags/weather_pipeline_dag.py took 1.231 seconds
[2026-02-13T15:18:05.150+0000] {processor.py:186} INFO - Started process (PID=205) to work on /opt/airflow/dags/weather_pipeline_dag.py
[2026-02-13T15:18:05.153+0000] {processor.py:914} INFO - Processing file /opt/airflow/dags/weather_pipeline_dag.py for tasks to queue
[2026-02-13T15:18:05.159+0000] {logging_mixin.py:190} INFO - [2026-02-13T15:18:05.158+0000] {dagbag.py:588} INFO - Filling up the DagBag from /opt/airflow/dags/weather_pipeline_dag.py
[2026-02-13T15:18:06.212+0000] {logging_mixin.py:190} INFO - [2026-02-13T15:18:06.194+0000] {dagbag.py:387} ERROR - Failed to import: /opt/airflow/dags/weather_pipeline_dag.py
Traceback (most recent call last):
  File "/home/airflow/.local/lib/python3.10/site-packages/airflow/models/dagbag.py", line 383, in parse
    loader.exec_module(new_module)
  File "<frozen importlib._bootstrap_external>", line 883, in exec_module
  File "<frozen importlib._bootstrap>", line 241, in _call_with_frames_removed
  File "/opt/airflow/dags/weather_pipeline_dag.py", line 10, in <module>
    from utils.data_quality import validate_weather
  File "/opt/airflow/dags/utils/data_quality.py", line 1, in <module>
    import great_expectations as ge
ModuleNotFoundError: No module named 'great_expectations'
[2026-02-13T15:18:06.219+0000] {processor.py:927} WARNING - No viable dags retrieved from /opt/airflow/dags/weather_pipeline_dag.py
[2026-02-13T15:18:06.268+0000] {processor.py:208} INFO - Processing /opt/airflow/dags/weather_pipeline_dag.py took 1.132 seconds
[2026-02-13T15:18:36.663+0000] {processor.py:186} INFO - Started process (PID=211) to work on /opt/airflow/dags/weather_pipeline_dag.py
[2026-02-13T15:18:36.668+0000] {processor.py:914} INFO - Processing file /opt/airflow/dags/weather_pipeline_dag.py for tasks to queue
[2026-02-13T15:18:36.675+0000] {logging_mixin.py:190} INFO - [2026-02-13T15:18:36.674+0000] {dagbag.py:588} INFO - Filling up the DagBag from /opt/airflow/dags/weather_pipeline_dag.py
[2026-02-13T15:18:37.896+0000] {logging_mixin.py:190} INFO - [2026-02-13T15:18:37.876+0000] {dagbag.py:387} ERROR - Failed to import: /opt/airflow/dags/weather_pipeline_dag.py
Traceback (most recent call last):
  File "/home/airflow/.local/lib/python3.10/site-packages/airflow/models/dagbag.py", line 383, in parse
    loader.exec_module(new_module)
  File "<frozen importlib._bootstrap_external>", line 883, in exec_module
  File "<frozen importlib._bootstrap>", line 241, in _call_with_frames_removed
  File "/opt/airflow/dags/weather_pipeline_dag.py", line 10, in <module>
    from utils.data_quality import validate_weather
  File "/opt/airflow/dags/utils/data_quality.py", line 1, in <module>
    import great_expectations as ge
ModuleNotFoundError: No module named 'great_expectations'
[2026-02-13T15:18:37.904+0000] {processor.py:927} WARNING - No viable dags retrieved from /opt/airflow/dags/weather_pipeline_dag.py
[2026-02-13T15:18:37.958+0000] {processor.py:208} INFO - Processing /opt/airflow/dags/weather_pipeline_dag.py took 1.319 seconds
[2026-02-13T15:19:19.144+0000] {processor.py:186} INFO - Started process (PID=175) to work on /opt/airflow/dags/weather_pipeline_dag.py
[2026-02-13T15:19:19.147+0000] {processor.py:914} INFO - Processing file /opt/airflow/dags/weather_pipeline_dag.py for tasks to queue
[2026-02-13T15:19:19.152+0000] {logging_mixin.py:190} INFO - [2026-02-13T15:19:19.151+0000] {dagbag.py:588} INFO - Filling up the DagBag from /opt/airflow/dags/weather_pipeline_dag.py
[2026-02-13T15:19:21.100+0000] {logging_mixin.py:190} INFO - [2026-02-13T15:19:21.087+0000] {dagbag.py:387} ERROR - Failed to import: /opt/airflow/dags/weather_pipeline_dag.py
Traceback (most recent call last):
  File "/home/airflow/.local/lib/python3.10/site-packages/airflow/models/dagbag.py", line 383, in parse
    loader.exec_module(new_module)
  File "<frozen importlib._bootstrap_external>", line 883, in exec_module
  File "<frozen importlib._bootstrap>", line 241, in _call_with_frames_removed
  File "/opt/airflow/dags/weather_pipeline_dag.py", line 10, in <module>
    from utils.data_quality import validate_weather
  File "/opt/airflow/dags/utils/data_quality.py", line 1, in <module>
    import great_expectations as ge
ModuleNotFoundError: No module named 'great_expectations'
[2026-02-13T15:19:21.104+0000] {processor.py:927} WARNING - No viable dags retrieved from /opt/airflow/dags/weather_pipeline_dag.py
[2026-02-13T15:19:21.132+0000] {processor.py:208} INFO - Processing /opt/airflow/dags/weather_pipeline_dag.py took 1.962 seconds
[2026-02-13T15:19:51.512+0000] {processor.py:186} INFO - Started process (PID=181) to work on /opt/airflow/dags/weather_pipeline_dag.py
[2026-02-13T15:19:51.515+0000] {processor.py:914} INFO - Processing file /opt/airflow/dags/weather_pipeline_dag.py for tasks to queue
[2026-02-13T15:19:51.520+0000] {logging_mixin.py:190} INFO - [2026-02-13T15:19:51.520+0000] {dagbag.py:588} INFO - Filling up the DagBag from /opt/airflow/dags/weather_pipeline_dag.py
[2026-02-13T15:19:52.409+0000] {logging_mixin.py:190} INFO - [2026-02-13T15:19:52.396+0000] {dagbag.py:387} ERROR - Failed to import: /opt/airflow/dags/weather_pipeline_dag.py
Traceback (most recent call last):
  File "/home/airflow/.local/lib/python3.10/site-packages/airflow/models/dagbag.py", line 383, in parse
    loader.exec_module(new_module)
  File "<frozen importlib._bootstrap_external>", line 883, in exec_module
  File "<frozen importlib._bootstrap>", line 241, in _call_with_frames_removed
  File "/opt/airflow/dags/weather_pipeline_dag.py", line 10, in <module>
    from utils.data_quality import validate_weather
  File "/opt/airflow/dags/utils/data_quality.py", line 1, in <module>
    import great_expectations as ge
ModuleNotFoundError: No module named 'great_expectations'
[2026-02-13T15:19:52.413+0000] {processor.py:927} WARNING - No viable dags retrieved from /opt/airflow/dags/weather_pipeline_dag.py
[2026-02-13T15:19:52.448+0000] {processor.py:208} INFO - Processing /opt/airflow/dags/weather_pipeline_dag.py took 0.948 seconds
[2026-02-13T15:20:23.001+0000] {processor.py:186} INFO - Started process (PID=187) to work on /opt/airflow/dags/weather_pipeline_dag.py
[2026-02-13T15:20:23.004+0000] {processor.py:914} INFO - Processing file /opt/airflow/dags/weather_pipeline_dag.py for tasks to queue
[2026-02-13T15:20:23.015+0000] {logging_mixin.py:190} INFO - [2026-02-13T15:20:23.014+0000] {dagbag.py:588} INFO - Filling up the DagBag from /opt/airflow/dags/weather_pipeline_dag.py
[2026-02-13T15:20:24.125+0000] {logging_mixin.py:190} INFO - [2026-02-13T15:20:24.108+0000] {dagbag.py:387} ERROR - Failed to import: /opt/airflow/dags/weather_pipeline_dag.py
Traceback (most recent call last):
  File "/home/airflow/.local/lib/python3.10/site-packages/airflow/models/dagbag.py", line 383, in parse
    loader.exec_module(new_module)
  File "<frozen importlib._bootstrap_external>", line 883, in exec_module
  File "<frozen importlib._bootstrap>", line 241, in _call_with_frames_removed
  File "/opt/airflow/dags/weather_pipeline_dag.py", line 10, in <module>
    from utils.data_quality import validate_weather
  File "/opt/airflow/dags/utils/data_quality.py", line 1, in <module>
    import great_expectations as ge
ModuleNotFoundError: No module named 'great_expectations'
[2026-02-13T15:20:24.131+0000] {processor.py:927} WARNING - No viable dags retrieved from /opt/airflow/dags/weather_pipeline_dag.py
[2026-02-13T15:20:24.181+0000] {processor.py:208} INFO - Processing /opt/airflow/dags/weather_pipeline_dag.py took 1.194 seconds
[2026-02-13T15:20:54.539+0000] {processor.py:186} INFO - Started process (PID=193) to work on /opt/airflow/dags/weather_pipeline_dag.py
[2026-02-13T15:20:54.543+0000] {processor.py:914} INFO - Processing file /opt/airflow/dags/weather_pipeline_dag.py for tasks to queue
[2026-02-13T15:20:54.553+0000] {logging_mixin.py:190} INFO - [2026-02-13T15:20:54.551+0000] {dagbag.py:588} INFO - Filling up the DagBag from /opt/airflow/dags/weather_pipeline_dag.py
[2026-02-13T15:20:55.675+0000] {logging_mixin.py:190} INFO - [2026-02-13T15:20:55.657+0000] {dagbag.py:387} ERROR - Failed to import: /opt/airflow/dags/weather_pipeline_dag.py
Traceback (most recent call last):
  File "/home/airflow/.local/lib/python3.10/site-packages/airflow/models/dagbag.py", line 383, in parse
    loader.exec_module(new_module)
  File "<frozen importlib._bootstrap_external>", line 883, in exec_module
  File "<frozen importlib._bootstrap>", line 241, in _call_with_frames_removed
  File "/opt/airflow/dags/weather_pipeline_dag.py", line 10, in <module>
    from utils.data_quality import validate_weather
  File "/opt/airflow/dags/utils/data_quality.py", line 1, in <module>
    import great_expectations as ge
ModuleNotFoundError: No module named 'great_expectations'
[2026-02-13T15:20:55.683+0000] {processor.py:927} WARNING - No viable dags retrieved from /opt/airflow/dags/weather_pipeline_dag.py
[2026-02-13T15:20:55.725+0000] {processor.py:208} INFO - Processing /opt/airflow/dags/weather_pipeline_dag.py took 1.215 seconds
[2026-02-13T15:21:26.164+0000] {processor.py:186} INFO - Started process (PID=199) to work on /opt/airflow/dags/weather_pipeline_dag.py
[2026-02-13T15:21:26.166+0000] {processor.py:914} INFO - Processing file /opt/airflow/dags/weather_pipeline_dag.py for tasks to queue
[2026-02-13T15:21:26.172+0000] {logging_mixin.py:190} INFO - [2026-02-13T15:21:26.172+0000] {dagbag.py:588} INFO - Filling up the DagBag from /opt/airflow/dags/weather_pipeline_dag.py
[2026-02-13T15:21:27.383+0000] {logging_mixin.py:190} INFO - [2026-02-13T15:21:27.365+0000] {dagbag.py:387} ERROR - Failed to import: /opt/airflow/dags/weather_pipeline_dag.py
Traceback (most recent call last):
  File "/home/airflow/.local/lib/python3.10/site-packages/airflow/models/dagbag.py", line 383, in parse
    loader.exec_module(new_module)
  File "<frozen importlib._bootstrap_external>", line 883, in exec_module
  File "<frozen importlib._bootstrap>", line 241, in _call_with_frames_removed
  File "/opt/airflow/dags/weather_pipeline_dag.py", line 10, in <module>
    from utils.data_quality import validate_weather
  File "/opt/airflow/dags/utils/data_quality.py", line 1, in <module>
    import great_expectations as ge
ModuleNotFoundError: No module named 'great_expectations'
[2026-02-13T15:21:27.389+0000] {processor.py:927} WARNING - No viable dags retrieved from /opt/airflow/dags/weather_pipeline_dag.py
[2026-02-13T15:21:27.434+0000] {processor.py:208} INFO - Processing /opt/airflow/dags/weather_pipeline_dag.py took 1.288 seconds
[2026-02-13T15:21:58.420+0000] {processor.py:186} INFO - Started process (PID=205) to work on /opt/airflow/dags/weather_pipeline_dag.py
[2026-02-13T15:21:58.424+0000] {processor.py:914} INFO - Processing file /opt/airflow/dags/weather_pipeline_dag.py for tasks to queue
[2026-02-13T15:21:58.437+0000] {logging_mixin.py:190} INFO - [2026-02-13T15:21:58.434+0000] {dagbag.py:588} INFO - Filling up the DagBag from /opt/airflow/dags/weather_pipeline_dag.py
[2026-02-13T15:21:59.821+0000] {logging_mixin.py:190} INFO - [2026-02-13T15:21:59.798+0000] {dagbag.py:387} ERROR - Failed to import: /opt/airflow/dags/weather_pipeline_dag.py
Traceback (most recent call last):
  File "/home/airflow/.local/lib/python3.10/site-packages/airflow/models/dagbag.py", line 383, in parse
    loader.exec_module(new_module)
  File "<frozen importlib._bootstrap_external>", line 883, in exec_module
  File "<frozen importlib._bootstrap>", line 241, in _call_with_frames_removed
  File "/opt/airflow/dags/weather_pipeline_dag.py", line 10, in <module>
    from utils.data_quality import validate_weather
  File "/opt/airflow/dags/utils/data_quality.py", line 1, in <module>
    import great_expectations as ge
ModuleNotFoundError: No module named 'great_expectations'
[2026-02-13T15:21:59.828+0000] {processor.py:927} WARNING - No viable dags retrieved from /opt/airflow/dags/weather_pipeline_dag.py
[2026-02-13T15:21:59.900+0000] {processor.py:208} INFO - Processing /opt/airflow/dags/weather_pipeline_dag.py took 1.507 seconds
[2026-02-13T15:22:30.449+0000] {processor.py:186} INFO - Started process (PID=211) to work on /opt/airflow/dags/weather_pipeline_dag.py
[2026-02-13T15:22:30.453+0000] {processor.py:914} INFO - Processing file /opt/airflow/dags/weather_pipeline_dag.py for tasks to queue
[2026-02-13T15:22:30.460+0000] {logging_mixin.py:190} INFO - [2026-02-13T15:22:30.459+0000] {dagbag.py:588} INFO - Filling up the DagBag from /opt/airflow/dags/weather_pipeline_dag.py
[2026-02-13T15:22:31.714+0000] {logging_mixin.py:190} INFO - [2026-02-13T15:22:31.696+0000] {dagbag.py:387} ERROR - Failed to import: /opt/airflow/dags/weather_pipeline_dag.py
Traceback (most recent call last):
  File "/home/airflow/.local/lib/python3.10/site-packages/airflow/models/dagbag.py", line 383, in parse
    loader.exec_module(new_module)
  File "<frozen importlib._bootstrap_external>", line 883, in exec_module
  File "<frozen importlib._bootstrap>", line 241, in _call_with_frames_removed
  File "/opt/airflow/dags/weather_pipeline_dag.py", line 10, in <module>
    from utils.data_quality import validate_weather
  File "/opt/airflow/dags/utils/data_quality.py", line 1, in <module>
    import great_expectations as ge
ModuleNotFoundError: No module named 'great_expectations'
[2026-02-13T15:22:31.721+0000] {processor.py:927} WARNING - No viable dags retrieved from /opt/airflow/dags/weather_pipeline_dag.py
[2026-02-13T15:22:31.764+0000] {processor.py:208} INFO - Processing /opt/airflow/dags/weather_pipeline_dag.py took 1.338 seconds
[2026-02-13T15:23:02.162+0000] {processor.py:186} INFO - Started process (PID=217) to work on /opt/airflow/dags/weather_pipeline_dag.py
[2026-02-13T15:23:02.165+0000] {processor.py:914} INFO - Processing file /opt/airflow/dags/weather_pipeline_dag.py for tasks to queue
[2026-02-13T15:23:02.173+0000] {logging_mixin.py:190} INFO - [2026-02-13T15:23:02.172+0000] {dagbag.py:588} INFO - Filling up the DagBag from /opt/airflow/dags/weather_pipeline_dag.py
[2026-02-13T15:23:03.274+0000] {logging_mixin.py:190} INFO - [2026-02-13T15:23:03.258+0000] {dagbag.py:387} ERROR - Failed to import: /opt/airflow/dags/weather_pipeline_dag.py
Traceback (most recent call last):
  File "/home/airflow/.local/lib/python3.10/site-packages/airflow/models/dagbag.py", line 383, in parse
    loader.exec_module(new_module)
  File "<frozen importlib._bootstrap_external>", line 883, in exec_module
  File "<frozen importlib._bootstrap>", line 241, in _call_with_frames_removed
  File "/opt/airflow/dags/weather_pipeline_dag.py", line 10, in <module>
    from utils.data_quality import validate_weather
  File "/opt/airflow/dags/utils/data_quality.py", line 1, in <module>
    import great_expectations as ge
ModuleNotFoundError: No module named 'great_expectations'
[2026-02-13T15:23:03.281+0000] {processor.py:927} WARNING - No viable dags retrieved from /opt/airflow/dags/weather_pipeline_dag.py
[2026-02-13T15:23:03.325+0000] {processor.py:208} INFO - Processing /opt/airflow/dags/weather_pipeline_dag.py took 1.179 seconds
[2026-02-13T15:23:33.578+0000] {processor.py:186} INFO - Started process (PID=223) to work on /opt/airflow/dags/weather_pipeline_dag.py
[2026-02-13T15:23:33.581+0000] {processor.py:914} INFO - Processing file /opt/airflow/dags/weather_pipeline_dag.py for tasks to queue
[2026-02-13T15:23:33.588+0000] {logging_mixin.py:190} INFO - [2026-02-13T15:23:33.587+0000] {dagbag.py:588} INFO - Filling up the DagBag from /opt/airflow/dags/weather_pipeline_dag.py
[2026-02-13T15:23:34.723+0000] {logging_mixin.py:190} INFO - [2026-02-13T15:23:34.707+0000] {dagbag.py:387} ERROR - Failed to import: /opt/airflow/dags/weather_pipeline_dag.py
Traceback (most recent call last):
  File "/home/airflow/.local/lib/python3.10/site-packages/airflow/models/dagbag.py", line 383, in parse
    loader.exec_module(new_module)
  File "<frozen importlib._bootstrap_external>", line 883, in exec_module
  File "<frozen importlib._bootstrap>", line 241, in _call_with_frames_removed
  File "/opt/airflow/dags/weather_pipeline_dag.py", line 10, in <module>
    from utils.data_quality import validate_weather
  File "/opt/airflow/dags/utils/data_quality.py", line 1, in <module>
    import great_expectations as ge
ModuleNotFoundError: No module named 'great_expectations'
[2026-02-13T15:23:34.731+0000] {processor.py:927} WARNING - No viable dags retrieved from /opt/airflow/dags/weather_pipeline_dag.py
[2026-02-13T15:23:34.775+0000] {processor.py:208} INFO - Processing /opt/airflow/dags/weather_pipeline_dag.py took 1.214 seconds
[2026-02-13T15:24:05.271+0000] {processor.py:186} INFO - Started process (PID=229) to work on /opt/airflow/dags/weather_pipeline_dag.py
[2026-02-13T15:24:05.274+0000] {processor.py:914} INFO - Processing file /opt/airflow/dags/weather_pipeline_dag.py for tasks to queue
[2026-02-13T15:24:05.281+0000] {logging_mixin.py:190} INFO - [2026-02-13T15:24:05.280+0000] {dagbag.py:588} INFO - Filling up the DagBag from /opt/airflow/dags/weather_pipeline_dag.py
[2026-02-13T15:24:06.481+0000] {logging_mixin.py:190} INFO - [2026-02-13T15:24:06.464+0000] {dagbag.py:387} ERROR - Failed to import: /opt/airflow/dags/weather_pipeline_dag.py
Traceback (most recent call last):
  File "/home/airflow/.local/lib/python3.10/site-packages/airflow/models/dagbag.py", line 383, in parse
    loader.exec_module(new_module)
  File "<frozen importlib._bootstrap_external>", line 883, in exec_module
  File "<frozen importlib._bootstrap>", line 241, in _call_with_frames_removed
  File "/opt/airflow/dags/weather_pipeline_dag.py", line 10, in <module>
    from utils.data_quality import validate_weather
  File "/opt/airflow/dags/utils/data_quality.py", line 1, in <module>
    import great_expectations as ge
ModuleNotFoundError: No module named 'great_expectations'
[2026-02-13T15:24:06.487+0000] {processor.py:927} WARNING - No viable dags retrieved from /opt/airflow/dags/weather_pipeline_dag.py
[2026-02-13T15:24:06.535+0000] {processor.py:208} INFO - Processing /opt/airflow/dags/weather_pipeline_dag.py took 1.279 seconds
[2026-02-13T15:24:36.762+0000] {processor.py:186} INFO - Started process (PID=235) to work on /opt/airflow/dags/weather_pipeline_dag.py
[2026-02-13T15:24:36.765+0000] {processor.py:914} INFO - Processing file /opt/airflow/dags/weather_pipeline_dag.py for tasks to queue
[2026-02-13T15:24:36.771+0000] {logging_mixin.py:190} INFO - [2026-02-13T15:24:36.771+0000] {dagbag.py:588} INFO - Filling up the DagBag from /opt/airflow/dags/weather_pipeline_dag.py
[2026-02-13T15:24:37.762+0000] {logging_mixin.py:190} INFO - [2026-02-13T15:24:37.745+0000] {dagbag.py:387} ERROR - Failed to import: /opt/airflow/dags/weather_pipeline_dag.py
Traceback (most recent call last):
  File "/home/airflow/.local/lib/python3.10/site-packages/airflow/models/dagbag.py", line 383, in parse
    loader.exec_module(new_module)
  File "<frozen importlib._bootstrap_external>", line 883, in exec_module
  File "<frozen importlib._bootstrap>", line 241, in _call_with_frames_removed
  File "/opt/airflow/dags/weather_pipeline_dag.py", line 10, in <module>
    from utils.data_quality import validate_weather
  File "/opt/airflow/dags/utils/data_quality.py", line 1, in <module>
    import great_expectations as ge
ModuleNotFoundError: No module named 'great_expectations'
[2026-02-13T15:24:37.768+0000] {processor.py:927} WARNING - No viable dags retrieved from /opt/airflow/dags/weather_pipeline_dag.py
[2026-02-13T15:24:37.812+0000] {processor.py:208} INFO - Processing /opt/airflow/dags/weather_pipeline_dag.py took 1.074 seconds
[2026-02-13T15:25:08.071+0000] {processor.py:186} INFO - Started process (PID=241) to work on /opt/airflow/dags/weather_pipeline_dag.py
[2026-02-13T15:25:08.073+0000] {processor.py:914} INFO - Processing file /opt/airflow/dags/weather_pipeline_dag.py for tasks to queue
[2026-02-13T15:25:08.077+0000] {logging_mixin.py:190} INFO - [2026-02-13T15:25:08.077+0000] {dagbag.py:588} INFO - Filling up the DagBag from /opt/airflow/dags/weather_pipeline_dag.py
[2026-02-13T15:25:08.926+0000] {logging_mixin.py:190} INFO - [2026-02-13T15:25:08.909+0000] {dagbag.py:387} ERROR - Failed to import: /opt/airflow/dags/weather_pipeline_dag.py
Traceback (most recent call last):
  File "/home/airflow/.local/lib/python3.10/site-packages/airflow/models/dagbag.py", line 383, in parse
    loader.exec_module(new_module)
  File "<frozen importlib._bootstrap_external>", line 883, in exec_module
  File "<frozen importlib._bootstrap>", line 241, in _call_with_frames_removed
  File "/opt/airflow/dags/weather_pipeline_dag.py", line 10, in <module>
    from utils.data_quality import validate_weather
  File "/opt/airflow/dags/utils/data_quality.py", line 1, in <module>
    import great_expectations as ge
ModuleNotFoundError: No module named 'great_expectations'
[2026-02-13T15:25:08.932+0000] {processor.py:927} WARNING - No viable dags retrieved from /opt/airflow/dags/weather_pipeline_dag.py
[2026-02-13T15:25:08.974+0000] {processor.py:208} INFO - Processing /opt/airflow/dags/weather_pipeline_dag.py took 0.915 seconds
[2026-02-13T15:25:39.629+0000] {processor.py:186} INFO - Started process (PID=247) to work on /opt/airflow/dags/weather_pipeline_dag.py
[2026-02-13T15:25:39.632+0000] {processor.py:914} INFO - Processing file /opt/airflow/dags/weather_pipeline_dag.py for tasks to queue
[2026-02-13T15:25:39.640+0000] {logging_mixin.py:190} INFO - [2026-02-13T15:25:39.639+0000] {dagbag.py:588} INFO - Filling up the DagBag from /opt/airflow/dags/weather_pipeline_dag.py
[2026-02-13T15:25:40.951+0000] {logging_mixin.py:190} INFO - [2026-02-13T15:25:40.932+0000] {dagbag.py:387} ERROR - Failed to import: /opt/airflow/dags/weather_pipeline_dag.py
Traceback (most recent call last):
  File "/home/airflow/.local/lib/python3.10/site-packages/airflow/models/dagbag.py", line 383, in parse
    loader.exec_module(new_module)
  File "<frozen importlib._bootstrap_external>", line 883, in exec_module
  File "<frozen importlib._bootstrap>", line 241, in _call_with_frames_removed
  File "/opt/airflow/dags/weather_pipeline_dag.py", line 10, in <module>
    from utils.data_quality import validate_weather
  File "/opt/airflow/dags/utils/data_quality.py", line 1, in <module>
    import great_expectations as ge
ModuleNotFoundError: No module named 'great_expectations'
[2026-02-13T15:25:40.958+0000] {processor.py:927} WARNING - No viable dags retrieved from /opt/airflow/dags/weather_pipeline_dag.py
[2026-02-13T15:25:41.002+0000] {processor.py:208} INFO - Processing /opt/airflow/dags/weather_pipeline_dag.py took 1.387 seconds
[2026-02-13T15:26:11.704+0000] {processor.py:186} INFO - Started process (PID=253) to work on /opt/airflow/dags/weather_pipeline_dag.py
[2026-02-13T15:26:11.708+0000] {processor.py:914} INFO - Processing file /opt/airflow/dags/weather_pipeline_dag.py for tasks to queue
[2026-02-13T15:26:11.715+0000] {logging_mixin.py:190} INFO - [2026-02-13T15:26:11.714+0000] {dagbag.py:588} INFO - Filling up the DagBag from /opt/airflow/dags/weather_pipeline_dag.py
[2026-02-13T15:26:12.907+0000] {logging_mixin.py:190} INFO - [2026-02-13T15:26:12.885+0000] {dagbag.py:387} ERROR - Failed to import: /opt/airflow/dags/weather_pipeline_dag.py
Traceback (most recent call last):
  File "/home/airflow/.local/lib/python3.10/site-packages/airflow/models/dagbag.py", line 383, in parse
    loader.exec_module(new_module)
  File "<frozen importlib._bootstrap_external>", line 883, in exec_module
  File "<frozen importlib._bootstrap>", line 241, in _call_with_frames_removed
  File "/opt/airflow/dags/weather_pipeline_dag.py", line 10, in <module>
    from utils.data_quality import validate_weather
  File "/opt/airflow/dags/utils/data_quality.py", line 1, in <module>
    import great_expectations as ge
ModuleNotFoundError: No module named 'great_expectations'
[2026-02-13T15:26:12.916+0000] {processor.py:927} WARNING - No viable dags retrieved from /opt/airflow/dags/weather_pipeline_dag.py
[2026-02-13T15:26:12.974+0000] {processor.py:208} INFO - Processing /opt/airflow/dags/weather_pipeline_dag.py took 1.287 seconds
[2026-02-13T15:27:11.322+0000] {processor.py:186} INFO - Started process (PID=175) to work on /opt/airflow/dags/weather_pipeline_dag.py
[2026-02-13T15:27:11.324+0000] {processor.py:914} INFO - Processing file /opt/airflow/dags/weather_pipeline_dag.py for tasks to queue
[2026-02-13T15:27:11.328+0000] {logging_mixin.py:190} INFO - [2026-02-13T15:27:11.328+0000] {dagbag.py:588} INFO - Filling up the DagBag from /opt/airflow/dags/weather_pipeline_dag.py
[2026-02-13T15:27:13.622+0000] {logging_mixin.py:190} INFO - [2026-02-13T15:27:13.608+0000] {dagbag.py:387} ERROR - Failed to import: /opt/airflow/dags/weather_pipeline_dag.py
Traceback (most recent call last):
  File "/home/airflow/.local/lib/python3.10/site-packages/airflow/models/dagbag.py", line 383, in parse
    loader.exec_module(new_module)
  File "<frozen importlib._bootstrap_external>", line 883, in exec_module
  File "<frozen importlib._bootstrap>", line 241, in _call_with_frames_removed
  File "/opt/airflow/dags/weather_pipeline_dag.py", line 10, in <module>
    from utils.data_quality import validate_weather
  File "/opt/airflow/dags/utils/data_quality.py", line 1, in <module>
    import great_expectations as ge
ModuleNotFoundError: No module named 'great_expectations'
[2026-02-13T15:27:13.626+0000] {processor.py:927} WARNING - No viable dags retrieved from /opt/airflow/dags/weather_pipeline_dag.py
[2026-02-13T15:27:13.660+0000] {processor.py:208} INFO - Processing /opt/airflow/dags/weather_pipeline_dag.py took 2.353 seconds
[2026-02-13T15:27:44.233+0000] {processor.py:186} INFO - Started process (PID=181) to work on /opt/airflow/dags/weather_pipeline_dag.py
[2026-02-13T15:27:44.239+0000] {processor.py:914} INFO - Processing file /opt/airflow/dags/weather_pipeline_dag.py for tasks to queue
[2026-02-13T15:27:44.248+0000] {logging_mixin.py:190} INFO - [2026-02-13T15:27:44.247+0000] {dagbag.py:588} INFO - Filling up the DagBag from /opt/airflow/dags/weather_pipeline_dag.py
[2026-02-13T15:27:45.584+0000] {logging_mixin.py:190} INFO - [2026-02-13T15:27:45.564+0000] {dagbag.py:387} ERROR - Failed to import: /opt/airflow/dags/weather_pipeline_dag.py
Traceback (most recent call last):
  File "/home/airflow/.local/lib/python3.10/site-packages/airflow/models/dagbag.py", line 383, in parse
    loader.exec_module(new_module)
  File "<frozen importlib._bootstrap_external>", line 883, in exec_module
  File "<frozen importlib._bootstrap>", line 241, in _call_with_frames_removed
  File "/opt/airflow/dags/weather_pipeline_dag.py", line 10, in <module>
    from utils.data_quality import validate_weather
  File "/opt/airflow/dags/utils/data_quality.py", line 1, in <module>
    import great_expectations as ge
ModuleNotFoundError: No module named 'great_expectations'
[2026-02-13T15:27:45.591+0000] {processor.py:927} WARNING - No viable dags retrieved from /opt/airflow/dags/weather_pipeline_dag.py
[2026-02-13T15:27:45.647+0000] {processor.py:208} INFO - Processing /opt/airflow/dags/weather_pipeline_dag.py took 1.437 seconds
[2026-02-13T15:28:16.078+0000] {processor.py:186} INFO - Started process (PID=187) to work on /opt/airflow/dags/weather_pipeline_dag.py
[2026-02-13T15:28:16.083+0000] {processor.py:914} INFO - Processing file /opt/airflow/dags/weather_pipeline_dag.py for tasks to queue
[2026-02-13T15:28:16.104+0000] {logging_mixin.py:190} INFO - [2026-02-13T15:28:16.103+0000] {dagbag.py:588} INFO - Filling up the DagBag from /opt/airflow/dags/weather_pipeline_dag.py
[2026-02-13T15:28:17.573+0000] {logging_mixin.py:190} INFO - [2026-02-13T15:28:17.552+0000] {dagbag.py:387} ERROR - Failed to import: /opt/airflow/dags/weather_pipeline_dag.py
Traceback (most recent call last):
  File "/home/airflow/.local/lib/python3.10/site-packages/airflow/models/dagbag.py", line 383, in parse
    loader.exec_module(new_module)
  File "<frozen importlib._bootstrap_external>", line 883, in exec_module
  File "<frozen importlib._bootstrap>", line 241, in _call_with_frames_removed
  File "/opt/airflow/dags/weather_pipeline_dag.py", line 10, in <module>
    from utils.data_quality import validate_weather
  File "/opt/airflow/dags/utils/data_quality.py", line 1, in <module>
    import great_expectations as ge
ModuleNotFoundError: No module named 'great_expectations'
[2026-02-13T15:28:17.580+0000] {processor.py:927} WARNING - No viable dags retrieved from /opt/airflow/dags/weather_pipeline_dag.py
[2026-02-13T15:28:17.619+0000] {processor.py:208} INFO - Processing /opt/airflow/dags/weather_pipeline_dag.py took 1.575 seconds
[2026-02-13T15:28:48.149+0000] {processor.py:186} INFO - Started process (PID=193) to work on /opt/airflow/dags/weather_pipeline_dag.py
[2026-02-13T15:28:48.153+0000] {processor.py:914} INFO - Processing file /opt/airflow/dags/weather_pipeline_dag.py for tasks to queue
[2026-02-13T15:28:48.161+0000] {logging_mixin.py:190} INFO - [2026-02-13T15:28:48.160+0000] {dagbag.py:588} INFO - Filling up the DagBag from /opt/airflow/dags/weather_pipeline_dag.py
[2026-02-13T15:28:49.277+0000] {logging_mixin.py:190} INFO - [2026-02-13T15:28:49.263+0000] {dagbag.py:387} ERROR - Failed to import: /opt/airflow/dags/weather_pipeline_dag.py
Traceback (most recent call last):
  File "/home/airflow/.local/lib/python3.10/site-packages/airflow/models/dagbag.py", line 383, in parse
    loader.exec_module(new_module)
  File "<frozen importlib._bootstrap_external>", line 883, in exec_module
  File "<frozen importlib._bootstrap>", line 241, in _call_with_frames_removed
  File "/opt/airflow/dags/weather_pipeline_dag.py", line 10, in <module>
    from utils.data_quality import validate_weather
  File "/opt/airflow/dags/utils/data_quality.py", line 1, in <module>
    import great_expectations as ge
ModuleNotFoundError: No module named 'great_expectations'
[2026-02-13T15:28:49.282+0000] {processor.py:927} WARNING - No viable dags retrieved from /opt/airflow/dags/weather_pipeline_dag.py
[2026-02-13T15:28:49.324+0000] {processor.py:208} INFO - Processing /opt/airflow/dags/weather_pipeline_dag.py took 1.192 seconds
[2026-02-13T15:29:19.543+0000] {processor.py:186} INFO - Started process (PID=199) to work on /opt/airflow/dags/weather_pipeline_dag.py
[2026-02-13T15:29:19.547+0000] {processor.py:914} INFO - Processing file /opt/airflow/dags/weather_pipeline_dag.py for tasks to queue
[2026-02-13T15:29:19.555+0000] {logging_mixin.py:190} INFO - [2026-02-13T15:29:19.554+0000] {dagbag.py:588} INFO - Filling up the DagBag from /opt/airflow/dags/weather_pipeline_dag.py
[2026-02-13T15:29:22.140+0000] {logging_mixin.py:190} INFO - [2026-02-13T15:29:22.102+0000] {dagbag.py:387} ERROR - Failed to import: /opt/airflow/dags/weather_pipeline_dag.py
Traceback (most recent call last):
  File "/home/airflow/.local/lib/python3.10/site-packages/airflow/models/dagbag.py", line 383, in parse
    loader.exec_module(new_module)
  File "<frozen importlib._bootstrap_external>", line 883, in exec_module
  File "<frozen importlib._bootstrap>", line 241, in _call_with_frames_removed
  File "/opt/airflow/dags/weather_pipeline_dag.py", line 10, in <module>
    from utils.data_quality import validate_weather
  File "/opt/airflow/dags/utils/data_quality.py", line 1, in <module>
    import great_expectations as ge
ModuleNotFoundError: No module named 'great_expectations'
[2026-02-13T15:29:22.150+0000] {processor.py:927} WARNING - No viable dags retrieved from /opt/airflow/dags/weather_pipeline_dag.py
[2026-02-13T15:29:22.241+0000] {processor.py:208} INFO - Processing /opt/airflow/dags/weather_pipeline_dag.py took 2.732 seconds
[2026-02-13T15:29:52.806+0000] {processor.py:186} INFO - Started process (PID=205) to work on /opt/airflow/dags/weather_pipeline_dag.py
[2026-02-13T15:29:52.809+0000] {processor.py:914} INFO - Processing file /opt/airflow/dags/weather_pipeline_dag.py for tasks to queue
[2026-02-13T15:29:52.815+0000] {logging_mixin.py:190} INFO - [2026-02-13T15:29:52.815+0000] {dagbag.py:588} INFO - Filling up the DagBag from /opt/airflow/dags/weather_pipeline_dag.py
[2026-02-13T15:29:54.880+0000] {logging_mixin.py:190} INFO - [2026-02-13T15:29:54.863+0000] {dagbag.py:387} ERROR - Failed to import: /opt/airflow/dags/weather_pipeline_dag.py
Traceback (most recent call last):
  File "/home/airflow/.local/lib/python3.10/site-packages/airflow/models/dagbag.py", line 383, in parse
    loader.exec_module(new_module)
  File "<frozen importlib._bootstrap_external>", line 883, in exec_module
  File "<frozen importlib._bootstrap>", line 241, in _call_with_frames_removed
  File "/opt/airflow/dags/weather_pipeline_dag.py", line 10, in <module>
    from utils.data_quality import validate_weather
  File "/opt/airflow/dags/utils/data_quality.py", line 1, in <module>
    import great_expectations as ge
ModuleNotFoundError: No module named 'great_expectations'
[2026-02-13T15:29:54.887+0000] {processor.py:927} WARNING - No viable dags retrieved from /opt/airflow/dags/weather_pipeline_dag.py
[2026-02-13T15:29:54.979+0000] {processor.py:208} INFO - Processing /opt/airflow/dags/weather_pipeline_dag.py took 2.189 seconds
[2026-02-13T15:30:25.312+0000] {processor.py:186} INFO - Started process (PID=211) to work on /opt/airflow/dags/weather_pipeline_dag.py
[2026-02-13T15:30:25.316+0000] {processor.py:914} INFO - Processing file /opt/airflow/dags/weather_pipeline_dag.py for tasks to queue
[2026-02-13T15:30:25.321+0000] {logging_mixin.py:190} INFO - [2026-02-13T15:30:25.320+0000] {dagbag.py:588} INFO - Filling up the DagBag from /opt/airflow/dags/weather_pipeline_dag.py
[2026-02-13T15:30:27.363+0000] {logging_mixin.py:190} INFO - [2026-02-13T15:30:27.345+0000] {dagbag.py:387} ERROR - Failed to import: /opt/airflow/dags/weather_pipeline_dag.py
Traceback (most recent call last):
  File "/home/airflow/.local/lib/python3.10/site-packages/airflow/models/dagbag.py", line 383, in parse
    loader.exec_module(new_module)
  File "<frozen importlib._bootstrap_external>", line 883, in exec_module
  File "<frozen importlib._bootstrap>", line 241, in _call_with_frames_removed
  File "/opt/airflow/dags/weather_pipeline_dag.py", line 10, in <module>
    from utils.data_quality import validate_weather
  File "/opt/airflow/dags/utils/data_quality.py", line 1, in <module>
    import great_expectations as ge
ModuleNotFoundError: No module named 'great_expectations'
[2026-02-13T15:30:27.369+0000] {processor.py:927} WARNING - No viable dags retrieved from /opt/airflow/dags/weather_pipeline_dag.py
[2026-02-13T15:30:27.534+0000] {processor.py:208} INFO - Processing /opt/airflow/dags/weather_pipeline_dag.py took 2.254 seconds
[2026-02-13T15:30:57.905+0000] {processor.py:186} INFO - Started process (PID=217) to work on /opt/airflow/dags/weather_pipeline_dag.py
[2026-02-13T15:30:57.908+0000] {processor.py:914} INFO - Processing file /opt/airflow/dags/weather_pipeline_dag.py for tasks to queue
[2026-02-13T15:30:57.916+0000] {logging_mixin.py:190} INFO - [2026-02-13T15:30:57.916+0000] {dagbag.py:588} INFO - Filling up the DagBag from /opt/airflow/dags/weather_pipeline_dag.py
[2026-02-13T15:31:00.908+0000] {logging_mixin.py:190} INFO - [2026-02-13T15:31:00.891+0000] {dagbag.py:387} ERROR - Failed to import: /opt/airflow/dags/weather_pipeline_dag.py
Traceback (most recent call last):
  File "/home/airflow/.local/lib/python3.10/site-packages/airflow/models/dagbag.py", line 383, in parse
    loader.exec_module(new_module)
  File "<frozen importlib._bootstrap_external>", line 883, in exec_module
  File "<frozen importlib._bootstrap>", line 241, in _call_with_frames_removed
  File "/opt/airflow/dags/weather_pipeline_dag.py", line 10, in <module>
    from utils.data_quality import validate_weather
  File "/opt/airflow/dags/utils/data_quality.py", line 1, in <module>
    import great_expectations as ge
ModuleNotFoundError: No module named 'great_expectations'
[2026-02-13T15:31:00.914+0000] {processor.py:927} WARNING - No viable dags retrieved from /opt/airflow/dags/weather_pipeline_dag.py
[2026-02-13T15:31:00.964+0000] {processor.py:208} INFO - Processing /opt/airflow/dags/weather_pipeline_dag.py took 3.075 seconds
[2026-02-13T15:31:31.539+0000] {processor.py:186} INFO - Started process (PID=223) to work on /opt/airflow/dags/weather_pipeline_dag.py
[2026-02-13T15:31:31.543+0000] {processor.py:914} INFO - Processing file /opt/airflow/dags/weather_pipeline_dag.py for tasks to queue
[2026-02-13T15:31:31.552+0000] {logging_mixin.py:190} INFO - [2026-02-13T15:31:31.550+0000] {dagbag.py:588} INFO - Filling up the DagBag from /opt/airflow/dags/weather_pipeline_dag.py
[2026-02-13T15:31:34.463+0000] {logging_mixin.py:190} INFO - [2026-02-13T15:31:34.443+0000] {dagbag.py:387} ERROR - Failed to import: /opt/airflow/dags/weather_pipeline_dag.py
Traceback (most recent call last):
  File "/home/airflow/.local/lib/python3.10/site-packages/airflow/models/dagbag.py", line 383, in parse
    loader.exec_module(new_module)
  File "<frozen importlib._bootstrap_external>", line 883, in exec_module
  File "<frozen importlib._bootstrap>", line 241, in _call_with_frames_removed
  File "/opt/airflow/dags/weather_pipeline_dag.py", line 10, in <module>
    from utils.data_quality import validate_weather
  File "/opt/airflow/dags/utils/data_quality.py", line 1, in <module>
    import great_expectations as ge
ModuleNotFoundError: No module named 'great_expectations'
[2026-02-13T15:31:34.469+0000] {processor.py:927} WARNING - No viable dags retrieved from /opt/airflow/dags/weather_pipeline_dag.py
[2026-02-13T15:31:34.558+0000] {processor.py:208} INFO - Processing /opt/airflow/dags/weather_pipeline_dag.py took 3.038 seconds
[2026-02-13T15:32:05.077+0000] {processor.py:186} INFO - Started process (PID=229) to work on /opt/airflow/dags/weather_pipeline_dag.py
[2026-02-13T15:32:05.080+0000] {processor.py:914} INFO - Processing file /opt/airflow/dags/weather_pipeline_dag.py for tasks to queue
[2026-02-13T15:32:05.088+0000] {logging_mixin.py:190} INFO - [2026-02-13T15:32:05.087+0000] {dagbag.py:588} INFO - Filling up the DagBag from /opt/airflow/dags/weather_pipeline_dag.py
[2026-02-13T15:32:07.674+0000] {logging_mixin.py:190} INFO - [2026-02-13T15:32:07.655+0000] {dagbag.py:387} ERROR - Failed to import: /opt/airflow/dags/weather_pipeline_dag.py
Traceback (most recent call last):
  File "/home/airflow/.local/lib/python3.10/site-packages/airflow/models/dagbag.py", line 383, in parse
    loader.exec_module(new_module)
  File "<frozen importlib._bootstrap_external>", line 883, in exec_module
  File "<frozen importlib._bootstrap>", line 241, in _call_with_frames_removed
  File "/opt/airflow/dags/weather_pipeline_dag.py", line 10, in <module>
    from utils.data_quality import validate_weather
  File "/opt/airflow/dags/utils/data_quality.py", line 1, in <module>
    import great_expectations as ge
ModuleNotFoundError: No module named 'great_expectations'
[2026-02-13T15:32:07.680+0000] {processor.py:927} WARNING - No viable dags retrieved from /opt/airflow/dags/weather_pipeline_dag.py
[2026-02-13T15:32:07.720+0000] {processor.py:208} INFO - Processing /opt/airflow/dags/weather_pipeline_dag.py took 2.659 seconds
[2026-02-13T15:32:38.537+0000] {processor.py:186} INFO - Started process (PID=235) to work on /opt/airflow/dags/weather_pipeline_dag.py
[2026-02-13T15:32:38.540+0000] {processor.py:914} INFO - Processing file /opt/airflow/dags/weather_pipeline_dag.py for tasks to queue
[2026-02-13T15:32:38.546+0000] {logging_mixin.py:190} INFO - [2026-02-13T15:32:38.545+0000] {dagbag.py:588} INFO - Filling up the DagBag from /opt/airflow/dags/weather_pipeline_dag.py
[2026-02-13T15:32:39.760+0000] {logging_mixin.py:190} INFO - [2026-02-13T15:32:39.737+0000] {dagbag.py:387} ERROR - Failed to import: /opt/airflow/dags/weather_pipeline_dag.py
Traceback (most recent call last):
  File "/home/airflow/.local/lib/python3.10/site-packages/airflow/models/dagbag.py", line 383, in parse
    loader.exec_module(new_module)
  File "<frozen importlib._bootstrap_external>", line 883, in exec_module
  File "<frozen importlib._bootstrap>", line 241, in _call_with_frames_removed
  File "/opt/airflow/dags/weather_pipeline_dag.py", line 10, in <module>
    from utils.data_quality import validate_weather
  File "/opt/airflow/dags/utils/data_quality.py", line 1, in <module>
    import great_expectations as ge
ModuleNotFoundError: No module named 'great_expectations'
[2026-02-13T15:32:39.767+0000] {processor.py:927} WARNING - No viable dags retrieved from /opt/airflow/dags/weather_pipeline_dag.py
[2026-02-13T15:32:39.816+0000] {processor.py:208} INFO - Processing /opt/airflow/dags/weather_pipeline_dag.py took 1.297 seconds
[2026-02-13T15:33:10.104+0000] {processor.py:186} INFO - Started process (PID=241) to work on /opt/airflow/dags/weather_pipeline_dag.py
[2026-02-13T15:33:10.108+0000] {processor.py:914} INFO - Processing file /opt/airflow/dags/weather_pipeline_dag.py for tasks to queue
[2026-02-13T15:33:10.116+0000] {logging_mixin.py:190} INFO - [2026-02-13T15:33:10.114+0000] {dagbag.py:588} INFO - Filling up the DagBag from /opt/airflow/dags/weather_pipeline_dag.py
[2026-02-13T15:33:11.301+0000] {logging_mixin.py:190} INFO - [2026-02-13T15:33:11.281+0000] {dagbag.py:387} ERROR - Failed to import: /opt/airflow/dags/weather_pipeline_dag.py
Traceback (most recent call last):
  File "/home/airflow/.local/lib/python3.10/site-packages/airflow/models/dagbag.py", line 383, in parse
    loader.exec_module(new_module)
  File "<frozen importlib._bootstrap_external>", line 883, in exec_module
  File "<frozen importlib._bootstrap>", line 241, in _call_with_frames_removed
  File "/opt/airflow/dags/weather_pipeline_dag.py", line 10, in <module>
    from utils.data_quality import validate_weather
  File "/opt/airflow/dags/utils/data_quality.py", line 1, in <module>
    import great_expectations as ge
ModuleNotFoundError: No module named 'great_expectations'
[2026-02-13T15:33:11.307+0000] {processor.py:927} WARNING - No viable dags retrieved from /opt/airflow/dags/weather_pipeline_dag.py
[2026-02-13T15:33:11.356+0000] {processor.py:208} INFO - Processing /opt/airflow/dags/weather_pipeline_dag.py took 1.272 seconds
[2026-02-13T15:33:41.736+0000] {processor.py:186} INFO - Started process (PID=247) to work on /opt/airflow/dags/weather_pipeline_dag.py
[2026-02-13T15:33:41.740+0000] {processor.py:914} INFO - Processing file /opt/airflow/dags/weather_pipeline_dag.py for tasks to queue
[2026-02-13T15:33:41.749+0000] {logging_mixin.py:190} INFO - [2026-02-13T15:33:41.747+0000] {dagbag.py:588} INFO - Filling up the DagBag from /opt/airflow/dags/weather_pipeline_dag.py
[2026-02-13T15:33:43.017+0000] {logging_mixin.py:190} INFO - [2026-02-13T15:33:43.001+0000] {dagbag.py:387} ERROR - Failed to import: /opt/airflow/dags/weather_pipeline_dag.py
Traceback (most recent call last):
  File "/home/airflow/.local/lib/python3.10/site-packages/airflow/models/dagbag.py", line 383, in parse
    loader.exec_module(new_module)
  File "<frozen importlib._bootstrap_external>", line 883, in exec_module
  File "<frozen importlib._bootstrap>", line 241, in _call_with_frames_removed
  File "/opt/airflow/dags/weather_pipeline_dag.py", line 10, in <module>
    from utils.data_quality import validate_weather
  File "/opt/airflow/dags/utils/data_quality.py", line 1, in <module>
    import great_expectations as ge
ModuleNotFoundError: No module named 'great_expectations'
[2026-02-13T15:33:43.022+0000] {processor.py:927} WARNING - No viable dags retrieved from /opt/airflow/dags/weather_pipeline_dag.py
[2026-02-13T15:33:43.065+0000] {processor.py:208} INFO - Processing /opt/airflow/dags/weather_pipeline_dag.py took 1.353 seconds
[2026-02-13T15:34:13.250+0000] {processor.py:186} INFO - Started process (PID=253) to work on /opt/airflow/dags/weather_pipeline_dag.py
[2026-02-13T15:34:13.255+0000] {processor.py:914} INFO - Processing file /opt/airflow/dags/weather_pipeline_dag.py for tasks to queue
[2026-02-13T15:34:13.267+0000] {logging_mixin.py:190} INFO - [2026-02-13T15:34:13.266+0000] {dagbag.py:588} INFO - Filling up the DagBag from /opt/airflow/dags/weather_pipeline_dag.py
[2026-02-13T15:34:14.393+0000] {logging_mixin.py:190} INFO - [2026-02-13T15:34:14.372+0000] {dagbag.py:387} ERROR - Failed to import: /opt/airflow/dags/weather_pipeline_dag.py
Traceback (most recent call last):
  File "/home/airflow/.local/lib/python3.10/site-packages/airflow/models/dagbag.py", line 383, in parse
    loader.exec_module(new_module)
  File "<frozen importlib._bootstrap_external>", line 883, in exec_module
  File "<frozen importlib._bootstrap>", line 241, in _call_with_frames_removed
  File "/opt/airflow/dags/weather_pipeline_dag.py", line 10, in <module>
    from utils.data_quality import validate_weather
  File "/opt/airflow/dags/utils/data_quality.py", line 1, in <module>
    import great_expectations as ge
ModuleNotFoundError: No module named 'great_expectations'
[2026-02-13T15:34:14.402+0000] {processor.py:927} WARNING - No viable dags retrieved from /opt/airflow/dags/weather_pipeline_dag.py
[2026-02-13T15:34:14.464+0000] {processor.py:208} INFO - Processing /opt/airflow/dags/weather_pipeline_dag.py took 1.237 seconds
[2026-02-13T15:34:44.714+0000] {processor.py:186} INFO - Started process (PID=259) to work on /opt/airflow/dags/weather_pipeline_dag.py
[2026-02-13T15:34:44.718+0000] {processor.py:914} INFO - Processing file /opt/airflow/dags/weather_pipeline_dag.py for tasks to queue
[2026-02-13T15:34:44.726+0000] {logging_mixin.py:190} INFO - [2026-02-13T15:34:44.725+0000] {dagbag.py:588} INFO - Filling up the DagBag from /opt/airflow/dags/weather_pipeline_dag.py
[2026-02-13T15:34:45.991+0000] {logging_mixin.py:190} INFO - [2026-02-13T15:34:45.971+0000] {dagbag.py:387} ERROR - Failed to import: /opt/airflow/dags/weather_pipeline_dag.py
Traceback (most recent call last):
  File "/home/airflow/.local/lib/python3.10/site-packages/airflow/models/dagbag.py", line 383, in parse
    loader.exec_module(new_module)
  File "<frozen importlib._bootstrap_external>", line 883, in exec_module
  File "<frozen importlib._bootstrap>", line 241, in _call_with_frames_removed
  File "/opt/airflow/dags/weather_pipeline_dag.py", line 10, in <module>
    from utils.data_quality import validate_weather
  File "/opt/airflow/dags/utils/data_quality.py", line 1, in <module>
    import great_expectations as ge
ModuleNotFoundError: No module named 'great_expectations'
[2026-02-13T15:34:45.998+0000] {processor.py:927} WARNING - No viable dags retrieved from /opt/airflow/dags/weather_pipeline_dag.py
[2026-02-13T15:34:46.042+0000] {processor.py:208} INFO - Processing /opt/airflow/dags/weather_pipeline_dag.py took 1.356 seconds
[2026-02-13T15:35:16.472+0000] {processor.py:186} INFO - Started process (PID=265) to work on /opt/airflow/dags/weather_pipeline_dag.py
[2026-02-13T15:35:16.476+0000] {processor.py:914} INFO - Processing file /opt/airflow/dags/weather_pipeline_dag.py for tasks to queue
[2026-02-13T15:35:16.484+0000] {logging_mixin.py:190} INFO - [2026-02-13T15:35:16.483+0000] {dagbag.py:588} INFO - Filling up the DagBag from /opt/airflow/dags/weather_pipeline_dag.py
[2026-02-13T15:35:17.584+0000] {logging_mixin.py:190} INFO - [2026-02-13T15:35:17.566+0000] {dagbag.py:387} ERROR - Failed to import: /opt/airflow/dags/weather_pipeline_dag.py
Traceback (most recent call last):
  File "/home/airflow/.local/lib/python3.10/site-packages/airflow/models/dagbag.py", line 383, in parse
    loader.exec_module(new_module)
  File "<frozen importlib._bootstrap_external>", line 883, in exec_module
  File "<frozen importlib._bootstrap>", line 241, in _call_with_frames_removed
  File "/opt/airflow/dags/weather_pipeline_dag.py", line 10, in <module>
    from utils.data_quality import validate_weather
  File "/opt/airflow/dags/utils/data_quality.py", line 1, in <module>
    import great_expectations as ge
ModuleNotFoundError: No module named 'great_expectations'
[2026-02-13T15:35:17.590+0000] {processor.py:927} WARNING - No viable dags retrieved from /opt/airflow/dags/weather_pipeline_dag.py
[2026-02-13T15:35:17.633+0000] {processor.py:208} INFO - Processing /opt/airflow/dags/weather_pipeline_dag.py took 1.181 seconds
[2026-02-13T15:35:47.966+0000] {processor.py:186} INFO - Started process (PID=271) to work on /opt/airflow/dags/weather_pipeline_dag.py
[2026-02-13T15:35:47.969+0000] {processor.py:914} INFO - Processing file /opt/airflow/dags/weather_pipeline_dag.py for tasks to queue
[2026-02-13T15:35:47.975+0000] {logging_mixin.py:190} INFO - [2026-02-13T15:35:47.974+0000] {dagbag.py:588} INFO - Filling up the DagBag from /opt/airflow/dags/weather_pipeline_dag.py
[2026-02-13T15:35:49.226+0000] {logging_mixin.py:190} INFO - [2026-02-13T15:35:49.209+0000] {dagbag.py:387} ERROR - Failed to import: /opt/airflow/dags/weather_pipeline_dag.py
Traceback (most recent call last):
  File "/home/airflow/.local/lib/python3.10/site-packages/airflow/models/dagbag.py", line 383, in parse
    loader.exec_module(new_module)
  File "<frozen importlib._bootstrap_external>", line 883, in exec_module
  File "<frozen importlib._bootstrap>", line 241, in _call_with_frames_removed
  File "/opt/airflow/dags/weather_pipeline_dag.py", line 10, in <module>
    from utils.data_quality import validate_weather
  File "/opt/airflow/dags/utils/data_quality.py", line 1, in <module>
    import great_expectations as ge
ModuleNotFoundError: No module named 'great_expectations'
[2026-02-13T15:35:49.232+0000] {processor.py:927} WARNING - No viable dags retrieved from /opt/airflow/dags/weather_pipeline_dag.py
[2026-02-13T15:35:49.272+0000] {processor.py:208} INFO - Processing /opt/airflow/dags/weather_pipeline_dag.py took 1.322 seconds
[2026-02-13T15:36:19.571+0000] {processor.py:186} INFO - Started process (PID=277) to work on /opt/airflow/dags/weather_pipeline_dag.py
[2026-02-13T15:36:19.573+0000] {processor.py:914} INFO - Processing file /opt/airflow/dags/weather_pipeline_dag.py for tasks to queue
[2026-02-13T15:36:19.578+0000] {logging_mixin.py:190} INFO - [2026-02-13T15:36:19.578+0000] {dagbag.py:588} INFO - Filling up the DagBag from /opt/airflow/dags/weather_pipeline_dag.py
[2026-02-13T15:36:20.896+0000] {logging_mixin.py:190} INFO - [2026-02-13T15:36:20.880+0000] {dagbag.py:387} ERROR - Failed to import: /opt/airflow/dags/weather_pipeline_dag.py
Traceback (most recent call last):
  File "/home/airflow/.local/lib/python3.10/site-packages/airflow/models/dagbag.py", line 383, in parse
    loader.exec_module(new_module)
  File "<frozen importlib._bootstrap_external>", line 883, in exec_module
  File "<frozen importlib._bootstrap>", line 241, in _call_with_frames_removed
  File "/opt/airflow/dags/weather_pipeline_dag.py", line 10, in <module>
    from utils.data_quality import validate_weather
  File "/opt/airflow/dags/utils/data_quality.py", line 1, in <module>
    import great_expectations as ge
ModuleNotFoundError: No module named 'great_expectations'
[2026-02-13T15:36:20.902+0000] {processor.py:927} WARNING - No viable dags retrieved from /opt/airflow/dags/weather_pipeline_dag.py
[2026-02-13T15:36:20.943+0000] {processor.py:208} INFO - Processing /opt/airflow/dags/weather_pipeline_dag.py took 1.392 seconds
[2026-02-13T15:36:51.585+0000] {processor.py:186} INFO - Started process (PID=283) to work on /opt/airflow/dags/weather_pipeline_dag.py
[2026-02-13T15:36:51.588+0000] {processor.py:914} INFO - Processing file /opt/airflow/dags/weather_pipeline_dag.py for tasks to queue
[2026-02-13T15:36:51.594+0000] {logging_mixin.py:190} INFO - [2026-02-13T15:36:51.593+0000] {dagbag.py:588} INFO - Filling up the DagBag from /opt/airflow/dags/weather_pipeline_dag.py
[2026-02-13T15:36:52.782+0000] {logging_mixin.py:190} INFO - [2026-02-13T15:36:52.757+0000] {dagbag.py:387} ERROR - Failed to import: /opt/airflow/dags/weather_pipeline_dag.py
Traceback (most recent call last):
  File "/home/airflow/.local/lib/python3.10/site-packages/airflow/models/dagbag.py", line 383, in parse
    loader.exec_module(new_module)
  File "<frozen importlib._bootstrap_external>", line 883, in exec_module
  File "<frozen importlib._bootstrap>", line 241, in _call_with_frames_removed
  File "/opt/airflow/dags/weather_pipeline_dag.py", line 10, in <module>
    from utils.data_quality import validate_weather
  File "/opt/airflow/dags/utils/data_quality.py", line 1, in <module>
    import great_expectations as ge
ModuleNotFoundError: No module named 'great_expectations'
[2026-02-13T15:36:52.790+0000] {processor.py:927} WARNING - No viable dags retrieved from /opt/airflow/dags/weather_pipeline_dag.py
[2026-02-13T15:36:52.852+0000] {processor.py:208} INFO - Processing /opt/airflow/dags/weather_pipeline_dag.py took 1.282 seconds
[2026-02-13T15:37:23.844+0000] {processor.py:186} INFO - Started process (PID=289) to work on /opt/airflow/dags/weather_pipeline_dag.py
[2026-02-13T15:37:23.847+0000] {processor.py:914} INFO - Processing file /opt/airflow/dags/weather_pipeline_dag.py for tasks to queue
[2026-02-13T15:37:23.854+0000] {logging_mixin.py:190} INFO - [2026-02-13T15:37:23.853+0000] {dagbag.py:588} INFO - Filling up the DagBag from /opt/airflow/dags/weather_pipeline_dag.py
[2026-02-13T15:37:24.852+0000] {logging_mixin.py:190} INFO - [2026-02-13T15:37:24.838+0000] {dagbag.py:387} ERROR - Failed to import: /opt/airflow/dags/weather_pipeline_dag.py
Traceback (most recent call last):
  File "/home/airflow/.local/lib/python3.10/site-packages/airflow/models/dagbag.py", line 383, in parse
    loader.exec_module(new_module)
  File "<frozen importlib._bootstrap_external>", line 883, in exec_module
  File "<frozen importlib._bootstrap>", line 241, in _call_with_frames_removed
  File "/opt/airflow/dags/weather_pipeline_dag.py", line 10, in <module>
    from utils.data_quality import validate_weather
  File "/opt/airflow/dags/utils/data_quality.py", line 1, in <module>
    import great_expectations as ge
ModuleNotFoundError: No module named 'great_expectations'
[2026-02-13T15:37:24.857+0000] {processor.py:927} WARNING - No viable dags retrieved from /opt/airflow/dags/weather_pipeline_dag.py
[2026-02-13T15:37:24.897+0000] {processor.py:208} INFO - Processing /opt/airflow/dags/weather_pipeline_dag.py took 1.072 seconds
[2026-02-13T15:37:55.293+0000] {processor.py:186} INFO - Started process (PID=295) to work on /opt/airflow/dags/weather_pipeline_dag.py
[2026-02-13T15:37:55.297+0000] {processor.py:914} INFO - Processing file /opt/airflow/dags/weather_pipeline_dag.py for tasks to queue
[2026-02-13T15:37:55.303+0000] {logging_mixin.py:190} INFO - [2026-02-13T15:37:55.303+0000] {dagbag.py:588} INFO - Filling up the DagBag from /opt/airflow/dags/weather_pipeline_dag.py
[2026-02-13T15:37:56.436+0000] {logging_mixin.py:190} INFO - [2026-02-13T15:37:56.417+0000] {dagbag.py:387} ERROR - Failed to import: /opt/airflow/dags/weather_pipeline_dag.py
Traceback (most recent call last):
  File "/home/airflow/.local/lib/python3.10/site-packages/airflow/models/dagbag.py", line 383, in parse
    loader.exec_module(new_module)
  File "<frozen importlib._bootstrap_external>", line 883, in exec_module
  File "<frozen importlib._bootstrap>", line 241, in _call_with_frames_removed
  File "/opt/airflow/dags/weather_pipeline_dag.py", line 10, in <module>
    from utils.data_quality import validate_weather
  File "/opt/airflow/dags/utils/data_quality.py", line 1, in <module>
    import great_expectations as ge
ModuleNotFoundError: No module named 'great_expectations'
[2026-02-13T15:37:56.442+0000] {processor.py:927} WARNING - No viable dags retrieved from /opt/airflow/dags/weather_pipeline_dag.py
[2026-02-13T15:37:56.490+0000] {processor.py:208} INFO - Processing /opt/airflow/dags/weather_pipeline_dag.py took 1.213 seconds
[2026-02-13T15:38:26.871+0000] {processor.py:186} INFO - Started process (PID=301) to work on /opt/airflow/dags/weather_pipeline_dag.py
[2026-02-13T15:38:26.875+0000] {processor.py:914} INFO - Processing file /opt/airflow/dags/weather_pipeline_dag.py for tasks to queue
[2026-02-13T15:38:26.885+0000] {logging_mixin.py:190} INFO - [2026-02-13T15:38:26.884+0000] {dagbag.py:588} INFO - Filling up the DagBag from /opt/airflow/dags/weather_pipeline_dag.py
[2026-02-13T15:38:28.374+0000] {logging_mixin.py:190} INFO - [2026-02-13T15:38:28.350+0000] {dagbag.py:387} ERROR - Failed to import: /opt/airflow/dags/weather_pipeline_dag.py
Traceback (most recent call last):
  File "/home/airflow/.local/lib/python3.10/site-packages/airflow/models/dagbag.py", line 383, in parse
    loader.exec_module(new_module)
  File "<frozen importlib._bootstrap_external>", line 883, in exec_module
  File "<frozen importlib._bootstrap>", line 241, in _call_with_frames_removed
  File "/opt/airflow/dags/weather_pipeline_dag.py", line 10, in <module>
    from utils.data_quality import validate_weather
  File "/opt/airflow/dags/utils/data_quality.py", line 1, in <module>
    import great_expectations as ge
ModuleNotFoundError: No module named 'great_expectations'
[2026-02-13T15:38:28.383+0000] {processor.py:927} WARNING - No viable dags retrieved from /opt/airflow/dags/weather_pipeline_dag.py
[2026-02-13T15:38:28.432+0000] {processor.py:208} INFO - Processing /opt/airflow/dags/weather_pipeline_dag.py took 1.601 seconds
[2026-02-13T15:38:58.668+0000] {processor.py:186} INFO - Started process (PID=307) to work on /opt/airflow/dags/weather_pipeline_dag.py
[2026-02-13T15:38:58.671+0000] {processor.py:914} INFO - Processing file /opt/airflow/dags/weather_pipeline_dag.py for tasks to queue
[2026-02-13T15:38:58.678+0000] {logging_mixin.py:190} INFO - [2026-02-13T15:38:58.677+0000] {dagbag.py:588} INFO - Filling up the DagBag from /opt/airflow/dags/weather_pipeline_dag.py
[2026-02-13T15:39:00.239+0000] {logging_mixin.py:190} INFO - [2026-02-13T15:39:00.215+0000] {dagbag.py:387} ERROR - Failed to import: /opt/airflow/dags/weather_pipeline_dag.py
Traceback (most recent call last):
  File "/home/airflow/.local/lib/python3.10/site-packages/airflow/models/dagbag.py", line 383, in parse
    loader.exec_module(new_module)
  File "<frozen importlib._bootstrap_external>", line 883, in exec_module
  File "<frozen importlib._bootstrap>", line 241, in _call_with_frames_removed
  File "/opt/airflow/dags/weather_pipeline_dag.py", line 10, in <module>
    from utils.data_quality import validate_weather
  File "/opt/airflow/dags/utils/data_quality.py", line 1, in <module>
    import great_expectations as ge
ModuleNotFoundError: No module named 'great_expectations'
[2026-02-13T15:39:00.247+0000] {processor.py:927} WARNING - No viable dags retrieved from /opt/airflow/dags/weather_pipeline_dag.py
[2026-02-13T15:39:00.301+0000] {processor.py:208} INFO - Processing /opt/airflow/dags/weather_pipeline_dag.py took 1.651 seconds
[2026-02-13T15:39:30.523+0000] {processor.py:186} INFO - Started process (PID=313) to work on /opt/airflow/dags/weather_pipeline_dag.py
[2026-02-13T15:39:30.527+0000] {processor.py:914} INFO - Processing file /opt/airflow/dags/weather_pipeline_dag.py for tasks to queue
[2026-02-13T15:39:30.537+0000] {logging_mixin.py:190} INFO - [2026-02-13T15:39:30.536+0000] {dagbag.py:588} INFO - Filling up the DagBag from /opt/airflow/dags/weather_pipeline_dag.py
[2026-02-13T15:39:31.916+0000] {logging_mixin.py:190} INFO - [2026-02-13T15:39:31.894+0000] {dagbag.py:387} ERROR - Failed to import: /opt/airflow/dags/weather_pipeline_dag.py
Traceback (most recent call last):
  File "/home/airflow/.local/lib/python3.10/site-packages/airflow/models/dagbag.py", line 383, in parse
    loader.exec_module(new_module)
  File "<frozen importlib._bootstrap_external>", line 883, in exec_module
  File "<frozen importlib._bootstrap>", line 241, in _call_with_frames_removed
  File "/opt/airflow/dags/weather_pipeline_dag.py", line 10, in <module>
    from utils.data_quality import validate_weather
  File "/opt/airflow/dags/utils/data_quality.py", line 1, in <module>
    import great_expectations as ge
ModuleNotFoundError: No module named 'great_expectations'
[2026-02-13T15:39:31.924+0000] {processor.py:927} WARNING - No viable dags retrieved from /opt/airflow/dags/weather_pipeline_dag.py
[2026-02-13T15:39:31.980+0000] {processor.py:208} INFO - Processing /opt/airflow/dags/weather_pipeline_dag.py took 1.485 seconds
[2026-02-13T15:40:02.503+0000] {processor.py:186} INFO - Started process (PID=319) to work on /opt/airflow/dags/weather_pipeline_dag.py
[2026-02-13T15:40:02.507+0000] {processor.py:914} INFO - Processing file /opt/airflow/dags/weather_pipeline_dag.py for tasks to queue
[2026-02-13T15:40:02.514+0000] {logging_mixin.py:190} INFO - [2026-02-13T15:40:02.514+0000] {dagbag.py:588} INFO - Filling up the DagBag from /opt/airflow/dags/weather_pipeline_dag.py
[2026-02-13T15:40:04.343+0000] {logging_mixin.py:190} INFO - [2026-02-13T15:40:04.319+0000] {dagbag.py:387} ERROR - Failed to import: /opt/airflow/dags/weather_pipeline_dag.py
Traceback (most recent call last):
  File "/home/airflow/.local/lib/python3.10/site-packages/airflow/models/dagbag.py", line 383, in parse
    loader.exec_module(new_module)
  File "<frozen importlib._bootstrap_external>", line 883, in exec_module
  File "<frozen importlib._bootstrap>", line 241, in _call_with_frames_removed
  File "/opt/airflow/dags/weather_pipeline_dag.py", line 10, in <module>
    from utils.data_quality import validate_weather
  File "/opt/airflow/dags/utils/data_quality.py", line 1, in <module>
    import great_expectations as ge
ModuleNotFoundError: No module named 'great_expectations'
[2026-02-13T15:40:04.350+0000] {processor.py:927} WARNING - No viable dags retrieved from /opt/airflow/dags/weather_pipeline_dag.py
[2026-02-13T15:40:04.417+0000] {processor.py:208} INFO - Processing /opt/airflow/dags/weather_pipeline_dag.py took 1.934 seconds
[2026-02-13T15:40:35.678+0000] {processor.py:186} INFO - Started process (PID=325) to work on /opt/airflow/dags/weather_pipeline_dag.py
[2026-02-13T15:40:35.691+0000] {processor.py:914} INFO - Processing file /opt/airflow/dags/weather_pipeline_dag.py for tasks to queue
[2026-02-13T15:40:35.743+0000] {logging_mixin.py:190} INFO - [2026-02-13T15:40:35.737+0000] {dagbag.py:588} INFO - Filling up the DagBag from /opt/airflow/dags/weather_pipeline_dag.py
[2026-02-13T15:40:39.553+0000] {logging_mixin.py:190} INFO - [2026-02-13T15:40:39.522+0000] {dagbag.py:387} ERROR - Failed to import: /opt/airflow/dags/weather_pipeline_dag.py
Traceback (most recent call last):
  File "/home/airflow/.local/lib/python3.10/site-packages/airflow/models/dagbag.py", line 383, in parse
    loader.exec_module(new_module)
  File "<frozen importlib._bootstrap_external>", line 883, in exec_module
  File "<frozen importlib._bootstrap>", line 241, in _call_with_frames_removed
  File "/opt/airflow/dags/weather_pipeline_dag.py", line 10, in <module>
    from utils.data_quality import validate_weather
  File "/opt/airflow/dags/utils/data_quality.py", line 1, in <module>
    import great_expectations as ge
ModuleNotFoundError: No module named 'great_expectations'
[2026-02-13T15:40:39.563+0000] {processor.py:927} WARNING - No viable dags retrieved from /opt/airflow/dags/weather_pipeline_dag.py
[2026-02-13T15:40:39.661+0000] {processor.py:208} INFO - Processing /opt/airflow/dags/weather_pipeline_dag.py took 4.113 seconds
[2026-02-13T15:41:10.140+0000] {processor.py:186} INFO - Started process (PID=331) to work on /opt/airflow/dags/weather_pipeline_dag.py
[2026-02-13T15:41:10.144+0000] {processor.py:914} INFO - Processing file /opt/airflow/dags/weather_pipeline_dag.py for tasks to queue
[2026-02-13T15:41:10.152+0000] {logging_mixin.py:190} INFO - [2026-02-13T15:41:10.151+0000] {dagbag.py:588} INFO - Filling up the DagBag from /opt/airflow/dags/weather_pipeline_dag.py
[2026-02-13T15:41:11.643+0000] {logging_mixin.py:190} INFO - [2026-02-13T15:41:11.616+0000] {dagbag.py:387} ERROR - Failed to import: /opt/airflow/dags/weather_pipeline_dag.py
Traceback (most recent call last):
  File "/home/airflow/.local/lib/python3.10/site-packages/airflow/models/dagbag.py", line 383, in parse
    loader.exec_module(new_module)
  File "<frozen importlib._bootstrap_external>", line 883, in exec_module
  File "<frozen importlib._bootstrap>", line 241, in _call_with_frames_removed
  File "/opt/airflow/dags/weather_pipeline_dag.py", line 10, in <module>
    from utils.data_quality import validate_weather
  File "/opt/airflow/dags/utils/data_quality.py", line 1, in <module>
    import great_expectations as ge
ModuleNotFoundError: No module named 'great_expectations'
[2026-02-13T15:41:11.653+0000] {processor.py:927} WARNING - No viable dags retrieved from /opt/airflow/dags/weather_pipeline_dag.py
[2026-02-13T15:41:11.722+0000] {processor.py:208} INFO - Processing /opt/airflow/dags/weather_pipeline_dag.py took 1.603 seconds
[2026-02-13T15:41:42.460+0000] {processor.py:186} INFO - Started process (PID=337) to work on /opt/airflow/dags/weather_pipeline_dag.py
[2026-02-13T15:41:42.464+0000] {processor.py:914} INFO - Processing file /opt/airflow/dags/weather_pipeline_dag.py for tasks to queue
[2026-02-13T15:41:42.476+0000] {logging_mixin.py:190} INFO - [2026-02-13T15:41:42.474+0000] {dagbag.py:588} INFO - Filling up the DagBag from /opt/airflow/dags/weather_pipeline_dag.py
[2026-02-13T15:41:44.796+0000] {logging_mixin.py:190} INFO - [2026-02-13T15:41:44.752+0000] {dagbag.py:387} ERROR - Failed to import: /opt/airflow/dags/weather_pipeline_dag.py
Traceback (most recent call last):
  File "/home/airflow/.local/lib/python3.10/site-packages/airflow/models/dagbag.py", line 383, in parse
    loader.exec_module(new_module)
  File "<frozen importlib._bootstrap_external>", line 883, in exec_module
  File "<frozen importlib._bootstrap>", line 241, in _call_with_frames_removed
  File "/opt/airflow/dags/weather_pipeline_dag.py", line 10, in <module>
    from utils.data_quality import validate_weather
  File "/opt/airflow/dags/utils/data_quality.py", line 1, in <module>
    import great_expectations as ge
ModuleNotFoundError: No module named 'great_expectations'
[2026-02-13T15:41:44.806+0000] {processor.py:927} WARNING - No viable dags retrieved from /opt/airflow/dags/weather_pipeline_dag.py
[2026-02-13T15:41:44.998+0000] {processor.py:208} INFO - Processing /opt/airflow/dags/weather_pipeline_dag.py took 2.566 seconds
[2026-02-13T19:42:03.673+0000] {processor.py:186} INFO - Started process (PID=343) to work on /opt/airflow/dags/weather_pipeline_dag.py
[2026-02-13T19:42:03.694+0000] {processor.py:914} INFO - Processing file /opt/airflow/dags/weather_pipeline_dag.py for tasks to queue
[2026-02-13T19:42:03.758+0000] {logging_mixin.py:190} INFO - [2026-02-13T19:42:03.747+0000] {dagbag.py:588} INFO - Filling up the DagBag from /opt/airflow/dags/weather_pipeline_dag.py
