[2026-02-14T16:06:07.138+0000] {processor.py:186} INFO - Started process (PID=347) to work on /opt/airflow/dags/weather_pipeline_dag.py
[2026-02-14T16:06:07.142+0000] {processor.py:914} INFO - Processing file /opt/airflow/dags/weather_pipeline_dag.py for tasks to queue
[2026-02-14T16:06:07.184+0000] {logging_mixin.py:190} INFO - [2026-02-14T16:06:07.178+0000] {dagbag.py:588} INFO - Filling up the DagBag from /opt/airflow/dags/weather_pipeline_dag.py
[2026-02-14T16:06:17.787+0000] {logging_mixin.py:190} INFO - [2026-02-14T16:06:17.773+0000] {dagbag.py:387} ERROR - Failed to import: /opt/airflow/dags/weather_pipeline_dag.py
Traceback (most recent call last):
  File "/home/airflow/.local/lib/python3.10/site-packages/airflow/models/dagbag.py", line 383, in parse
    loader.exec_module(new_module)
  File "<frozen importlib._bootstrap_external>", line 883, in exec_module
  File "<frozen importlib._bootstrap>", line 241, in _call_with_frames_removed
  File "/opt/airflow/dags/weather_pipeline_dag.py", line 10, in <module>
    from utils.data_quality import validate_weather
  File "/opt/airflow/dags/utils/data_quality.py", line 1, in <module>
    import great_expectations as ge
ModuleNotFoundError: No module named 'great_expectations'
[2026-02-14T16:06:17.792+0000] {processor.py:927} WARNING - No viable dags retrieved from /opt/airflow/dags/weather_pipeline_dag.py
[2026-02-14T16:06:17.870+0000] {processor.py:208} INFO - Processing /opt/airflow/dags/weather_pipeline_dag.py took 10.804 seconds
[2026-02-14T16:06:48.241+0000] {processor.py:186} INFO - Started process (PID=353) to work on /opt/airflow/dags/weather_pipeline_dag.py
[2026-02-14T16:06:48.243+0000] {processor.py:914} INFO - Processing file /opt/airflow/dags/weather_pipeline_dag.py for tasks to queue
[2026-02-14T16:06:48.248+0000] {logging_mixin.py:190} INFO - [2026-02-14T16:06:48.247+0000] {dagbag.py:588} INFO - Filling up the DagBag from /opt/airflow/dags/weather_pipeline_dag.py
[2026-02-14T16:06:49.355+0000] {logging_mixin.py:190} INFO - [2026-02-14T16:06:49.343+0000] {dagbag.py:387} ERROR - Failed to import: /opt/airflow/dags/weather_pipeline_dag.py
Traceback (most recent call last):
  File "/home/airflow/.local/lib/python3.10/site-packages/airflow/models/dagbag.py", line 383, in parse
    loader.exec_module(new_module)
  File "<frozen importlib._bootstrap_external>", line 883, in exec_module
  File "<frozen importlib._bootstrap>", line 241, in _call_with_frames_removed
  File "/opt/airflow/dags/weather_pipeline_dag.py", line 10, in <module>
    from utils.data_quality import validate_weather
  File "/opt/airflow/dags/utils/data_quality.py", line 1, in <module>
    import great_expectations as ge
ModuleNotFoundError: No module named 'great_expectations'
[2026-02-14T16:06:49.359+0000] {processor.py:927} WARNING - No viable dags retrieved from /opt/airflow/dags/weather_pipeline_dag.py
[2026-02-14T16:06:49.390+0000] {processor.py:208} INFO - Processing /opt/airflow/dags/weather_pipeline_dag.py took 1.163 seconds
[2026-02-14T16:07:19.651+0000] {processor.py:186} INFO - Started process (PID=359) to work on /opt/airflow/dags/weather_pipeline_dag.py
[2026-02-14T16:07:19.653+0000] {processor.py:914} INFO - Processing file /opt/airflow/dags/weather_pipeline_dag.py for tasks to queue
[2026-02-14T16:07:19.658+0000] {logging_mixin.py:190} INFO - [2026-02-14T16:07:19.657+0000] {dagbag.py:588} INFO - Filling up the DagBag from /opt/airflow/dags/weather_pipeline_dag.py
[2026-02-14T16:07:20.548+0000] {logging_mixin.py:190} INFO - [2026-02-14T16:07:20.536+0000] {dagbag.py:387} ERROR - Failed to import: /opt/airflow/dags/weather_pipeline_dag.py
Traceback (most recent call last):
  File "/home/airflow/.local/lib/python3.10/site-packages/airflow/models/dagbag.py", line 383, in parse
    loader.exec_module(new_module)
  File "<frozen importlib._bootstrap_external>", line 883, in exec_module
  File "<frozen importlib._bootstrap>", line 241, in _call_with_frames_removed
  File "/opt/airflow/dags/weather_pipeline_dag.py", line 10, in <module>
    from utils.data_quality import validate_weather
  File "/opt/airflow/dags/utils/data_quality.py", line 1, in <module>
    import great_expectations as ge
ModuleNotFoundError: No module named 'great_expectations'
[2026-02-14T16:07:20.552+0000] {processor.py:927} WARNING - No viable dags retrieved from /opt/airflow/dags/weather_pipeline_dag.py
[2026-02-14T16:07:20.586+0000] {processor.py:208} INFO - Processing /opt/airflow/dags/weather_pipeline_dag.py took 0.945 seconds
[2026-02-14T16:07:50.849+0000] {processor.py:186} INFO - Started process (PID=365) to work on /opt/airflow/dags/weather_pipeline_dag.py
[2026-02-14T16:07:50.851+0000] {processor.py:914} INFO - Processing file /opt/airflow/dags/weather_pipeline_dag.py for tasks to queue
[2026-02-14T16:07:50.855+0000] {logging_mixin.py:190} INFO - [2026-02-14T16:07:50.854+0000] {dagbag.py:588} INFO - Filling up the DagBag from /opt/airflow/dags/weather_pipeline_dag.py
[2026-02-14T16:07:53.977+0000] {logging_mixin.py:190} INFO - [2026-02-14T16:07:53.961+0000] {dagbag.py:387} ERROR - Failed to import: /opt/airflow/dags/weather_pipeline_dag.py
Traceback (most recent call last):
  File "/home/airflow/.local/lib/python3.10/site-packages/airflow/models/dagbag.py", line 383, in parse
    loader.exec_module(new_module)
  File "<frozen importlib._bootstrap_external>", line 883, in exec_module
  File "<frozen importlib._bootstrap>", line 241, in _call_with_frames_removed
  File "/opt/airflow/dags/weather_pipeline_dag.py", line 10, in <module>
    from utils.data_quality import validate_weather
  File "/opt/airflow/dags/utils/data_quality.py", line 1, in <module>
    import great_expectations as ge
ModuleNotFoundError: No module named 'great_expectations'
[2026-02-14T16:07:53.985+0000] {processor.py:927} WARNING - No viable dags retrieved from /opt/airflow/dags/weather_pipeline_dag.py
[2026-02-14T16:07:54.051+0000] {processor.py:208} INFO - Processing /opt/airflow/dags/weather_pipeline_dag.py took 3.211 seconds
[2026-02-14T16:08:24.295+0000] {processor.py:186} INFO - Started process (PID=371) to work on /opt/airflow/dags/weather_pipeline_dag.py
[2026-02-14T16:08:24.297+0000] {processor.py:914} INFO - Processing file /opt/airflow/dags/weather_pipeline_dag.py for tasks to queue
[2026-02-14T16:08:24.301+0000] {logging_mixin.py:190} INFO - [2026-02-14T16:08:24.301+0000] {dagbag.py:588} INFO - Filling up the DagBag from /opt/airflow/dags/weather_pipeline_dag.py
[2026-02-14T16:08:24.989+0000] {logging_mixin.py:190} INFO - [2026-02-14T16:08:24.977+0000] {dagbag.py:387} ERROR - Failed to import: /opt/airflow/dags/weather_pipeline_dag.py
Traceback (most recent call last):
  File "/home/airflow/.local/lib/python3.10/site-packages/airflow/models/dagbag.py", line 383, in parse
    loader.exec_module(new_module)
  File "<frozen importlib._bootstrap_external>", line 883, in exec_module
  File "<frozen importlib._bootstrap>", line 241, in _call_with_frames_removed
  File "/opt/airflow/dags/weather_pipeline_dag.py", line 10, in <module>
    from utils.data_quality import validate_weather
  File "/opt/airflow/dags/utils/data_quality.py", line 1, in <module>
    import great_expectations as ge
ModuleNotFoundError: No module named 'great_expectations'
[2026-02-14T16:08:24.995+0000] {processor.py:927} WARNING - No viable dags retrieved from /opt/airflow/dags/weather_pipeline_dag.py
[2026-02-14T16:08:25.026+0000] {processor.py:208} INFO - Processing /opt/airflow/dags/weather_pipeline_dag.py took 0.740 seconds
[2026-02-14T16:08:55.346+0000] {processor.py:186} INFO - Started process (PID=377) to work on /opt/airflow/dags/weather_pipeline_dag.py
[2026-02-14T16:08:55.348+0000] {processor.py:914} INFO - Processing file /opt/airflow/dags/weather_pipeline_dag.py for tasks to queue
[2026-02-14T16:08:55.352+0000] {logging_mixin.py:190} INFO - [2026-02-14T16:08:55.351+0000] {dagbag.py:588} INFO - Filling up the DagBag from /opt/airflow/dags/weather_pipeline_dag.py
[2026-02-14T16:08:56.024+0000] {logging_mixin.py:190} INFO - [2026-02-14T16:08:56.013+0000] {dagbag.py:387} ERROR - Failed to import: /opt/airflow/dags/weather_pipeline_dag.py
Traceback (most recent call last):
  File "/home/airflow/.local/lib/python3.10/site-packages/airflow/models/dagbag.py", line 383, in parse
    loader.exec_module(new_module)
  File "<frozen importlib._bootstrap_external>", line 883, in exec_module
  File "<frozen importlib._bootstrap>", line 241, in _call_with_frames_removed
  File "/opt/airflow/dags/weather_pipeline_dag.py", line 10, in <module>
    from utils.data_quality import validate_weather
  File "/opt/airflow/dags/utils/data_quality.py", line 1, in <module>
    import great_expectations as ge
ModuleNotFoundError: No module named 'great_expectations'
[2026-02-14T16:08:56.029+0000] {processor.py:927} WARNING - No viable dags retrieved from /opt/airflow/dags/weather_pipeline_dag.py
[2026-02-14T16:08:56.059+0000] {processor.py:208} INFO - Processing /opt/airflow/dags/weather_pipeline_dag.py took 0.723 seconds
[2026-02-14T16:09:26.239+0000] {processor.py:186} INFO - Started process (PID=383) to work on /opt/airflow/dags/weather_pipeline_dag.py
[2026-02-14T16:09:26.242+0000] {processor.py:914} INFO - Processing file /opt/airflow/dags/weather_pipeline_dag.py for tasks to queue
[2026-02-14T16:09:26.247+0000] {logging_mixin.py:190} INFO - [2026-02-14T16:09:26.246+0000] {dagbag.py:588} INFO - Filling up the DagBag from /opt/airflow/dags/weather_pipeline_dag.py
[2026-02-14T16:09:26.886+0000] {logging_mixin.py:190} INFO - [2026-02-14T16:09:26.872+0000] {dagbag.py:387} ERROR - Failed to import: /opt/airflow/dags/weather_pipeline_dag.py
Traceback (most recent call last):
  File "/home/airflow/.local/lib/python3.10/site-packages/airflow/models/dagbag.py", line 383, in parse
    loader.exec_module(new_module)
  File "<frozen importlib._bootstrap_external>", line 883, in exec_module
  File "<frozen importlib._bootstrap>", line 241, in _call_with_frames_removed
  File "/opt/airflow/dags/weather_pipeline_dag.py", line 10, in <module>
    from utils.data_quality import validate_weather
  File "/opt/airflow/dags/utils/data_quality.py", line 1, in <module>
    import great_expectations as ge
ModuleNotFoundError: No module named 'great_expectations'
[2026-02-14T16:09:26.892+0000] {processor.py:927} WARNING - No viable dags retrieved from /opt/airflow/dags/weather_pipeline_dag.py
[2026-02-14T16:09:26.956+0000] {processor.py:208} INFO - Processing /opt/airflow/dags/weather_pipeline_dag.py took 0.764 seconds
[2026-02-14T16:09:57.439+0000] {processor.py:186} INFO - Started process (PID=389) to work on /opt/airflow/dags/weather_pipeline_dag.py
[2026-02-14T16:09:57.441+0000] {processor.py:914} INFO - Processing file /opt/airflow/dags/weather_pipeline_dag.py for tasks to queue
[2026-02-14T16:09:57.445+0000] {logging_mixin.py:190} INFO - [2026-02-14T16:09:57.444+0000] {dagbag.py:588} INFO - Filling up the DagBag from /opt/airflow/dags/weather_pipeline_dag.py
[2026-02-14T16:09:58.139+0000] {logging_mixin.py:190} INFO - [2026-02-14T16:09:58.124+0000] {dagbag.py:387} ERROR - Failed to import: /opt/airflow/dags/weather_pipeline_dag.py
Traceback (most recent call last):
  File "/home/airflow/.local/lib/python3.10/site-packages/airflow/models/dagbag.py", line 383, in parse
    loader.exec_module(new_module)
  File "<frozen importlib._bootstrap_external>", line 883, in exec_module
  File "<frozen importlib._bootstrap>", line 241, in _call_with_frames_removed
  File "/opt/airflow/dags/weather_pipeline_dag.py", line 10, in <module>
    from utils.data_quality import validate_weather
  File "/opt/airflow/dags/utils/data_quality.py", line 1, in <module>
    import great_expectations as ge
ModuleNotFoundError: No module named 'great_expectations'
[2026-02-14T16:09:58.145+0000] {processor.py:927} WARNING - No viable dags retrieved from /opt/airflow/dags/weather_pipeline_dag.py
[2026-02-14T16:09:58.179+0000] {processor.py:208} INFO - Processing /opt/airflow/dags/weather_pipeline_dag.py took 0.749 seconds
[2026-02-14T16:10:28.596+0000] {processor.py:186} INFO - Started process (PID=395) to work on /opt/airflow/dags/weather_pipeline_dag.py
[2026-02-14T16:10:28.598+0000] {processor.py:914} INFO - Processing file /opt/airflow/dags/weather_pipeline_dag.py for tasks to queue
[2026-02-14T16:10:28.603+0000] {logging_mixin.py:190} INFO - [2026-02-14T16:10:28.603+0000] {dagbag.py:588} INFO - Filling up the DagBag from /opt/airflow/dags/weather_pipeline_dag.py
[2026-02-14T16:10:29.302+0000] {logging_mixin.py:190} INFO - [2026-02-14T16:10:29.291+0000] {dagbag.py:387} ERROR - Failed to import: /opt/airflow/dags/weather_pipeline_dag.py
Traceback (most recent call last):
  File "/home/airflow/.local/lib/python3.10/site-packages/airflow/models/dagbag.py", line 383, in parse
    loader.exec_module(new_module)
  File "<frozen importlib._bootstrap_external>", line 883, in exec_module
  File "<frozen importlib._bootstrap>", line 241, in _call_with_frames_removed
  File "/opt/airflow/dags/weather_pipeline_dag.py", line 10, in <module>
    from utils.data_quality import validate_weather
  File "/opt/airflow/dags/utils/data_quality.py", line 1, in <module>
    import great_expectations as ge
ModuleNotFoundError: No module named 'great_expectations'
[2026-02-14T16:10:29.307+0000] {processor.py:927} WARNING - No viable dags retrieved from /opt/airflow/dags/weather_pipeline_dag.py
[2026-02-14T16:10:29.340+0000] {processor.py:208} INFO - Processing /opt/airflow/dags/weather_pipeline_dag.py took 0.754 seconds
[2026-02-14T16:10:59.625+0000] {processor.py:186} INFO - Started process (PID=401) to work on /opt/airflow/dags/weather_pipeline_dag.py
[2026-02-14T16:10:59.627+0000] {processor.py:914} INFO - Processing file /opt/airflow/dags/weather_pipeline_dag.py for tasks to queue
[2026-02-14T16:10:59.632+0000] {logging_mixin.py:190} INFO - [2026-02-14T16:10:59.631+0000] {dagbag.py:588} INFO - Filling up the DagBag from /opt/airflow/dags/weather_pipeline_dag.py
[2026-02-14T16:11:00.405+0000] {logging_mixin.py:190} INFO - [2026-02-14T16:11:00.390+0000] {dagbag.py:387} ERROR - Failed to import: /opt/airflow/dags/weather_pipeline_dag.py
Traceback (most recent call last):
  File "/home/airflow/.local/lib/python3.10/site-packages/airflow/models/dagbag.py", line 383, in parse
    loader.exec_module(new_module)
  File "<frozen importlib._bootstrap_external>", line 883, in exec_module
  File "<frozen importlib._bootstrap>", line 241, in _call_with_frames_removed
  File "/opt/airflow/dags/weather_pipeline_dag.py", line 10, in <module>
    from utils.data_quality import validate_weather
  File "/opt/airflow/dags/utils/data_quality.py", line 1, in <module>
    import great_expectations as ge
ModuleNotFoundError: No module named 'great_expectations'
[2026-02-14T16:11:00.410+0000] {processor.py:927} WARNING - No viable dags retrieved from /opt/airflow/dags/weather_pipeline_dag.py
[2026-02-14T16:11:00.445+0000] {processor.py:208} INFO - Processing /opt/airflow/dags/weather_pipeline_dag.py took 0.829 seconds
[2026-02-14T16:11:30.881+0000] {processor.py:186} INFO - Started process (PID=407) to work on /opt/airflow/dags/weather_pipeline_dag.py
[2026-02-14T16:11:30.883+0000] {processor.py:914} INFO - Processing file /opt/airflow/dags/weather_pipeline_dag.py for tasks to queue
[2026-02-14T16:11:30.887+0000] {logging_mixin.py:190} INFO - [2026-02-14T16:11:30.887+0000] {dagbag.py:588} INFO - Filling up the DagBag from /opt/airflow/dags/weather_pipeline_dag.py
[2026-02-14T16:11:31.602+0000] {logging_mixin.py:190} INFO - [2026-02-14T16:11:31.590+0000] {dagbag.py:387} ERROR - Failed to import: /opt/airflow/dags/weather_pipeline_dag.py
Traceback (most recent call last):
  File "/home/airflow/.local/lib/python3.10/site-packages/airflow/models/dagbag.py", line 383, in parse
    loader.exec_module(new_module)
  File "<frozen importlib._bootstrap_external>", line 883, in exec_module
  File "<frozen importlib._bootstrap>", line 241, in _call_with_frames_removed
  File "/opt/airflow/dags/weather_pipeline_dag.py", line 10, in <module>
    from utils.data_quality import validate_weather
  File "/opt/airflow/dags/utils/data_quality.py", line 1, in <module>
    import great_expectations as ge
ModuleNotFoundError: No module named 'great_expectations'
[2026-02-14T16:11:31.606+0000] {processor.py:927} WARNING - No viable dags retrieved from /opt/airflow/dags/weather_pipeline_dag.py
[2026-02-14T16:11:31.642+0000] {processor.py:208} INFO - Processing /opt/airflow/dags/weather_pipeline_dag.py took 0.773 seconds
[2026-02-14T16:12:02.044+0000] {processor.py:186} INFO - Started process (PID=413) to work on /opt/airflow/dags/weather_pipeline_dag.py
[2026-02-14T16:12:02.047+0000] {processor.py:914} INFO - Processing file /opt/airflow/dags/weather_pipeline_dag.py for tasks to queue
[2026-02-14T16:12:02.052+0000] {logging_mixin.py:190} INFO - [2026-02-14T16:12:02.052+0000] {dagbag.py:588} INFO - Filling up the DagBag from /opt/airflow/dags/weather_pipeline_dag.py
[2026-02-14T16:12:02.781+0000] {logging_mixin.py:190} INFO - [2026-02-14T16:12:02.770+0000] {dagbag.py:387} ERROR - Failed to import: /opt/airflow/dags/weather_pipeline_dag.py
Traceback (most recent call last):
  File "/home/airflow/.local/lib/python3.10/site-packages/airflow/models/dagbag.py", line 383, in parse
    loader.exec_module(new_module)
  File "<frozen importlib._bootstrap_external>", line 883, in exec_module
  File "<frozen importlib._bootstrap>", line 241, in _call_with_frames_removed
  File "/opt/airflow/dags/weather_pipeline_dag.py", line 10, in <module>
    from utils.data_quality import validate_weather
  File "/opt/airflow/dags/utils/data_quality.py", line 1, in <module>
    import great_expectations as ge
ModuleNotFoundError: No module named 'great_expectations'
[2026-02-14T16:12:02.784+0000] {processor.py:927} WARNING - No viable dags retrieved from /opt/airflow/dags/weather_pipeline_dag.py
[2026-02-14T16:12:02.819+0000] {processor.py:208} INFO - Processing /opt/airflow/dags/weather_pipeline_dag.py took 0.784 seconds
[2026-02-14T16:12:33.211+0000] {processor.py:186} INFO - Started process (PID=419) to work on /opt/airflow/dags/weather_pipeline_dag.py
[2026-02-14T16:12:33.212+0000] {processor.py:914} INFO - Processing file /opt/airflow/dags/weather_pipeline_dag.py for tasks to queue
[2026-02-14T16:12:33.216+0000] {logging_mixin.py:190} INFO - [2026-02-14T16:12:33.216+0000] {dagbag.py:588} INFO - Filling up the DagBag from /opt/airflow/dags/weather_pipeline_dag.py
[2026-02-14T16:12:33.940+0000] {logging_mixin.py:190} INFO - [2026-02-14T16:12:33.924+0000] {dagbag.py:387} ERROR - Failed to import: /opt/airflow/dags/weather_pipeline_dag.py
Traceback (most recent call last):
  File "/home/airflow/.local/lib/python3.10/site-packages/airflow/models/dagbag.py", line 383, in parse
    loader.exec_module(new_module)
  File "<frozen importlib._bootstrap_external>", line 883, in exec_module
  File "<frozen importlib._bootstrap>", line 241, in _call_with_frames_removed
  File "/opt/airflow/dags/weather_pipeline_dag.py", line 10, in <module>
    from utils.data_quality import validate_weather
  File "/opt/airflow/dags/utils/data_quality.py", line 1, in <module>
    import great_expectations as ge
ModuleNotFoundError: No module named 'great_expectations'
[2026-02-14T16:12:33.944+0000] {processor.py:927} WARNING - No viable dags retrieved from /opt/airflow/dags/weather_pipeline_dag.py
[2026-02-14T16:12:33.981+0000] {processor.py:208} INFO - Processing /opt/airflow/dags/weather_pipeline_dag.py took 0.778 seconds
[2026-02-14T16:13:04.407+0000] {processor.py:186} INFO - Started process (PID=425) to work on /opt/airflow/dags/weather_pipeline_dag.py
[2026-02-14T16:13:04.409+0000] {processor.py:914} INFO - Processing file /opt/airflow/dags/weather_pipeline_dag.py for tasks to queue
[2026-02-14T16:13:04.415+0000] {logging_mixin.py:190} INFO - [2026-02-14T16:13:04.414+0000] {dagbag.py:588} INFO - Filling up the DagBag from /opt/airflow/dags/weather_pipeline_dag.py
[2026-02-14T16:13:05.062+0000] {logging_mixin.py:190} INFO - [2026-02-14T16:13:05.047+0000] {dagbag.py:387} ERROR - Failed to import: /opt/airflow/dags/weather_pipeline_dag.py
Traceback (most recent call last):
  File "/home/airflow/.local/lib/python3.10/site-packages/airflow/models/dagbag.py", line 383, in parse
    loader.exec_module(new_module)
  File "<frozen importlib._bootstrap_external>", line 883, in exec_module
  File "<frozen importlib._bootstrap>", line 241, in _call_with_frames_removed
  File "/opt/airflow/dags/weather_pipeline_dag.py", line 10, in <module>
    from utils.data_quality import validate_weather
  File "/opt/airflow/dags/utils/data_quality.py", line 1, in <module>
    import great_expectations as ge
ModuleNotFoundError: No module named 'great_expectations'
[2026-02-14T16:13:05.066+0000] {processor.py:927} WARNING - No viable dags retrieved from /opt/airflow/dags/weather_pipeline_dag.py
[2026-02-14T16:13:05.100+0000] {processor.py:208} INFO - Processing /opt/airflow/dags/weather_pipeline_dag.py took 0.708 seconds
[2026-02-14T16:13:35.238+0000] {processor.py:186} INFO - Started process (PID=431) to work on /opt/airflow/dags/weather_pipeline_dag.py
[2026-02-14T16:13:35.240+0000] {processor.py:914} INFO - Processing file /opt/airflow/dags/weather_pipeline_dag.py for tasks to queue
[2026-02-14T16:13:35.246+0000] {logging_mixin.py:190} INFO - [2026-02-14T16:13:35.246+0000] {dagbag.py:588} INFO - Filling up the DagBag from /opt/airflow/dags/weather_pipeline_dag.py
[2026-02-14T16:13:35.924+0000] {logging_mixin.py:190} INFO - [2026-02-14T16:13:35.912+0000] {dagbag.py:387} ERROR - Failed to import: /opt/airflow/dags/weather_pipeline_dag.py
Traceback (most recent call last):
  File "/home/airflow/.local/lib/python3.10/site-packages/airflow/models/dagbag.py", line 383, in parse
    loader.exec_module(new_module)
  File "<frozen importlib._bootstrap_external>", line 883, in exec_module
  File "<frozen importlib._bootstrap>", line 241, in _call_with_frames_removed
  File "/opt/airflow/dags/weather_pipeline_dag.py", line 10, in <module>
    from utils.data_quality import validate_weather
  File "/opt/airflow/dags/utils/data_quality.py", line 1, in <module>
    import great_expectations as ge
ModuleNotFoundError: No module named 'great_expectations'
[2026-02-14T16:13:35.930+0000] {processor.py:927} WARNING - No viable dags retrieved from /opt/airflow/dags/weather_pipeline_dag.py
[2026-02-14T16:13:35.963+0000] {processor.py:208} INFO - Processing /opt/airflow/dags/weather_pipeline_dag.py took 0.746 seconds
[2026-02-14T16:14:06.371+0000] {processor.py:186} INFO - Started process (PID=437) to work on /opt/airflow/dags/weather_pipeline_dag.py
[2026-02-14T16:14:06.375+0000] {processor.py:914} INFO - Processing file /opt/airflow/dags/weather_pipeline_dag.py for tasks to queue
[2026-02-14T16:14:06.379+0000] {logging_mixin.py:190} INFO - [2026-02-14T16:14:06.379+0000] {dagbag.py:588} INFO - Filling up the DagBag from /opt/airflow/dags/weather_pipeline_dag.py
[2026-02-14T16:14:07.075+0000] {logging_mixin.py:190} INFO - [2026-02-14T16:14:07.062+0000] {dagbag.py:387} ERROR - Failed to import: /opt/airflow/dags/weather_pipeline_dag.py
Traceback (most recent call last):
  File "/home/airflow/.local/lib/python3.10/site-packages/airflow/models/dagbag.py", line 383, in parse
    loader.exec_module(new_module)
  File "<frozen importlib._bootstrap_external>", line 883, in exec_module
  File "<frozen importlib._bootstrap>", line 241, in _call_with_frames_removed
  File "/opt/airflow/dags/weather_pipeline_dag.py", line 10, in <module>
    from utils.data_quality import validate_weather
  File "/opt/airflow/dags/utils/data_quality.py", line 1, in <module>
    import great_expectations as ge
ModuleNotFoundError: No module named 'great_expectations'
[2026-02-14T16:14:07.079+0000] {processor.py:927} WARNING - No viable dags retrieved from /opt/airflow/dags/weather_pipeline_dag.py
[2026-02-14T16:14:07.112+0000] {processor.py:208} INFO - Processing /opt/airflow/dags/weather_pipeline_dag.py took 0.751 seconds
[2026-02-14T16:14:37.499+0000] {processor.py:186} INFO - Started process (PID=443) to work on /opt/airflow/dags/weather_pipeline_dag.py
[2026-02-14T16:14:37.502+0000] {processor.py:914} INFO - Processing file /opt/airflow/dags/weather_pipeline_dag.py for tasks to queue
[2026-02-14T16:14:37.506+0000] {logging_mixin.py:190} INFO - [2026-02-14T16:14:37.506+0000] {dagbag.py:588} INFO - Filling up the DagBag from /opt/airflow/dags/weather_pipeline_dag.py
[2026-02-14T16:14:38.182+0000] {logging_mixin.py:190} INFO - [2026-02-14T16:14:38.167+0000] {dagbag.py:387} ERROR - Failed to import: /opt/airflow/dags/weather_pipeline_dag.py
Traceback (most recent call last):
  File "/home/airflow/.local/lib/python3.10/site-packages/airflow/models/dagbag.py", line 383, in parse
    loader.exec_module(new_module)
  File "<frozen importlib._bootstrap_external>", line 883, in exec_module
  File "<frozen importlib._bootstrap>", line 241, in _call_with_frames_removed
  File "/opt/airflow/dags/weather_pipeline_dag.py", line 10, in <module>
    from utils.data_quality import validate_weather
  File "/opt/airflow/dags/utils/data_quality.py", line 1, in <module>
    import great_expectations as ge
ModuleNotFoundError: No module named 'great_expectations'
[2026-02-14T16:14:38.187+0000] {processor.py:927} WARNING - No viable dags retrieved from /opt/airflow/dags/weather_pipeline_dag.py
[2026-02-14T16:14:38.224+0000] {processor.py:208} INFO - Processing /opt/airflow/dags/weather_pipeline_dag.py took 0.733 seconds
[2026-02-14T16:15:08.493+0000] {processor.py:186} INFO - Started process (PID=449) to work on /opt/airflow/dags/weather_pipeline_dag.py
[2026-02-14T16:15:08.495+0000] {processor.py:914} INFO - Processing file /opt/airflow/dags/weather_pipeline_dag.py for tasks to queue
[2026-02-14T16:15:08.500+0000] {logging_mixin.py:190} INFO - [2026-02-14T16:15:08.500+0000] {dagbag.py:588} INFO - Filling up the DagBag from /opt/airflow/dags/weather_pipeline_dag.py
[2026-02-14T16:15:09.139+0000] {logging_mixin.py:190} INFO - [2026-02-14T16:15:09.126+0000] {dagbag.py:387} ERROR - Failed to import: /opt/airflow/dags/weather_pipeline_dag.py
Traceback (most recent call last):
  File "/home/airflow/.local/lib/python3.10/site-packages/airflow/models/dagbag.py", line 383, in parse
    loader.exec_module(new_module)
  File "<frozen importlib._bootstrap_external>", line 883, in exec_module
  File "<frozen importlib._bootstrap>", line 241, in _call_with_frames_removed
  File "/opt/airflow/dags/weather_pipeline_dag.py", line 10, in <module>
    from utils.data_quality import validate_weather
  File "/opt/airflow/dags/utils/data_quality.py", line 1, in <module>
    import great_expectations as ge
ModuleNotFoundError: No module named 'great_expectations'
[2026-02-14T16:15:09.143+0000] {processor.py:927} WARNING - No viable dags retrieved from /opt/airflow/dags/weather_pipeline_dag.py
[2026-02-14T16:15:09.175+0000] {processor.py:208} INFO - Processing /opt/airflow/dags/weather_pipeline_dag.py took 0.691 seconds
[2026-02-14T16:15:39.882+0000] {processor.py:186} INFO - Started process (PID=455) to work on /opt/airflow/dags/weather_pipeline_dag.py
[2026-02-14T16:15:39.890+0000] {processor.py:914} INFO - Processing file /opt/airflow/dags/weather_pipeline_dag.py for tasks to queue
[2026-02-14T16:15:39.895+0000] {logging_mixin.py:190} INFO - [2026-02-14T16:15:39.894+0000] {dagbag.py:588} INFO - Filling up the DagBag from /opt/airflow/dags/weather_pipeline_dag.py
[2026-02-14T16:15:40.559+0000] {logging_mixin.py:190} INFO - [2026-02-14T16:15:40.544+0000] {dagbag.py:387} ERROR - Failed to import: /opt/airflow/dags/weather_pipeline_dag.py
Traceback (most recent call last):
  File "/home/airflow/.local/lib/python3.10/site-packages/airflow/models/dagbag.py", line 383, in parse
    loader.exec_module(new_module)
  File "<frozen importlib._bootstrap_external>", line 883, in exec_module
  File "<frozen importlib._bootstrap>", line 241, in _call_with_frames_removed
  File "/opt/airflow/dags/weather_pipeline_dag.py", line 10, in <module>
    from utils.data_quality import validate_weather
  File "/opt/airflow/dags/utils/data_quality.py", line 1, in <module>
    import great_expectations as ge
ModuleNotFoundError: No module named 'great_expectations'
[2026-02-14T16:15:40.564+0000] {processor.py:927} WARNING - No viable dags retrieved from /opt/airflow/dags/weather_pipeline_dag.py
[2026-02-14T16:15:40.597+0000] {processor.py:208} INFO - Processing /opt/airflow/dags/weather_pipeline_dag.py took 0.723 seconds
[2026-02-14T16:16:11.019+0000] {processor.py:186} INFO - Started process (PID=461) to work on /opt/airflow/dags/weather_pipeline_dag.py
[2026-02-14T16:16:11.020+0000] {processor.py:914} INFO - Processing file /opt/airflow/dags/weather_pipeline_dag.py for tasks to queue
[2026-02-14T16:16:11.025+0000] {logging_mixin.py:190} INFO - [2026-02-14T16:16:11.025+0000] {dagbag.py:588} INFO - Filling up the DagBag from /opt/airflow/dags/weather_pipeline_dag.py
[2026-02-14T16:16:11.704+0000] {logging_mixin.py:190} INFO - [2026-02-14T16:16:11.687+0000] {dagbag.py:387} ERROR - Failed to import: /opt/airflow/dags/weather_pipeline_dag.py
Traceback (most recent call last):
  File "/home/airflow/.local/lib/python3.10/site-packages/airflow/models/dagbag.py", line 383, in parse
    loader.exec_module(new_module)
  File "<frozen importlib._bootstrap_external>", line 883, in exec_module
  File "<frozen importlib._bootstrap>", line 241, in _call_with_frames_removed
  File "/opt/airflow/dags/weather_pipeline_dag.py", line 10, in <module>
    from utils.data_quality import validate_weather
  File "/opt/airflow/dags/utils/data_quality.py", line 1, in <module>
    import great_expectations as ge
ModuleNotFoundError: No module named 'great_expectations'
[2026-02-14T16:16:11.710+0000] {processor.py:927} WARNING - No viable dags retrieved from /opt/airflow/dags/weather_pipeline_dag.py
[2026-02-14T16:16:11.747+0000] {processor.py:208} INFO - Processing /opt/airflow/dags/weather_pipeline_dag.py took 0.736 seconds
[2026-02-14T16:16:42.157+0000] {processor.py:186} INFO - Started process (PID=467) to work on /opt/airflow/dags/weather_pipeline_dag.py
[2026-02-14T16:16:42.159+0000] {processor.py:914} INFO - Processing file /opt/airflow/dags/weather_pipeline_dag.py for tasks to queue
[2026-02-14T16:16:42.163+0000] {logging_mixin.py:190} INFO - [2026-02-14T16:16:42.163+0000] {dagbag.py:588} INFO - Filling up the DagBag from /opt/airflow/dags/weather_pipeline_dag.py
[2026-02-14T16:16:42.888+0000] {logging_mixin.py:190} INFO - [2026-02-14T16:16:42.875+0000] {dagbag.py:387} ERROR - Failed to import: /opt/airflow/dags/weather_pipeline_dag.py
Traceback (most recent call last):
  File "/home/airflow/.local/lib/python3.10/site-packages/airflow/models/dagbag.py", line 383, in parse
    loader.exec_module(new_module)
  File "<frozen importlib._bootstrap_external>", line 883, in exec_module
  File "<frozen importlib._bootstrap>", line 241, in _call_with_frames_removed
  File "/opt/airflow/dags/weather_pipeline_dag.py", line 10, in <module>
    from utils.data_quality import validate_weather
  File "/opt/airflow/dags/utils/data_quality.py", line 1, in <module>
    import great_expectations as ge
ModuleNotFoundError: No module named 'great_expectations'
[2026-02-14T16:16:42.893+0000] {processor.py:927} WARNING - No viable dags retrieved from /opt/airflow/dags/weather_pipeline_dag.py
[2026-02-14T16:16:42.943+0000] {processor.py:208} INFO - Processing /opt/airflow/dags/weather_pipeline_dag.py took 0.795 seconds
[2026-02-14T16:17:13.384+0000] {processor.py:186} INFO - Started process (PID=473) to work on /opt/airflow/dags/weather_pipeline_dag.py
[2026-02-14T16:17:13.387+0000] {processor.py:914} INFO - Processing file /opt/airflow/dags/weather_pipeline_dag.py for tasks to queue
[2026-02-14T16:17:13.392+0000] {logging_mixin.py:190} INFO - [2026-02-14T16:17:13.391+0000] {dagbag.py:588} INFO - Filling up the DagBag from /opt/airflow/dags/weather_pipeline_dag.py
[2026-02-14T16:17:14.100+0000] {logging_mixin.py:190} INFO - [2026-02-14T16:17:14.087+0000] {dagbag.py:387} ERROR - Failed to import: /opt/airflow/dags/weather_pipeline_dag.py
Traceback (most recent call last):
  File "/home/airflow/.local/lib/python3.10/site-packages/airflow/models/dagbag.py", line 383, in parse
    loader.exec_module(new_module)
  File "<frozen importlib._bootstrap_external>", line 883, in exec_module
  File "<frozen importlib._bootstrap>", line 241, in _call_with_frames_removed
  File "/opt/airflow/dags/weather_pipeline_dag.py", line 10, in <module>
    from utils.data_quality import validate_weather
  File "/opt/airflow/dags/utils/data_quality.py", line 1, in <module>
    import great_expectations as ge
ModuleNotFoundError: No module named 'great_expectations'
[2026-02-14T16:17:14.104+0000] {processor.py:927} WARNING - No viable dags retrieved from /opt/airflow/dags/weather_pipeline_dag.py
[2026-02-14T16:17:14.139+0000] {processor.py:208} INFO - Processing /opt/airflow/dags/weather_pipeline_dag.py took 0.765 seconds
[2026-02-14T16:17:44.522+0000] {processor.py:186} INFO - Started process (PID=479) to work on /opt/airflow/dags/weather_pipeline_dag.py
[2026-02-14T16:17:44.524+0000] {processor.py:914} INFO - Processing file /opt/airflow/dags/weather_pipeline_dag.py for tasks to queue
[2026-02-14T16:17:44.529+0000] {logging_mixin.py:190} INFO - [2026-02-14T16:17:44.529+0000] {dagbag.py:588} INFO - Filling up the DagBag from /opt/airflow/dags/weather_pipeline_dag.py
[2026-02-14T16:17:45.195+0000] {logging_mixin.py:190} INFO - [2026-02-14T16:17:45.182+0000] {dagbag.py:387} ERROR - Failed to import: /opt/airflow/dags/weather_pipeline_dag.py
Traceback (most recent call last):
  File "/home/airflow/.local/lib/python3.10/site-packages/airflow/models/dagbag.py", line 383, in parse
    loader.exec_module(new_module)
  File "<frozen importlib._bootstrap_external>", line 883, in exec_module
  File "<frozen importlib._bootstrap>", line 241, in _call_with_frames_removed
  File "/opt/airflow/dags/weather_pipeline_dag.py", line 10, in <module>
    from utils.data_quality import validate_weather
  File "/opt/airflow/dags/utils/data_quality.py", line 1, in <module>
    import great_expectations as ge
ModuleNotFoundError: No module named 'great_expectations'
[2026-02-14T16:17:45.200+0000] {processor.py:927} WARNING - No viable dags retrieved from /opt/airflow/dags/weather_pipeline_dag.py
[2026-02-14T16:17:45.237+0000] {processor.py:208} INFO - Processing /opt/airflow/dags/weather_pipeline_dag.py took 0.724 seconds
[2026-02-14T16:18:15.506+0000] {processor.py:186} INFO - Started process (PID=485) to work on /opt/airflow/dags/weather_pipeline_dag.py
[2026-02-14T16:18:15.509+0000] {processor.py:914} INFO - Processing file /opt/airflow/dags/weather_pipeline_dag.py for tasks to queue
[2026-02-14T16:18:15.514+0000] {logging_mixin.py:190} INFO - [2026-02-14T16:18:15.513+0000] {dagbag.py:588} INFO - Filling up the DagBag from /opt/airflow/dags/weather_pipeline_dag.py
[2026-02-14T16:18:16.242+0000] {logging_mixin.py:190} INFO - [2026-02-14T16:18:16.232+0000] {dagbag.py:387} ERROR - Failed to import: /opt/airflow/dags/weather_pipeline_dag.py
Traceback (most recent call last):
  File "/home/airflow/.local/lib/python3.10/site-packages/airflow/models/dagbag.py", line 383, in parse
    loader.exec_module(new_module)
  File "<frozen importlib._bootstrap_external>", line 883, in exec_module
  File "<frozen importlib._bootstrap>", line 241, in _call_with_frames_removed
  File "/opt/airflow/dags/weather_pipeline_dag.py", line 10, in <module>
    from utils.data_quality import validate_weather
  File "/opt/airflow/dags/utils/data_quality.py", line 1, in <module>
    import great_expectations as ge
ModuleNotFoundError: No module named 'great_expectations'
[2026-02-14T16:18:16.247+0000] {processor.py:927} WARNING - No viable dags retrieved from /opt/airflow/dags/weather_pipeline_dag.py
[2026-02-14T16:18:16.282+0000] {processor.py:208} INFO - Processing /opt/airflow/dags/weather_pipeline_dag.py took 0.785 seconds
[2026-02-14T16:18:46.721+0000] {processor.py:186} INFO - Started process (PID=491) to work on /opt/airflow/dags/weather_pipeline_dag.py
[2026-02-14T16:18:46.724+0000] {processor.py:914} INFO - Processing file /opt/airflow/dags/weather_pipeline_dag.py for tasks to queue
[2026-02-14T16:18:46.733+0000] {logging_mixin.py:190} INFO - [2026-02-14T16:18:46.731+0000] {dagbag.py:588} INFO - Filling up the DagBag from /opt/airflow/dags/weather_pipeline_dag.py
[2026-02-14T16:18:47.496+0000] {logging_mixin.py:190} INFO - [2026-02-14T16:18:47.485+0000] {dagbag.py:387} ERROR - Failed to import: /opt/airflow/dags/weather_pipeline_dag.py
Traceback (most recent call last):
  File "/home/airflow/.local/lib/python3.10/site-packages/airflow/models/dagbag.py", line 383, in parse
    loader.exec_module(new_module)
  File "<frozen importlib._bootstrap_external>", line 883, in exec_module
  File "<frozen importlib._bootstrap>", line 241, in _call_with_frames_removed
  File "/opt/airflow/dags/weather_pipeline_dag.py", line 10, in <module>
    from utils.data_quality import validate_weather
  File "/opt/airflow/dags/utils/data_quality.py", line 1, in <module>
    import great_expectations as ge
ModuleNotFoundError: No module named 'great_expectations'
[2026-02-14T16:18:47.502+0000] {processor.py:927} WARNING - No viable dags retrieved from /opt/airflow/dags/weather_pipeline_dag.py
[2026-02-14T16:18:47.539+0000] {processor.py:208} INFO - Processing /opt/airflow/dags/weather_pipeline_dag.py took 0.834 seconds
[2026-02-14T16:19:17.938+0000] {processor.py:186} INFO - Started process (PID=497) to work on /opt/airflow/dags/weather_pipeline_dag.py
[2026-02-14T16:19:17.940+0000] {processor.py:914} INFO - Processing file /opt/airflow/dags/weather_pipeline_dag.py for tasks to queue
[2026-02-14T16:19:17.945+0000] {logging_mixin.py:190} INFO - [2026-02-14T16:19:17.945+0000] {dagbag.py:588} INFO - Filling up the DagBag from /opt/airflow/dags/weather_pipeline_dag.py
[2026-02-14T16:19:18.726+0000] {logging_mixin.py:190} INFO - [2026-02-14T16:19:18.711+0000] {dagbag.py:387} ERROR - Failed to import: /opt/airflow/dags/weather_pipeline_dag.py
Traceback (most recent call last):
  File "/home/airflow/.local/lib/python3.10/site-packages/airflow/models/dagbag.py", line 383, in parse
    loader.exec_module(new_module)
  File "<frozen importlib._bootstrap_external>", line 883, in exec_module
  File "<frozen importlib._bootstrap>", line 241, in _call_with_frames_removed
  File "/opt/airflow/dags/weather_pipeline_dag.py", line 10, in <module>
    from utils.data_quality import validate_weather
  File "/opt/airflow/dags/utils/data_quality.py", line 1, in <module>
    import great_expectations as ge
ModuleNotFoundError: No module named 'great_expectations'
[2026-02-14T16:19:18.732+0000] {processor.py:927} WARNING - No viable dags retrieved from /opt/airflow/dags/weather_pipeline_dag.py
[2026-02-14T16:19:18.767+0000] {processor.py:208} INFO - Processing /opt/airflow/dags/weather_pipeline_dag.py took 0.842 seconds
[2026-02-14T16:19:49.181+0000] {processor.py:186} INFO - Started process (PID=503) to work on /opt/airflow/dags/weather_pipeline_dag.py
[2026-02-14T16:19:49.184+0000] {processor.py:914} INFO - Processing file /opt/airflow/dags/weather_pipeline_dag.py for tasks to queue
[2026-02-14T16:19:49.189+0000] {logging_mixin.py:190} INFO - [2026-02-14T16:19:49.189+0000] {dagbag.py:588} INFO - Filling up the DagBag from /opt/airflow/dags/weather_pipeline_dag.py
[2026-02-14T16:19:49.924+0000] {logging_mixin.py:190} INFO - [2026-02-14T16:19:49.912+0000] {dagbag.py:387} ERROR - Failed to import: /opt/airflow/dags/weather_pipeline_dag.py
Traceback (most recent call last):
  File "/home/airflow/.local/lib/python3.10/site-packages/airflow/models/dagbag.py", line 383, in parse
    loader.exec_module(new_module)
  File "<frozen importlib._bootstrap_external>", line 883, in exec_module
  File "<frozen importlib._bootstrap>", line 241, in _call_with_frames_removed
  File "/opt/airflow/dags/weather_pipeline_dag.py", line 10, in <module>
    from utils.data_quality import validate_weather
  File "/opt/airflow/dags/utils/data_quality.py", line 1, in <module>
    import great_expectations as ge
ModuleNotFoundError: No module named 'great_expectations'
[2026-02-14T16:19:49.929+0000] {processor.py:927} WARNING - No viable dags retrieved from /opt/airflow/dags/weather_pipeline_dag.py
[2026-02-14T16:19:49.957+0000] {processor.py:208} INFO - Processing /opt/airflow/dags/weather_pipeline_dag.py took 0.789 seconds
[2026-02-14T16:20:20.346+0000] {processor.py:186} INFO - Started process (PID=509) to work on /opt/airflow/dags/weather_pipeline_dag.py
[2026-02-14T16:20:20.348+0000] {processor.py:914} INFO - Processing file /opt/airflow/dags/weather_pipeline_dag.py for tasks to queue
[2026-02-14T16:20:20.353+0000] {logging_mixin.py:190} INFO - [2026-02-14T16:20:20.352+0000] {dagbag.py:588} INFO - Filling up the DagBag from /opt/airflow/dags/weather_pipeline_dag.py
[2026-02-14T16:20:20.959+0000] {logging_mixin.py:190} INFO - [2026-02-14T16:20:20.947+0000] {dagbag.py:387} ERROR - Failed to import: /opt/airflow/dags/weather_pipeline_dag.py
Traceback (most recent call last):
  File "/home/airflow/.local/lib/python3.10/site-packages/airflow/models/dagbag.py", line 383, in parse
    loader.exec_module(new_module)
  File "<frozen importlib._bootstrap_external>", line 883, in exec_module
  File "<frozen importlib._bootstrap>", line 241, in _call_with_frames_removed
  File "/opt/airflow/dags/weather_pipeline_dag.py", line 10, in <module>
    from utils.data_quality import validate_weather
  File "/opt/airflow/dags/utils/data_quality.py", line 1, in <module>
    import great_expectations as ge
ModuleNotFoundError: No module named 'great_expectations'
[2026-02-14T16:20:20.963+0000] {processor.py:927} WARNING - No viable dags retrieved from /opt/airflow/dags/weather_pipeline_dag.py
[2026-02-14T16:20:20.997+0000] {processor.py:208} INFO - Processing /opt/airflow/dags/weather_pipeline_dag.py took 0.660 seconds
[2026-02-14T16:20:51.420+0000] {processor.py:186} INFO - Started process (PID=515) to work on /opt/airflow/dags/weather_pipeline_dag.py
[2026-02-14T16:20:51.422+0000] {processor.py:914} INFO - Processing file /opt/airflow/dags/weather_pipeline_dag.py for tasks to queue
[2026-02-14T16:20:51.426+0000] {logging_mixin.py:190} INFO - [2026-02-14T16:20:51.426+0000] {dagbag.py:588} INFO - Filling up the DagBag from /opt/airflow/dags/weather_pipeline_dag.py
[2026-02-14T16:20:52.144+0000] {logging_mixin.py:190} INFO - [2026-02-14T16:20:52.133+0000] {dagbag.py:387} ERROR - Failed to import: /opt/airflow/dags/weather_pipeline_dag.py
Traceback (most recent call last):
  File "/home/airflow/.local/lib/python3.10/site-packages/airflow/models/dagbag.py", line 383, in parse
    loader.exec_module(new_module)
  File "<frozen importlib._bootstrap_external>", line 883, in exec_module
  File "<frozen importlib._bootstrap>", line 241, in _call_with_frames_removed
  File "/opt/airflow/dags/weather_pipeline_dag.py", line 10, in <module>
    from utils.data_quality import validate_weather
  File "/opt/airflow/dags/utils/data_quality.py", line 1, in <module>
    import great_expectations as ge
ModuleNotFoundError: No module named 'great_expectations'
[2026-02-14T16:20:52.150+0000] {processor.py:927} WARNING - No viable dags retrieved from /opt/airflow/dags/weather_pipeline_dag.py
[2026-02-14T16:20:52.185+0000] {processor.py:208} INFO - Processing /opt/airflow/dags/weather_pipeline_dag.py took 0.772 seconds
[2026-02-14T16:21:22.598+0000] {processor.py:186} INFO - Started process (PID=521) to work on /opt/airflow/dags/weather_pipeline_dag.py
[2026-02-14T16:21:22.600+0000] {processor.py:914} INFO - Processing file /opt/airflow/dags/weather_pipeline_dag.py for tasks to queue
[2026-02-14T16:21:22.604+0000] {logging_mixin.py:190} INFO - [2026-02-14T16:21:22.604+0000] {dagbag.py:588} INFO - Filling up the DagBag from /opt/airflow/dags/weather_pipeline_dag.py
[2026-02-14T16:21:23.251+0000] {logging_mixin.py:190} INFO - [2026-02-14T16:21:23.237+0000] {dagbag.py:387} ERROR - Failed to import: /opt/airflow/dags/weather_pipeline_dag.py
Traceback (most recent call last):
  File "/home/airflow/.local/lib/python3.10/site-packages/airflow/models/dagbag.py", line 383, in parse
    loader.exec_module(new_module)
  File "<frozen importlib._bootstrap_external>", line 883, in exec_module
  File "<frozen importlib._bootstrap>", line 241, in _call_with_frames_removed
  File "/opt/airflow/dags/weather_pipeline_dag.py", line 10, in <module>
    from utils.data_quality import validate_weather
  File "/opt/airflow/dags/utils/data_quality.py", line 1, in <module>
    import great_expectations as ge
ModuleNotFoundError: No module named 'great_expectations'
[2026-02-14T16:21:23.257+0000] {processor.py:927} WARNING - No viable dags retrieved from /opt/airflow/dags/weather_pipeline_dag.py
[2026-02-14T16:21:23.288+0000] {processor.py:208} INFO - Processing /opt/airflow/dags/weather_pipeline_dag.py took 0.698 seconds
[2026-02-14T16:21:53.707+0000] {processor.py:186} INFO - Started process (PID=527) to work on /opt/airflow/dags/weather_pipeline_dag.py
[2026-02-14T16:21:53.709+0000] {processor.py:914} INFO - Processing file /opt/airflow/dags/weather_pipeline_dag.py for tasks to queue
[2026-02-14T16:21:53.713+0000] {logging_mixin.py:190} INFO - [2026-02-14T16:21:53.713+0000] {dagbag.py:588} INFO - Filling up the DagBag from /opt/airflow/dags/weather_pipeline_dag.py
[2026-02-14T16:21:54.367+0000] {logging_mixin.py:190} INFO - [2026-02-14T16:21:54.354+0000] {dagbag.py:387} ERROR - Failed to import: /opt/airflow/dags/weather_pipeline_dag.py
Traceback (most recent call last):
  File "/home/airflow/.local/lib/python3.10/site-packages/airflow/models/dagbag.py", line 383, in parse
    loader.exec_module(new_module)
  File "<frozen importlib._bootstrap_external>", line 883, in exec_module
  File "<frozen importlib._bootstrap>", line 241, in _call_with_frames_removed
  File "/opt/airflow/dags/weather_pipeline_dag.py", line 10, in <module>
    from utils.data_quality import validate_weather
  File "/opt/airflow/dags/utils/data_quality.py", line 1, in <module>
    import great_expectations as ge
ModuleNotFoundError: No module named 'great_expectations'
[2026-02-14T16:21:54.372+0000] {processor.py:927} WARNING - No viable dags retrieved from /opt/airflow/dags/weather_pipeline_dag.py
[2026-02-14T16:21:54.405+0000] {processor.py:208} INFO - Processing /opt/airflow/dags/weather_pipeline_dag.py took 0.708 seconds
[2026-02-14T16:22:24.787+0000] {processor.py:186} INFO - Started process (PID=533) to work on /opt/airflow/dags/weather_pipeline_dag.py
[2026-02-14T16:22:24.789+0000] {processor.py:914} INFO - Processing file /opt/airflow/dags/weather_pipeline_dag.py for tasks to queue
[2026-02-14T16:22:24.794+0000] {logging_mixin.py:190} INFO - [2026-02-14T16:22:24.793+0000] {dagbag.py:588} INFO - Filling up the DagBag from /opt/airflow/dags/weather_pipeline_dag.py
[2026-02-14T16:22:25.453+0000] {logging_mixin.py:190} INFO - [2026-02-14T16:22:25.439+0000] {dagbag.py:387} ERROR - Failed to import: /opt/airflow/dags/weather_pipeline_dag.py
Traceback (most recent call last):
  File "/home/airflow/.local/lib/python3.10/site-packages/airflow/models/dagbag.py", line 383, in parse
    loader.exec_module(new_module)
  File "<frozen importlib._bootstrap_external>", line 883, in exec_module
  File "<frozen importlib._bootstrap>", line 241, in _call_with_frames_removed
  File "/opt/airflow/dags/weather_pipeline_dag.py", line 10, in <module>
    from utils.data_quality import validate_weather
  File "/opt/airflow/dags/utils/data_quality.py", line 1, in <module>
    import great_expectations as ge
ModuleNotFoundError: No module named 'great_expectations'
[2026-02-14T16:22:25.458+0000] {processor.py:927} WARNING - No viable dags retrieved from /opt/airflow/dags/weather_pipeline_dag.py
[2026-02-14T16:22:25.492+0000] {processor.py:208} INFO - Processing /opt/airflow/dags/weather_pipeline_dag.py took 0.713 seconds
[2026-02-14T16:22:55.789+0000] {processor.py:186} INFO - Started process (PID=539) to work on /opt/airflow/dags/weather_pipeline_dag.py
[2026-02-14T16:22:55.791+0000] {processor.py:914} INFO - Processing file /opt/airflow/dags/weather_pipeline_dag.py for tasks to queue
[2026-02-14T16:22:55.797+0000] {logging_mixin.py:190} INFO - [2026-02-14T16:22:55.797+0000] {dagbag.py:588} INFO - Filling up the DagBag from /opt/airflow/dags/weather_pipeline_dag.py
[2026-02-14T16:22:56.656+0000] {logging_mixin.py:190} INFO - [2026-02-14T16:22:56.645+0000] {dagbag.py:387} ERROR - Failed to import: /opt/airflow/dags/weather_pipeline_dag.py
Traceback (most recent call last):
  File "/home/airflow/.local/lib/python3.10/site-packages/airflow/models/dagbag.py", line 383, in parse
    loader.exec_module(new_module)
  File "<frozen importlib._bootstrap_external>", line 883, in exec_module
  File "<frozen importlib._bootstrap>", line 241, in _call_with_frames_removed
  File "/opt/airflow/dags/weather_pipeline_dag.py", line 10, in <module>
    from utils.data_quality import validate_weather
  File "/opt/airflow/dags/utils/data_quality.py", line 1, in <module>
    import great_expectations as ge
ModuleNotFoundError: No module named 'great_expectations'
[2026-02-14T16:22:56.659+0000] {processor.py:927} WARNING - No viable dags retrieved from /opt/airflow/dags/weather_pipeline_dag.py
[2026-02-14T16:22:56.692+0000] {processor.py:208} INFO - Processing /opt/airflow/dags/weather_pipeline_dag.py took 0.923 seconds
[2026-02-14T16:23:27.108+0000] {processor.py:186} INFO - Started process (PID=545) to work on /opt/airflow/dags/weather_pipeline_dag.py
[2026-02-14T16:23:27.110+0000] {processor.py:914} INFO - Processing file /opt/airflow/dags/weather_pipeline_dag.py for tasks to queue
[2026-02-14T16:23:27.114+0000] {logging_mixin.py:190} INFO - [2026-02-14T16:23:27.113+0000] {dagbag.py:588} INFO - Filling up the DagBag from /opt/airflow/dags/weather_pipeline_dag.py
[2026-02-14T16:23:27.764+0000] {logging_mixin.py:190} INFO - [2026-02-14T16:23:27.749+0000] {dagbag.py:387} ERROR - Failed to import: /opt/airflow/dags/weather_pipeline_dag.py
Traceback (most recent call last):
  File "/home/airflow/.local/lib/python3.10/site-packages/airflow/models/dagbag.py", line 383, in parse
    loader.exec_module(new_module)
  File "<frozen importlib._bootstrap_external>", line 883, in exec_module
  File "<frozen importlib._bootstrap>", line 241, in _call_with_frames_removed
  File "/opt/airflow/dags/weather_pipeline_dag.py", line 10, in <module>
    from utils.data_quality import validate_weather
  File "/opt/airflow/dags/utils/data_quality.py", line 1, in <module>
    import great_expectations as ge
ModuleNotFoundError: No module named 'great_expectations'
[2026-02-14T16:23:27.769+0000] {processor.py:927} WARNING - No viable dags retrieved from /opt/airflow/dags/weather_pipeline_dag.py
[2026-02-14T16:23:27.803+0000] {processor.py:208} INFO - Processing /opt/airflow/dags/weather_pipeline_dag.py took 0.704 seconds
[2026-02-14T16:23:58.223+0000] {processor.py:186} INFO - Started process (PID=551) to work on /opt/airflow/dags/weather_pipeline_dag.py
[2026-02-14T16:23:58.225+0000] {processor.py:914} INFO - Processing file /opt/airflow/dags/weather_pipeline_dag.py for tasks to queue
[2026-02-14T16:23:58.228+0000] {logging_mixin.py:190} INFO - [2026-02-14T16:23:58.227+0000] {dagbag.py:588} INFO - Filling up the DagBag from /opt/airflow/dags/weather_pipeline_dag.py
[2026-02-14T16:23:58.848+0000] {logging_mixin.py:190} INFO - [2026-02-14T16:23:58.833+0000] {dagbag.py:387} ERROR - Failed to import: /opt/airflow/dags/weather_pipeline_dag.py
Traceback (most recent call last):
  File "/home/airflow/.local/lib/python3.10/site-packages/airflow/models/dagbag.py", line 383, in parse
    loader.exec_module(new_module)
  File "<frozen importlib._bootstrap_external>", line 883, in exec_module
  File "<frozen importlib._bootstrap>", line 241, in _call_with_frames_removed
  File "/opt/airflow/dags/weather_pipeline_dag.py", line 10, in <module>
    from utils.data_quality import validate_weather
  File "/opt/airflow/dags/utils/data_quality.py", line 1, in <module>
    import great_expectations as ge
ModuleNotFoundError: No module named 'great_expectations'
[2026-02-14T16:23:58.852+0000] {processor.py:927} WARNING - No viable dags retrieved from /opt/airflow/dags/weather_pipeline_dag.py
[2026-02-14T16:23:58.890+0000] {processor.py:208} INFO - Processing /opt/airflow/dags/weather_pipeline_dag.py took 0.676 seconds
[2026-02-14T16:24:29.280+0000] {processor.py:186} INFO - Started process (PID=557) to work on /opt/airflow/dags/weather_pipeline_dag.py
[2026-02-14T16:24:29.282+0000] {processor.py:914} INFO - Processing file /opt/airflow/dags/weather_pipeline_dag.py for tasks to queue
[2026-02-14T16:24:29.285+0000] {logging_mixin.py:190} INFO - [2026-02-14T16:24:29.285+0000] {dagbag.py:588} INFO - Filling up the DagBag from /opt/airflow/dags/weather_pipeline_dag.py
[2026-02-14T16:24:29.901+0000] {logging_mixin.py:190} INFO - [2026-02-14T16:24:29.890+0000] {dagbag.py:387} ERROR - Failed to import: /opt/airflow/dags/weather_pipeline_dag.py
Traceback (most recent call last):
  File "/home/airflow/.local/lib/python3.10/site-packages/airflow/models/dagbag.py", line 383, in parse
    loader.exec_module(new_module)
  File "<frozen importlib._bootstrap_external>", line 883, in exec_module
  File "<frozen importlib._bootstrap>", line 241, in _call_with_frames_removed
  File "/opt/airflow/dags/weather_pipeline_dag.py", line 10, in <module>
    from utils.data_quality import validate_weather
  File "/opt/airflow/dags/utils/data_quality.py", line 1, in <module>
    import great_expectations as ge
ModuleNotFoundError: No module named 'great_expectations'
[2026-02-14T16:24:29.907+0000] {processor.py:927} WARNING - No viable dags retrieved from /opt/airflow/dags/weather_pipeline_dag.py
[2026-02-14T16:24:29.942+0000] {processor.py:208} INFO - Processing /opt/airflow/dags/weather_pipeline_dag.py took 0.671 seconds
[2026-02-14T16:25:00.044+0000] {processor.py:186} INFO - Started process (PID=563) to work on /opt/airflow/dags/weather_pipeline_dag.py
[2026-02-14T16:25:00.046+0000] {processor.py:914} INFO - Processing file /opt/airflow/dags/weather_pipeline_dag.py for tasks to queue
[2026-02-14T16:25:00.051+0000] {logging_mixin.py:190} INFO - [2026-02-14T16:25:00.050+0000] {dagbag.py:588} INFO - Filling up the DagBag from /opt/airflow/dags/weather_pipeline_dag.py
[2026-02-14T16:25:00.672+0000] {logging_mixin.py:190} INFO - [2026-02-14T16:25:00.659+0000] {dagbag.py:387} ERROR - Failed to import: /opt/airflow/dags/weather_pipeline_dag.py
Traceback (most recent call last):
  File "/home/airflow/.local/lib/python3.10/site-packages/airflow/models/dagbag.py", line 383, in parse
    loader.exec_module(new_module)
  File "<frozen importlib._bootstrap_external>", line 883, in exec_module
  File "<frozen importlib._bootstrap>", line 241, in _call_with_frames_removed
  File "/opt/airflow/dags/weather_pipeline_dag.py", line 10, in <module>
    from utils.data_quality import validate_weather
  File "/opt/airflow/dags/utils/data_quality.py", line 1, in <module>
    import great_expectations as ge
ModuleNotFoundError: No module named 'great_expectations'
[2026-02-14T16:25:00.675+0000] {processor.py:927} WARNING - No viable dags retrieved from /opt/airflow/dags/weather_pipeline_dag.py
[2026-02-14T16:25:00.707+0000] {processor.py:208} INFO - Processing /opt/airflow/dags/weather_pipeline_dag.py took 0.672 seconds
[2026-02-14T16:25:31.403+0000] {processor.py:186} INFO - Started process (PID=569) to work on /opt/airflow/dags/weather_pipeline_dag.py
[2026-02-14T16:25:31.406+0000] {processor.py:914} INFO - Processing file /opt/airflow/dags/weather_pipeline_dag.py for tasks to queue
[2026-02-14T16:25:31.409+0000] {logging_mixin.py:190} INFO - [2026-02-14T16:25:31.409+0000] {dagbag.py:588} INFO - Filling up the DagBag from /opt/airflow/dags/weather_pipeline_dag.py
[2026-02-14T16:25:32.051+0000] {logging_mixin.py:190} INFO - [2026-02-14T16:25:32.037+0000] {dagbag.py:387} ERROR - Failed to import: /opt/airflow/dags/weather_pipeline_dag.py
Traceback (most recent call last):
  File "/home/airflow/.local/lib/python3.10/site-packages/airflow/models/dagbag.py", line 383, in parse
    loader.exec_module(new_module)
  File "<frozen importlib._bootstrap_external>", line 883, in exec_module
  File "<frozen importlib._bootstrap>", line 241, in _call_with_frames_removed
  File "/opt/airflow/dags/weather_pipeline_dag.py", line 10, in <module>
    from utils.data_quality import validate_weather
  File "/opt/airflow/dags/utils/data_quality.py", line 1, in <module>
    import great_expectations as ge
ModuleNotFoundError: No module named 'great_expectations'
[2026-02-14T16:25:32.056+0000] {processor.py:927} WARNING - No viable dags retrieved from /opt/airflow/dags/weather_pipeline_dag.py
[2026-02-14T16:25:32.086+0000] {processor.py:208} INFO - Processing /opt/airflow/dags/weather_pipeline_dag.py took 0.691 seconds
[2026-02-14T16:26:02.482+0000] {processor.py:186} INFO - Started process (PID=575) to work on /opt/airflow/dags/weather_pipeline_dag.py
[2026-02-14T16:26:02.485+0000] {processor.py:914} INFO - Processing file /opt/airflow/dags/weather_pipeline_dag.py for tasks to queue
[2026-02-14T16:26:02.489+0000] {logging_mixin.py:190} INFO - [2026-02-14T16:26:02.488+0000] {dagbag.py:588} INFO - Filling up the DagBag from /opt/airflow/dags/weather_pipeline_dag.py
[2026-02-14T16:26:03.110+0000] {logging_mixin.py:190} INFO - [2026-02-14T16:26:03.098+0000] {dagbag.py:387} ERROR - Failed to import: /opt/airflow/dags/weather_pipeline_dag.py
Traceback (most recent call last):
  File "/home/airflow/.local/lib/python3.10/site-packages/airflow/models/dagbag.py", line 383, in parse
    loader.exec_module(new_module)
  File "<frozen importlib._bootstrap_external>", line 883, in exec_module
  File "<frozen importlib._bootstrap>", line 241, in _call_with_frames_removed
  File "/opt/airflow/dags/weather_pipeline_dag.py", line 10, in <module>
    from utils.data_quality import validate_weather
  File "/opt/airflow/dags/utils/data_quality.py", line 1, in <module>
    import great_expectations as ge
ModuleNotFoundError: No module named 'great_expectations'
[2026-02-14T16:26:03.114+0000] {processor.py:927} WARNING - No viable dags retrieved from /opt/airflow/dags/weather_pipeline_dag.py
[2026-02-14T16:26:03.146+0000] {processor.py:208} INFO - Processing /opt/airflow/dags/weather_pipeline_dag.py took 0.672 seconds
[2026-02-14T16:26:33.260+0000] {processor.py:186} INFO - Started process (PID=581) to work on /opt/airflow/dags/weather_pipeline_dag.py
[2026-02-14T16:26:33.262+0000] {processor.py:914} INFO - Processing file /opt/airflow/dags/weather_pipeline_dag.py for tasks to queue
[2026-02-14T16:26:33.267+0000] {logging_mixin.py:190} INFO - [2026-02-14T16:26:33.267+0000] {dagbag.py:588} INFO - Filling up the DagBag from /opt/airflow/dags/weather_pipeline_dag.py
[2026-02-14T16:26:33.919+0000] {logging_mixin.py:190} INFO - [2026-02-14T16:26:33.902+0000] {dagbag.py:387} ERROR - Failed to import: /opt/airflow/dags/weather_pipeline_dag.py
Traceback (most recent call last):
  File "/home/airflow/.local/lib/python3.10/site-packages/airflow/models/dagbag.py", line 383, in parse
    loader.exec_module(new_module)
  File "<frozen importlib._bootstrap_external>", line 883, in exec_module
  File "<frozen importlib._bootstrap>", line 241, in _call_with_frames_removed
  File "/opt/airflow/dags/weather_pipeline_dag.py", line 10, in <module>
    from utils.data_quality import validate_weather
  File "/opt/airflow/dags/utils/data_quality.py", line 1, in <module>
    import great_expectations as ge
ModuleNotFoundError: No module named 'great_expectations'
[2026-02-14T16:26:33.924+0000] {processor.py:927} WARNING - No viable dags retrieved from /opt/airflow/dags/weather_pipeline_dag.py
[2026-02-14T16:26:33.964+0000] {processor.py:208} INFO - Processing /opt/airflow/dags/weather_pipeline_dag.py took 0.713 seconds
[2026-02-14T16:27:04.364+0000] {processor.py:186} INFO - Started process (PID=587) to work on /opt/airflow/dags/weather_pipeline_dag.py
[2026-02-14T16:27:04.366+0000] {processor.py:914} INFO - Processing file /opt/airflow/dags/weather_pipeline_dag.py for tasks to queue
[2026-02-14T16:27:04.372+0000] {logging_mixin.py:190} INFO - [2026-02-14T16:27:04.371+0000] {dagbag.py:588} INFO - Filling up the DagBag from /opt/airflow/dags/weather_pipeline_dag.py
[2026-02-14T16:27:05.038+0000] {logging_mixin.py:190} INFO - [2026-02-14T16:27:05.022+0000] {dagbag.py:387} ERROR - Failed to import: /opt/airflow/dags/weather_pipeline_dag.py
Traceback (most recent call last):
  File "/home/airflow/.local/lib/python3.10/site-packages/airflow/models/dagbag.py", line 383, in parse
    loader.exec_module(new_module)
  File "<frozen importlib._bootstrap_external>", line 883, in exec_module
  File "<frozen importlib._bootstrap>", line 241, in _call_with_frames_removed
  File "/opt/airflow/dags/weather_pipeline_dag.py", line 10, in <module>
    from utils.data_quality import validate_weather
  File "/opt/airflow/dags/utils/data_quality.py", line 1, in <module>
    import great_expectations as ge
ModuleNotFoundError: No module named 'great_expectations'
[2026-02-14T16:27:05.043+0000] {processor.py:927} WARNING - No viable dags retrieved from /opt/airflow/dags/weather_pipeline_dag.py
[2026-02-14T16:27:05.079+0000] {processor.py:208} INFO - Processing /opt/airflow/dags/weather_pipeline_dag.py took 0.724 seconds
[2026-02-14T16:27:35.458+0000] {processor.py:186} INFO - Started process (PID=593) to work on /opt/airflow/dags/weather_pipeline_dag.py
[2026-02-14T16:27:35.460+0000] {processor.py:914} INFO - Processing file /opt/airflow/dags/weather_pipeline_dag.py for tasks to queue
[2026-02-14T16:27:35.465+0000] {logging_mixin.py:190} INFO - [2026-02-14T16:27:35.465+0000] {dagbag.py:588} INFO - Filling up the DagBag from /opt/airflow/dags/weather_pipeline_dag.py
[2026-02-14T16:27:36.148+0000] {logging_mixin.py:190} INFO - [2026-02-14T16:27:36.133+0000] {dagbag.py:387} ERROR - Failed to import: /opt/airflow/dags/weather_pipeline_dag.py
Traceback (most recent call last):
  File "/home/airflow/.local/lib/python3.10/site-packages/airflow/models/dagbag.py", line 383, in parse
    loader.exec_module(new_module)
  File "<frozen importlib._bootstrap_external>", line 883, in exec_module
  File "<frozen importlib._bootstrap>", line 241, in _call_with_frames_removed
  File "/opt/airflow/dags/weather_pipeline_dag.py", line 10, in <module>
    from utils.data_quality import validate_weather
  File "/opt/airflow/dags/utils/data_quality.py", line 1, in <module>
    import great_expectations as ge
ModuleNotFoundError: No module named 'great_expectations'
[2026-02-14T16:27:36.154+0000] {processor.py:927} WARNING - No viable dags retrieved from /opt/airflow/dags/weather_pipeline_dag.py
[2026-02-14T16:27:36.202+0000] {processor.py:208} INFO - Processing /opt/airflow/dags/weather_pipeline_dag.py took 0.752 seconds
[2026-02-14T16:28:06.448+0000] {processor.py:186} INFO - Started process (PID=599) to work on /opt/airflow/dags/weather_pipeline_dag.py
[2026-02-14T16:28:06.450+0000] {processor.py:914} INFO - Processing file /opt/airflow/dags/weather_pipeline_dag.py for tasks to queue
[2026-02-14T16:28:06.455+0000] {logging_mixin.py:190} INFO - [2026-02-14T16:28:06.454+0000] {dagbag.py:588} INFO - Filling up the DagBag from /opt/airflow/dags/weather_pipeline_dag.py
[2026-02-14T16:28:07.090+0000] {logging_mixin.py:190} INFO - [2026-02-14T16:28:07.079+0000] {dagbag.py:387} ERROR - Failed to import: /opt/airflow/dags/weather_pipeline_dag.py
Traceback (most recent call last):
  File "/home/airflow/.local/lib/python3.10/site-packages/airflow/models/dagbag.py", line 383, in parse
    loader.exec_module(new_module)
  File "<frozen importlib._bootstrap_external>", line 883, in exec_module
  File "<frozen importlib._bootstrap>", line 241, in _call_with_frames_removed
  File "/opt/airflow/dags/weather_pipeline_dag.py", line 10, in <module>
    from utils.data_quality import validate_weather
  File "/opt/airflow/dags/utils/data_quality.py", line 1, in <module>
    import great_expectations as ge
ModuleNotFoundError: No module named 'great_expectations'
[2026-02-14T16:28:07.094+0000] {processor.py:927} WARNING - No viable dags retrieved from /opt/airflow/dags/weather_pipeline_dag.py
[2026-02-14T16:28:07.129+0000] {processor.py:208} INFO - Processing /opt/airflow/dags/weather_pipeline_dag.py took 0.690 seconds
[2026-02-14T16:28:37.525+0000] {processor.py:186} INFO - Started process (PID=605) to work on /opt/airflow/dags/weather_pipeline_dag.py
[2026-02-14T16:28:37.527+0000] {processor.py:914} INFO - Processing file /opt/airflow/dags/weather_pipeline_dag.py for tasks to queue
[2026-02-14T16:28:37.530+0000] {logging_mixin.py:190} INFO - [2026-02-14T16:28:37.530+0000] {dagbag.py:588} INFO - Filling up the DagBag from /opt/airflow/dags/weather_pipeline_dag.py
[2026-02-14T16:28:38.218+0000] {logging_mixin.py:190} INFO - [2026-02-14T16:28:38.203+0000] {dagbag.py:387} ERROR - Failed to import: /opt/airflow/dags/weather_pipeline_dag.py
Traceback (most recent call last):
  File "/home/airflow/.local/lib/python3.10/site-packages/airflow/models/dagbag.py", line 383, in parse
    loader.exec_module(new_module)
  File "<frozen importlib._bootstrap_external>", line 883, in exec_module
  File "<frozen importlib._bootstrap>", line 241, in _call_with_frames_removed
  File "/opt/airflow/dags/weather_pipeline_dag.py", line 10, in <module>
    from utils.data_quality import validate_weather
  File "/opt/airflow/dags/utils/data_quality.py", line 1, in <module>
    import great_expectations as ge
ModuleNotFoundError: No module named 'great_expectations'
[2026-02-14T16:28:38.224+0000] {processor.py:927} WARNING - No viable dags retrieved from /opt/airflow/dags/weather_pipeline_dag.py
[2026-02-14T16:28:38.258+0000] {processor.py:208} INFO - Processing /opt/airflow/dags/weather_pipeline_dag.py took 0.743 seconds
[2026-02-14T16:29:08.635+0000] {processor.py:186} INFO - Started process (PID=611) to work on /opt/airflow/dags/weather_pipeline_dag.py
[2026-02-14T16:29:08.637+0000] {processor.py:914} INFO - Processing file /opt/airflow/dags/weather_pipeline_dag.py for tasks to queue
[2026-02-14T16:29:08.641+0000] {logging_mixin.py:190} INFO - [2026-02-14T16:29:08.641+0000] {dagbag.py:588} INFO - Filling up the DagBag from /opt/airflow/dags/weather_pipeline_dag.py
[2026-02-14T16:29:09.305+0000] {logging_mixin.py:190} INFO - [2026-02-14T16:29:09.291+0000] {dagbag.py:387} ERROR - Failed to import: /opt/airflow/dags/weather_pipeline_dag.py
Traceback (most recent call last):
  File "/home/airflow/.local/lib/python3.10/site-packages/airflow/models/dagbag.py", line 383, in parse
    loader.exec_module(new_module)
  File "<frozen importlib._bootstrap_external>", line 883, in exec_module
  File "<frozen importlib._bootstrap>", line 241, in _call_with_frames_removed
  File "/opt/airflow/dags/weather_pipeline_dag.py", line 10, in <module>
    from utils.data_quality import validate_weather
  File "/opt/airflow/dags/utils/data_quality.py", line 1, in <module>
    import great_expectations as ge
ModuleNotFoundError: No module named 'great_expectations'
[2026-02-14T16:29:09.311+0000] {processor.py:927} WARNING - No viable dags retrieved from /opt/airflow/dags/weather_pipeline_dag.py
[2026-02-14T16:29:09.344+0000] {processor.py:208} INFO - Processing /opt/airflow/dags/weather_pipeline_dag.py took 0.717 seconds
[2026-02-14T16:29:39.485+0000] {processor.py:186} INFO - Started process (PID=617) to work on /opt/airflow/dags/weather_pipeline_dag.py
[2026-02-14T16:29:39.487+0000] {processor.py:914} INFO - Processing file /opt/airflow/dags/weather_pipeline_dag.py for tasks to queue
[2026-02-14T16:29:39.491+0000] {logging_mixin.py:190} INFO - [2026-02-14T16:29:39.491+0000] {dagbag.py:588} INFO - Filling up the DagBag from /opt/airflow/dags/weather_pipeline_dag.py
[2026-02-14T16:29:40.158+0000] {logging_mixin.py:190} INFO - [2026-02-14T16:29:40.144+0000] {dagbag.py:387} ERROR - Failed to import: /opt/airflow/dags/weather_pipeline_dag.py
Traceback (most recent call last):
  File "/home/airflow/.local/lib/python3.10/site-packages/airflow/models/dagbag.py", line 383, in parse
    loader.exec_module(new_module)
  File "<frozen importlib._bootstrap_external>", line 883, in exec_module
  File "<frozen importlib._bootstrap>", line 241, in _call_with_frames_removed
  File "/opt/airflow/dags/weather_pipeline_dag.py", line 10, in <module>
    from utils.data_quality import validate_weather
  File "/opt/airflow/dags/utils/data_quality.py", line 1, in <module>
    import great_expectations as ge
ModuleNotFoundError: No module named 'great_expectations'
[2026-02-14T16:29:40.163+0000] {processor.py:927} WARNING - No viable dags retrieved from /opt/airflow/dags/weather_pipeline_dag.py
[2026-02-14T16:29:40.225+0000] {processor.py:208} INFO - Processing /opt/airflow/dags/weather_pipeline_dag.py took 0.748 seconds
[2026-02-14T16:30:10.632+0000] {processor.py:186} INFO - Started process (PID=623) to work on /opt/airflow/dags/weather_pipeline_dag.py
[2026-02-14T16:30:10.635+0000] {processor.py:914} INFO - Processing file /opt/airflow/dags/weather_pipeline_dag.py for tasks to queue
[2026-02-14T16:30:10.639+0000] {logging_mixin.py:190} INFO - [2026-02-14T16:30:10.638+0000] {dagbag.py:588} INFO - Filling up the DagBag from /opt/airflow/dags/weather_pipeline_dag.py
[2026-02-14T16:30:11.286+0000] {logging_mixin.py:190} INFO - [2026-02-14T16:30:11.274+0000] {dagbag.py:387} ERROR - Failed to import: /opt/airflow/dags/weather_pipeline_dag.py
Traceback (most recent call last):
  File "/home/airflow/.local/lib/python3.10/site-packages/airflow/models/dagbag.py", line 383, in parse
    loader.exec_module(new_module)
  File "<frozen importlib._bootstrap_external>", line 883, in exec_module
  File "<frozen importlib._bootstrap>", line 241, in _call_with_frames_removed
  File "/opt/airflow/dags/weather_pipeline_dag.py", line 10, in <module>
    from utils.data_quality import validate_weather
  File "/opt/airflow/dags/utils/data_quality.py", line 1, in <module>
    import great_expectations as ge
ModuleNotFoundError: No module named 'great_expectations'
[2026-02-14T16:30:11.291+0000] {processor.py:927} WARNING - No viable dags retrieved from /opt/airflow/dags/weather_pipeline_dag.py
[2026-02-14T16:30:11.324+0000] {processor.py:208} INFO - Processing /opt/airflow/dags/weather_pipeline_dag.py took 0.700 seconds
[2026-02-14T16:30:41.658+0000] {processor.py:186} INFO - Started process (PID=629) to work on /opt/airflow/dags/weather_pipeline_dag.py
[2026-02-14T16:30:41.659+0000] {processor.py:914} INFO - Processing file /opt/airflow/dags/weather_pipeline_dag.py for tasks to queue
[2026-02-14T16:30:41.663+0000] {logging_mixin.py:190} INFO - [2026-02-14T16:30:41.663+0000] {dagbag.py:588} INFO - Filling up the DagBag from /opt/airflow/dags/weather_pipeline_dag.py
[2026-02-14T16:30:42.537+0000] {logging_mixin.py:190} INFO - [2026-02-14T16:30:42.516+0000] {dagbag.py:387} ERROR - Failed to import: /opt/airflow/dags/weather_pipeline_dag.py
Traceback (most recent call last):
  File "/home/airflow/.local/lib/python3.10/site-packages/airflow/models/dagbag.py", line 383, in parse
    loader.exec_module(new_module)
  File "<frozen importlib._bootstrap_external>", line 883, in exec_module
  File "<frozen importlib._bootstrap>", line 241, in _call_with_frames_removed
  File "/opt/airflow/dags/weather_pipeline_dag.py", line 10, in <module>
    from utils.data_quality import validate_weather
  File "/opt/airflow/dags/utils/data_quality.py", line 1, in <module>
    import great_expectations as ge
ModuleNotFoundError: No module named 'great_expectations'
[2026-02-14T16:30:42.543+0000] {processor.py:927} WARNING - No viable dags retrieved from /opt/airflow/dags/weather_pipeline_dag.py
[2026-02-14T16:30:42.583+0000] {processor.py:208} INFO - Processing /opt/airflow/dags/weather_pipeline_dag.py took 0.934 seconds
[2026-02-14T16:31:12.985+0000] {processor.py:186} INFO - Started process (PID=635) to work on /opt/airflow/dags/weather_pipeline_dag.py
[2026-02-14T16:31:12.987+0000] {processor.py:914} INFO - Processing file /opt/airflow/dags/weather_pipeline_dag.py for tasks to queue
[2026-02-14T16:31:12.991+0000] {logging_mixin.py:190} INFO - [2026-02-14T16:31:12.990+0000] {dagbag.py:588} INFO - Filling up the DagBag from /opt/airflow/dags/weather_pipeline_dag.py
[2026-02-14T16:31:13.618+0000] {logging_mixin.py:190} INFO - [2026-02-14T16:31:13.602+0000] {dagbag.py:387} ERROR - Failed to import: /opt/airflow/dags/weather_pipeline_dag.py
Traceback (most recent call last):
  File "/home/airflow/.local/lib/python3.10/site-packages/airflow/models/dagbag.py", line 383, in parse
    loader.exec_module(new_module)
  File "<frozen importlib._bootstrap_external>", line 883, in exec_module
  File "<frozen importlib._bootstrap>", line 241, in _call_with_frames_removed
  File "/opt/airflow/dags/weather_pipeline_dag.py", line 10, in <module>
    from utils.data_quality import validate_weather
  File "/opt/airflow/dags/utils/data_quality.py", line 1, in <module>
    import great_expectations as ge
ModuleNotFoundError: No module named 'great_expectations'
[2026-02-14T16:31:13.623+0000] {processor.py:927} WARNING - No viable dags retrieved from /opt/airflow/dags/weather_pipeline_dag.py
[2026-02-14T16:31:13.654+0000] {processor.py:208} INFO - Processing /opt/airflow/dags/weather_pipeline_dag.py took 0.677 seconds
[2026-02-14T16:31:44.073+0000] {processor.py:186} INFO - Started process (PID=641) to work on /opt/airflow/dags/weather_pipeline_dag.py
[2026-02-14T16:31:44.075+0000] {processor.py:914} INFO - Processing file /opt/airflow/dags/weather_pipeline_dag.py for tasks to queue
[2026-02-14T16:31:44.080+0000] {logging_mixin.py:190} INFO - [2026-02-14T16:31:44.079+0000] {dagbag.py:588} INFO - Filling up the DagBag from /opt/airflow/dags/weather_pipeline_dag.py
[2026-02-14T16:31:44.696+0000] {logging_mixin.py:190} INFO - [2026-02-14T16:31:44.683+0000] {dagbag.py:387} ERROR - Failed to import: /opt/airflow/dags/weather_pipeline_dag.py
Traceback (most recent call last):
  File "/home/airflow/.local/lib/python3.10/site-packages/airflow/models/dagbag.py", line 383, in parse
    loader.exec_module(new_module)
  File "<frozen importlib._bootstrap_external>", line 883, in exec_module
  File "<frozen importlib._bootstrap>", line 241, in _call_with_frames_removed
  File "/opt/airflow/dags/weather_pipeline_dag.py", line 10, in <module>
    from utils.data_quality import validate_weather
  File "/opt/airflow/dags/utils/data_quality.py", line 1, in <module>
    import great_expectations as ge
ModuleNotFoundError: No module named 'great_expectations'
[2026-02-14T16:31:44.700+0000] {processor.py:927} WARNING - No viable dags retrieved from /opt/airflow/dags/weather_pipeline_dag.py
[2026-02-14T16:31:44.731+0000] {processor.py:208} INFO - Processing /opt/airflow/dags/weather_pipeline_dag.py took 0.666 seconds
[2026-02-14T16:32:15.137+0000] {processor.py:186} INFO - Started process (PID=647) to work on /opt/airflow/dags/weather_pipeline_dag.py
[2026-02-14T16:32:15.139+0000] {processor.py:914} INFO - Processing file /opt/airflow/dags/weather_pipeline_dag.py for tasks to queue
[2026-02-14T16:32:15.142+0000] {logging_mixin.py:190} INFO - [2026-02-14T16:32:15.142+0000] {dagbag.py:588} INFO - Filling up the DagBag from /opt/airflow/dags/weather_pipeline_dag.py
[2026-02-14T16:32:15.802+0000] {logging_mixin.py:190} INFO - [2026-02-14T16:32:15.786+0000] {dagbag.py:387} ERROR - Failed to import: /opt/airflow/dags/weather_pipeline_dag.py
Traceback (most recent call last):
  File "/home/airflow/.local/lib/python3.10/site-packages/airflow/models/dagbag.py", line 383, in parse
    loader.exec_module(new_module)
  File "<frozen importlib._bootstrap_external>", line 883, in exec_module
  File "<frozen importlib._bootstrap>", line 241, in _call_with_frames_removed
  File "/opt/airflow/dags/weather_pipeline_dag.py", line 10, in <module>
    from utils.data_quality import validate_weather
  File "/opt/airflow/dags/utils/data_quality.py", line 1, in <module>
    import great_expectations as ge
ModuleNotFoundError: No module named 'great_expectations'
[2026-02-14T16:32:15.806+0000] {processor.py:927} WARNING - No viable dags retrieved from /opt/airflow/dags/weather_pipeline_dag.py
[2026-02-14T16:32:15.841+0000] {processor.py:208} INFO - Processing /opt/airflow/dags/weather_pipeline_dag.py took 0.712 seconds
[2026-02-14T16:32:46.227+0000] {processor.py:186} INFO - Started process (PID=653) to work on /opt/airflow/dags/weather_pipeline_dag.py
[2026-02-14T16:32:46.229+0000] {processor.py:914} INFO - Processing file /opt/airflow/dags/weather_pipeline_dag.py for tasks to queue
[2026-02-14T16:32:46.232+0000] {logging_mixin.py:190} INFO - [2026-02-14T16:32:46.232+0000] {dagbag.py:588} INFO - Filling up the DagBag from /opt/airflow/dags/weather_pipeline_dag.py
[2026-02-14T16:32:46.906+0000] {logging_mixin.py:190} INFO - [2026-02-14T16:32:46.891+0000] {dagbag.py:387} ERROR - Failed to import: /opt/airflow/dags/weather_pipeline_dag.py
Traceback (most recent call last):
  File "/home/airflow/.local/lib/python3.10/site-packages/airflow/models/dagbag.py", line 383, in parse
    loader.exec_module(new_module)
  File "<frozen importlib._bootstrap_external>", line 883, in exec_module
  File "<frozen importlib._bootstrap>", line 241, in _call_with_frames_removed
  File "/opt/airflow/dags/weather_pipeline_dag.py", line 10, in <module>
    from utils.data_quality import validate_weather
  File "/opt/airflow/dags/utils/data_quality.py", line 1, in <module>
    import great_expectations as ge
ModuleNotFoundError: No module named 'great_expectations'
[2026-02-14T16:32:46.912+0000] {processor.py:927} WARNING - No viable dags retrieved from /opt/airflow/dags/weather_pipeline_dag.py
[2026-02-14T16:32:46.945+0000] {processor.py:208} INFO - Processing /opt/airflow/dags/weather_pipeline_dag.py took 0.728 seconds
[2026-02-14T16:33:17.222+0000] {processor.py:186} INFO - Started process (PID=659) to work on /opt/airflow/dags/weather_pipeline_dag.py
[2026-02-14T16:33:17.223+0000] {processor.py:914} INFO - Processing file /opt/airflow/dags/weather_pipeline_dag.py for tasks to queue
[2026-02-14T16:33:17.227+0000] {logging_mixin.py:190} INFO - [2026-02-14T16:33:17.226+0000] {dagbag.py:588} INFO - Filling up the DagBag from /opt/airflow/dags/weather_pipeline_dag.py
[2026-02-14T16:33:17.861+0000] {logging_mixin.py:190} INFO - [2026-02-14T16:33:17.853+0000] {dagbag.py:387} ERROR - Failed to import: /opt/airflow/dags/weather_pipeline_dag.py
Traceback (most recent call last):
  File "/home/airflow/.local/lib/python3.10/site-packages/airflow/models/dagbag.py", line 383, in parse
    loader.exec_module(new_module)
  File "<frozen importlib._bootstrap_external>", line 883, in exec_module
  File "<frozen importlib._bootstrap>", line 241, in _call_with_frames_removed
  File "/opt/airflow/dags/weather_pipeline_dag.py", line 10, in <module>
    from utils.data_quality import validate_weather
  File "/opt/airflow/dags/utils/data_quality.py", line 1, in <module>
    import great_expectations as ge
ModuleNotFoundError: No module named 'great_expectations'
[2026-02-14T16:33:17.865+0000] {processor.py:927} WARNING - No viable dags retrieved from /opt/airflow/dags/weather_pipeline_dag.py
[2026-02-14T16:33:17.895+0000] {processor.py:208} INFO - Processing /opt/airflow/dags/weather_pipeline_dag.py took 0.682 seconds
[2026-02-14T16:33:48.298+0000] {processor.py:186} INFO - Started process (PID=665) to work on /opt/airflow/dags/weather_pipeline_dag.py
[2026-02-14T16:33:48.300+0000] {processor.py:914} INFO - Processing file /opt/airflow/dags/weather_pipeline_dag.py for tasks to queue
[2026-02-14T16:33:48.304+0000] {logging_mixin.py:190} INFO - [2026-02-14T16:33:48.304+0000] {dagbag.py:588} INFO - Filling up the DagBag from /opt/airflow/dags/weather_pipeline_dag.py
[2026-02-14T16:33:48.938+0000] {logging_mixin.py:190} INFO - [2026-02-14T16:33:48.928+0000] {dagbag.py:387} ERROR - Failed to import: /opt/airflow/dags/weather_pipeline_dag.py
Traceback (most recent call last):
  File "/home/airflow/.local/lib/python3.10/site-packages/airflow/models/dagbag.py", line 383, in parse
    loader.exec_module(new_module)
  File "<frozen importlib._bootstrap_external>", line 883, in exec_module
  File "<frozen importlib._bootstrap>", line 241, in _call_with_frames_removed
  File "/opt/airflow/dags/weather_pipeline_dag.py", line 10, in <module>
    from utils.data_quality import validate_weather
  File "/opt/airflow/dags/utils/data_quality.py", line 1, in <module>
    import great_expectations as ge
ModuleNotFoundError: No module named 'great_expectations'
[2026-02-14T16:33:48.942+0000] {processor.py:927} WARNING - No viable dags retrieved from /opt/airflow/dags/weather_pipeline_dag.py
[2026-02-14T16:33:48.976+0000] {processor.py:208} INFO - Processing /opt/airflow/dags/weather_pipeline_dag.py took 0.686 seconds
[2026-02-14T16:34:19.346+0000] {processor.py:186} INFO - Started process (PID=671) to work on /opt/airflow/dags/weather_pipeline_dag.py
[2026-02-14T16:34:19.349+0000] {processor.py:914} INFO - Processing file /opt/airflow/dags/weather_pipeline_dag.py for tasks to queue
[2026-02-14T16:34:19.352+0000] {logging_mixin.py:190} INFO - [2026-02-14T16:34:19.352+0000] {dagbag.py:588} INFO - Filling up the DagBag from /opt/airflow/dags/weather_pipeline_dag.py
[2026-02-14T16:34:19.973+0000] {logging_mixin.py:190} INFO - [2026-02-14T16:34:19.962+0000] {dagbag.py:387} ERROR - Failed to import: /opt/airflow/dags/weather_pipeline_dag.py
Traceback (most recent call last):
  File "/home/airflow/.local/lib/python3.10/site-packages/airflow/models/dagbag.py", line 383, in parse
    loader.exec_module(new_module)
  File "<frozen importlib._bootstrap_external>", line 883, in exec_module
  File "<frozen importlib._bootstrap>", line 241, in _call_with_frames_removed
  File "/opt/airflow/dags/weather_pipeline_dag.py", line 10, in <module>
    from utils.data_quality import validate_weather
  File "/opt/airflow/dags/utils/data_quality.py", line 1, in <module>
    import great_expectations as ge
ModuleNotFoundError: No module named 'great_expectations'
[2026-02-14T16:34:19.978+0000] {processor.py:927} WARNING - No viable dags retrieved from /opt/airflow/dags/weather_pipeline_dag.py
[2026-02-14T16:34:20.011+0000] {processor.py:208} INFO - Processing /opt/airflow/dags/weather_pipeline_dag.py took 0.673 seconds
[2026-02-14T16:34:50.203+0000] {processor.py:186} INFO - Started process (PID=677) to work on /opt/airflow/dags/weather_pipeline_dag.py
[2026-02-14T16:34:50.205+0000] {processor.py:914} INFO - Processing file /opt/airflow/dags/weather_pipeline_dag.py for tasks to queue
[2026-02-14T16:34:50.209+0000] {logging_mixin.py:190} INFO - [2026-02-14T16:34:50.209+0000] {dagbag.py:588} INFO - Filling up the DagBag from /opt/airflow/dags/weather_pipeline_dag.py
[2026-02-14T16:34:50.819+0000] {logging_mixin.py:190} INFO - [2026-02-14T16:34:50.808+0000] {dagbag.py:387} ERROR - Failed to import: /opt/airflow/dags/weather_pipeline_dag.py
Traceback (most recent call last):
  File "/home/airflow/.local/lib/python3.10/site-packages/airflow/models/dagbag.py", line 383, in parse
    loader.exec_module(new_module)
  File "<frozen importlib._bootstrap_external>", line 883, in exec_module
  File "<frozen importlib._bootstrap>", line 241, in _call_with_frames_removed
  File "/opt/airflow/dags/weather_pipeline_dag.py", line 10, in <module>
    from utils.data_quality import validate_weather
  File "/opt/airflow/dags/utils/data_quality.py", line 1, in <module>
    import great_expectations as ge
ModuleNotFoundError: No module named 'great_expectations'
[2026-02-14T16:34:50.822+0000] {processor.py:927} WARNING - No viable dags retrieved from /opt/airflow/dags/weather_pipeline_dag.py
[2026-02-14T16:34:50.857+0000] {processor.py:208} INFO - Processing /opt/airflow/dags/weather_pipeline_dag.py took 0.663 seconds
[2026-02-14T16:35:21.276+0000] {processor.py:186} INFO - Started process (PID=683) to work on /opt/airflow/dags/weather_pipeline_dag.py
[2026-02-14T16:35:21.277+0000] {processor.py:914} INFO - Processing file /opt/airflow/dags/weather_pipeline_dag.py for tasks to queue
[2026-02-14T16:35:21.284+0000] {logging_mixin.py:190} INFO - [2026-02-14T16:35:21.283+0000] {dagbag.py:588} INFO - Filling up the DagBag from /opt/airflow/dags/weather_pipeline_dag.py
[2026-02-14T16:35:22.030+0000] {logging_mixin.py:190} INFO - [2026-02-14T16:35:22.016+0000] {dagbag.py:387} ERROR - Failed to import: /opt/airflow/dags/weather_pipeline_dag.py
Traceback (most recent call last):
  File "/home/airflow/.local/lib/python3.10/site-packages/airflow/models/dagbag.py", line 383, in parse
    loader.exec_module(new_module)
  File "<frozen importlib._bootstrap_external>", line 883, in exec_module
  File "<frozen importlib._bootstrap>", line 241, in _call_with_frames_removed
  File "/opt/airflow/dags/weather_pipeline_dag.py", line 10, in <module>
    from utils.data_quality import validate_weather
  File "/opt/airflow/dags/utils/data_quality.py", line 1, in <module>
    import great_expectations as ge
ModuleNotFoundError: No module named 'great_expectations'
[2026-02-14T16:35:22.035+0000] {processor.py:927} WARNING - No viable dags retrieved from /opt/airflow/dags/weather_pipeline_dag.py
[2026-02-14T16:35:22.066+0000] {processor.py:208} INFO - Processing /opt/airflow/dags/weather_pipeline_dag.py took 0.805 seconds
[2026-02-14T16:35:52.773+0000] {processor.py:186} INFO - Started process (PID=689) to work on /opt/airflow/dags/weather_pipeline_dag.py
[2026-02-14T16:35:52.775+0000] {processor.py:914} INFO - Processing file /opt/airflow/dags/weather_pipeline_dag.py for tasks to queue
[2026-02-14T16:35:52.779+0000] {logging_mixin.py:190} INFO - [2026-02-14T16:35:52.779+0000] {dagbag.py:588} INFO - Filling up the DagBag from /opt/airflow/dags/weather_pipeline_dag.py
[2026-02-14T16:35:53.419+0000] {logging_mixin.py:190} INFO - [2026-02-14T16:35:53.406+0000] {dagbag.py:387} ERROR - Failed to import: /opt/airflow/dags/weather_pipeline_dag.py
Traceback (most recent call last):
  File "/home/airflow/.local/lib/python3.10/site-packages/airflow/models/dagbag.py", line 383, in parse
    loader.exec_module(new_module)
  File "<frozen importlib._bootstrap_external>", line 883, in exec_module
  File "<frozen importlib._bootstrap>", line 241, in _call_with_frames_removed
  File "/opt/airflow/dags/weather_pipeline_dag.py", line 10, in <module>
    from utils.data_quality import validate_weather
  File "/opt/airflow/dags/utils/data_quality.py", line 1, in <module>
    import great_expectations as ge
ModuleNotFoundError: No module named 'great_expectations'
[2026-02-14T16:35:53.425+0000] {processor.py:927} WARNING - No viable dags retrieved from /opt/airflow/dags/weather_pipeline_dag.py
[2026-02-14T16:35:53.460+0000] {processor.py:208} INFO - Processing /opt/airflow/dags/weather_pipeline_dag.py took 0.696 seconds
[2026-02-14T16:36:23.848+0000] {processor.py:186} INFO - Started process (PID=695) to work on /opt/airflow/dags/weather_pipeline_dag.py
[2026-02-14T16:36:23.850+0000] {processor.py:914} INFO - Processing file /opt/airflow/dags/weather_pipeline_dag.py for tasks to queue
[2026-02-14T16:36:23.854+0000] {logging_mixin.py:190} INFO - [2026-02-14T16:36:23.854+0000] {dagbag.py:588} INFO - Filling up the DagBag from /opt/airflow/dags/weather_pipeline_dag.py
[2026-02-14T16:36:24.540+0000] {logging_mixin.py:190} INFO - [2026-02-14T16:36:24.528+0000] {dagbag.py:387} ERROR - Failed to import: /opt/airflow/dags/weather_pipeline_dag.py
Traceback (most recent call last):
  File "/home/airflow/.local/lib/python3.10/site-packages/airflow/models/dagbag.py", line 383, in parse
    loader.exec_module(new_module)
  File "<frozen importlib._bootstrap_external>", line 883, in exec_module
  File "<frozen importlib._bootstrap>", line 241, in _call_with_frames_removed
  File "/opt/airflow/dags/weather_pipeline_dag.py", line 10, in <module>
    from utils.data_quality import validate_weather
  File "/opt/airflow/dags/utils/data_quality.py", line 1, in <module>
    import great_expectations as ge
ModuleNotFoundError: No module named 'great_expectations'
[2026-02-14T16:36:24.546+0000] {processor.py:927} WARNING - No viable dags retrieved from /opt/airflow/dags/weather_pipeline_dag.py
[2026-02-14T16:36:24.579+0000] {processor.py:208} INFO - Processing /opt/airflow/dags/weather_pipeline_dag.py took 0.739 seconds
[2026-02-14T16:36:54.988+0000] {processor.py:186} INFO - Started process (PID=701) to work on /opt/airflow/dags/weather_pipeline_dag.py
[2026-02-14T16:36:54.991+0000] {processor.py:914} INFO - Processing file /opt/airflow/dags/weather_pipeline_dag.py for tasks to queue
[2026-02-14T16:36:54.996+0000] {logging_mixin.py:190} INFO - [2026-02-14T16:36:54.996+0000] {dagbag.py:588} INFO - Filling up the DagBag from /opt/airflow/dags/weather_pipeline_dag.py
[2026-02-14T16:36:55.629+0000] {logging_mixin.py:190} INFO - [2026-02-14T16:36:55.616+0000] {dagbag.py:387} ERROR - Failed to import: /opt/airflow/dags/weather_pipeline_dag.py
Traceback (most recent call last):
  File "/home/airflow/.local/lib/python3.10/site-packages/airflow/models/dagbag.py", line 383, in parse
    loader.exec_module(new_module)
  File "<frozen importlib._bootstrap_external>", line 883, in exec_module
  File "<frozen importlib._bootstrap>", line 241, in _call_with_frames_removed
  File "/opt/airflow/dags/weather_pipeline_dag.py", line 10, in <module>
    from utils.data_quality import validate_weather
  File "/opt/airflow/dags/utils/data_quality.py", line 1, in <module>
    import great_expectations as ge
ModuleNotFoundError: No module named 'great_expectations'
[2026-02-14T16:36:55.634+0000] {processor.py:927} WARNING - No viable dags retrieved from /opt/airflow/dags/weather_pipeline_dag.py
[2026-02-14T16:36:55.666+0000] {processor.py:208} INFO - Processing /opt/airflow/dags/weather_pipeline_dag.py took 0.687 seconds
[2026-02-14T16:37:25.910+0000] {processor.py:186} INFO - Started process (PID=707) to work on /opt/airflow/dags/weather_pipeline_dag.py
[2026-02-14T16:37:25.913+0000] {processor.py:914} INFO - Processing file /opt/airflow/dags/weather_pipeline_dag.py for tasks to queue
[2026-02-14T16:37:25.917+0000] {logging_mixin.py:190} INFO - [2026-02-14T16:37:25.916+0000] {dagbag.py:588} INFO - Filling up the DagBag from /opt/airflow/dags/weather_pipeline_dag.py
[2026-02-14T16:37:26.544+0000] {logging_mixin.py:190} INFO - [2026-02-14T16:37:26.532+0000] {dagbag.py:387} ERROR - Failed to import: /opt/airflow/dags/weather_pipeline_dag.py
Traceback (most recent call last):
  File "/home/airflow/.local/lib/python3.10/site-packages/airflow/models/dagbag.py", line 383, in parse
    loader.exec_module(new_module)
  File "<frozen importlib._bootstrap_external>", line 883, in exec_module
  File "<frozen importlib._bootstrap>", line 241, in _call_with_frames_removed
  File "/opt/airflow/dags/weather_pipeline_dag.py", line 10, in <module>
    from utils.data_quality import validate_weather
  File "/opt/airflow/dags/utils/data_quality.py", line 1, in <module>
    import great_expectations as ge
ModuleNotFoundError: No module named 'great_expectations'
[2026-02-14T16:37:26.548+0000] {processor.py:927} WARNING - No viable dags retrieved from /opt/airflow/dags/weather_pipeline_dag.py
[2026-02-14T16:37:26.582+0000] {processor.py:208} INFO - Processing /opt/airflow/dags/weather_pipeline_dag.py took 0.689 seconds
[2026-02-14T16:37:56.982+0000] {processor.py:186} INFO - Started process (PID=713) to work on /opt/airflow/dags/weather_pipeline_dag.py
[2026-02-14T16:37:56.985+0000] {processor.py:914} INFO - Processing file /opt/airflow/dags/weather_pipeline_dag.py for tasks to queue
[2026-02-14T16:37:56.989+0000] {logging_mixin.py:190} INFO - [2026-02-14T16:37:56.989+0000] {dagbag.py:588} INFO - Filling up the DagBag from /opt/airflow/dags/weather_pipeline_dag.py
[2026-02-14T16:37:57.680+0000] {logging_mixin.py:190} INFO - [2026-02-14T16:37:57.667+0000] {dagbag.py:387} ERROR - Failed to import: /opt/airflow/dags/weather_pipeline_dag.py
Traceback (most recent call last):
  File "/home/airflow/.local/lib/python3.10/site-packages/airflow/models/dagbag.py", line 383, in parse
    loader.exec_module(new_module)
  File "<frozen importlib._bootstrap_external>", line 883, in exec_module
  File "<frozen importlib._bootstrap>", line 241, in _call_with_frames_removed
  File "/opt/airflow/dags/weather_pipeline_dag.py", line 10, in <module>
    from utils.data_quality import validate_weather
  File "/opt/airflow/dags/utils/data_quality.py", line 1, in <module>
    import great_expectations as ge
ModuleNotFoundError: No module named 'great_expectations'
[2026-02-14T16:37:57.685+0000] {processor.py:927} WARNING - No viable dags retrieved from /opt/airflow/dags/weather_pipeline_dag.py
[2026-02-14T16:37:57.717+0000] {processor.py:208} INFO - Processing /opt/airflow/dags/weather_pipeline_dag.py took 0.744 seconds
[2026-02-14T16:38:28.103+0000] {processor.py:186} INFO - Started process (PID=719) to work on /opt/airflow/dags/weather_pipeline_dag.py
[2026-02-14T16:38:28.106+0000] {processor.py:914} INFO - Processing file /opt/airflow/dags/weather_pipeline_dag.py for tasks to queue
[2026-02-14T16:38:28.109+0000] {logging_mixin.py:190} INFO - [2026-02-14T16:38:28.109+0000] {dagbag.py:588} INFO - Filling up the DagBag from /opt/airflow/dags/weather_pipeline_dag.py
[2026-02-14T16:38:28.748+0000] {logging_mixin.py:190} INFO - [2026-02-14T16:38:28.730+0000] {dagbag.py:387} ERROR - Failed to import: /opt/airflow/dags/weather_pipeline_dag.py
Traceback (most recent call last):
  File "/home/airflow/.local/lib/python3.10/site-packages/airflow/models/dagbag.py", line 383, in parse
    loader.exec_module(new_module)
  File "<frozen importlib._bootstrap_external>", line 883, in exec_module
  File "<frozen importlib._bootstrap>", line 241, in _call_with_frames_removed
  File "/opt/airflow/dags/weather_pipeline_dag.py", line 10, in <module>
    from utils.data_quality import validate_weather
  File "/opt/airflow/dags/utils/data_quality.py", line 1, in <module>
    import great_expectations as ge
ModuleNotFoundError: No module named 'great_expectations'
[2026-02-14T16:38:28.753+0000] {processor.py:927} WARNING - No viable dags retrieved from /opt/airflow/dags/weather_pipeline_dag.py
[2026-02-14T16:38:28.786+0000] {processor.py:208} INFO - Processing /opt/airflow/dags/weather_pipeline_dag.py took 0.691 seconds
[2026-02-14T16:38:59.380+0000] {processor.py:186} INFO - Started process (PID=725) to work on /opt/airflow/dags/weather_pipeline_dag.py
[2026-02-14T16:38:59.384+0000] {processor.py:914} INFO - Processing file /opt/airflow/dags/weather_pipeline_dag.py for tasks to queue
[2026-02-14T16:38:59.391+0000] {logging_mixin.py:190} INFO - [2026-02-14T16:38:59.390+0000] {dagbag.py:588} INFO - Filling up the DagBag from /opt/airflow/dags/weather_pipeline_dag.py
[2026-02-14T16:39:00.354+0000] {logging_mixin.py:190} INFO - [2026-02-14T16:39:00.338+0000] {dagbag.py:387} ERROR - Failed to import: /opt/airflow/dags/weather_pipeline_dag.py
Traceback (most recent call last):
  File "/home/airflow/.local/lib/python3.10/site-packages/airflow/models/dagbag.py", line 383, in parse
    loader.exec_module(new_module)
  File "<frozen importlib._bootstrap_external>", line 883, in exec_module
  File "<frozen importlib._bootstrap>", line 241, in _call_with_frames_removed
  File "/opt/airflow/dags/weather_pipeline_dag.py", line 10, in <module>
    from utils.data_quality import validate_weather
  File "/opt/airflow/dags/utils/data_quality.py", line 1, in <module>
    import great_expectations as ge
ModuleNotFoundError: No module named 'great_expectations'
[2026-02-14T16:39:00.360+0000] {processor.py:927} WARNING - No viable dags retrieved from /opt/airflow/dags/weather_pipeline_dag.py
[2026-02-14T16:39:00.396+0000] {processor.py:208} INFO - Processing /opt/airflow/dags/weather_pipeline_dag.py took 1.030 seconds
[2026-02-14T16:39:30.754+0000] {processor.py:186} INFO - Started process (PID=731) to work on /opt/airflow/dags/weather_pipeline_dag.py
[2026-02-14T16:39:30.756+0000] {processor.py:914} INFO - Processing file /opt/airflow/dags/weather_pipeline_dag.py for tasks to queue
[2026-02-14T16:39:30.760+0000] {logging_mixin.py:190} INFO - [2026-02-14T16:39:30.760+0000] {dagbag.py:588} INFO - Filling up the DagBag from /opt/airflow/dags/weather_pipeline_dag.py
[2026-02-14T16:39:31.446+0000] {logging_mixin.py:190} INFO - [2026-02-14T16:39:31.432+0000] {dagbag.py:387} ERROR - Failed to import: /opt/airflow/dags/weather_pipeline_dag.py
Traceback (most recent call last):
  File "/home/airflow/.local/lib/python3.10/site-packages/airflow/models/dagbag.py", line 383, in parse
    loader.exec_module(new_module)
  File "<frozen importlib._bootstrap_external>", line 883, in exec_module
  File "<frozen importlib._bootstrap>", line 241, in _call_with_frames_removed
  File "/opt/airflow/dags/weather_pipeline_dag.py", line 10, in <module>
    from utils.data_quality import validate_weather
  File "/opt/airflow/dags/utils/data_quality.py", line 1, in <module>
    import great_expectations as ge
ModuleNotFoundError: No module named 'great_expectations'
[2026-02-14T16:39:31.452+0000] {processor.py:927} WARNING - No viable dags retrieved from /opt/airflow/dags/weather_pipeline_dag.py
[2026-02-14T16:39:31.485+0000] {processor.py:208} INFO - Processing /opt/airflow/dags/weather_pipeline_dag.py took 0.739 seconds
[2026-02-14T16:40:01.948+0000] {processor.py:186} INFO - Started process (PID=737) to work on /opt/airflow/dags/weather_pipeline_dag.py
[2026-02-14T16:40:01.951+0000] {processor.py:914} INFO - Processing file /opt/airflow/dags/weather_pipeline_dag.py for tasks to queue
[2026-02-14T16:40:01.958+0000] {logging_mixin.py:190} INFO - [2026-02-14T16:40:01.957+0000] {dagbag.py:588} INFO - Filling up the DagBag from /opt/airflow/dags/weather_pipeline_dag.py
[2026-02-14T16:40:02.811+0000] {logging_mixin.py:190} INFO - [2026-02-14T16:40:02.793+0000] {dagbag.py:387} ERROR - Failed to import: /opt/airflow/dags/weather_pipeline_dag.py
Traceback (most recent call last):
  File "/home/airflow/.local/lib/python3.10/site-packages/airflow/models/dagbag.py", line 383, in parse
    loader.exec_module(new_module)
  File "<frozen importlib._bootstrap_external>", line 883, in exec_module
  File "<frozen importlib._bootstrap>", line 241, in _call_with_frames_removed
  File "/opt/airflow/dags/weather_pipeline_dag.py", line 10, in <module>
    from utils.data_quality import validate_weather
  File "/opt/airflow/dags/utils/data_quality.py", line 1, in <module>
    import great_expectations as ge
ModuleNotFoundError: No module named 'great_expectations'
[2026-02-14T16:40:02.819+0000] {processor.py:927} WARNING - No viable dags retrieved from /opt/airflow/dags/weather_pipeline_dag.py
[2026-02-14T16:40:02.868+0000] {processor.py:208} INFO - Processing /opt/airflow/dags/weather_pipeline_dag.py took 0.938 seconds
[2026-02-14T16:40:33.708+0000] {processor.py:186} INFO - Started process (PID=743) to work on /opt/airflow/dags/weather_pipeline_dag.py
[2026-02-14T16:40:33.710+0000] {processor.py:914} INFO - Processing file /opt/airflow/dags/weather_pipeline_dag.py for tasks to queue
[2026-02-14T16:40:33.715+0000] {logging_mixin.py:190} INFO - [2026-02-14T16:40:33.714+0000] {dagbag.py:588} INFO - Filling up the DagBag from /opt/airflow/dags/weather_pipeline_dag.py
[2026-02-14T16:40:34.451+0000] {logging_mixin.py:190} INFO - [2026-02-14T16:40:34.437+0000] {dagbag.py:387} ERROR - Failed to import: /opt/airflow/dags/weather_pipeline_dag.py
Traceback (most recent call last):
  File "/home/airflow/.local/lib/python3.10/site-packages/airflow/models/dagbag.py", line 383, in parse
    loader.exec_module(new_module)
  File "<frozen importlib._bootstrap_external>", line 883, in exec_module
  File "<frozen importlib._bootstrap>", line 241, in _call_with_frames_removed
  File "/opt/airflow/dags/weather_pipeline_dag.py", line 10, in <module>
    from utils.data_quality import validate_weather
  File "/opt/airflow/dags/utils/data_quality.py", line 1, in <module>
    import great_expectations as ge
ModuleNotFoundError: No module named 'great_expectations'
[2026-02-14T16:40:34.456+0000] {processor.py:927} WARNING - No viable dags retrieved from /opt/airflow/dags/weather_pipeline_dag.py
[2026-02-14T16:40:34.498+0000] {processor.py:208} INFO - Processing /opt/airflow/dags/weather_pipeline_dag.py took 0.800 seconds
[2026-02-14T16:41:04.939+0000] {processor.py:186} INFO - Started process (PID=749) to work on /opt/airflow/dags/weather_pipeline_dag.py
[2026-02-14T16:41:04.941+0000] {processor.py:914} INFO - Processing file /opt/airflow/dags/weather_pipeline_dag.py for tasks to queue
[2026-02-14T16:41:04.944+0000] {logging_mixin.py:190} INFO - [2026-02-14T16:41:04.944+0000] {dagbag.py:588} INFO - Filling up the DagBag from /opt/airflow/dags/weather_pipeline_dag.py
[2026-02-14T16:41:05.653+0000] {logging_mixin.py:190} INFO - [2026-02-14T16:41:05.640+0000] {dagbag.py:387} ERROR - Failed to import: /opt/airflow/dags/weather_pipeline_dag.py
Traceback (most recent call last):
  File "/home/airflow/.local/lib/python3.10/site-packages/airflow/models/dagbag.py", line 383, in parse
    loader.exec_module(new_module)
  File "<frozen importlib._bootstrap_external>", line 883, in exec_module
  File "<frozen importlib._bootstrap>", line 241, in _call_with_frames_removed
  File "/opt/airflow/dags/weather_pipeline_dag.py", line 10, in <module>
    from utils.data_quality import validate_weather
  File "/opt/airflow/dags/utils/data_quality.py", line 1, in <module>
    import great_expectations as ge
ModuleNotFoundError: No module named 'great_expectations'
[2026-02-14T16:41:05.659+0000] {processor.py:927} WARNING - No viable dags retrieved from /opt/airflow/dags/weather_pipeline_dag.py
[2026-02-14T16:41:05.697+0000] {processor.py:208} INFO - Processing /opt/airflow/dags/weather_pipeline_dag.py took 0.767 seconds
[2026-02-14T16:41:36.142+0000] {processor.py:186} INFO - Started process (PID=755) to work on /opt/airflow/dags/weather_pipeline_dag.py
[2026-02-14T16:41:36.144+0000] {processor.py:914} INFO - Processing file /opt/airflow/dags/weather_pipeline_dag.py for tasks to queue
[2026-02-14T16:41:36.150+0000] {logging_mixin.py:190} INFO - [2026-02-14T16:41:36.149+0000] {dagbag.py:588} INFO - Filling up the DagBag from /opt/airflow/dags/weather_pipeline_dag.py
[2026-02-14T16:41:37.174+0000] {logging_mixin.py:190} INFO - [2026-02-14T16:41:37.156+0000] {dagbag.py:387} ERROR - Failed to import: /opt/airflow/dags/weather_pipeline_dag.py
Traceback (most recent call last):
  File "/home/airflow/.local/lib/python3.10/site-packages/airflow/models/dagbag.py", line 383, in parse
    loader.exec_module(new_module)
  File "<frozen importlib._bootstrap_external>", line 883, in exec_module
  File "<frozen importlib._bootstrap>", line 241, in _call_with_frames_removed
  File "/opt/airflow/dags/weather_pipeline_dag.py", line 10, in <module>
    from utils.data_quality import validate_weather
  File "/opt/airflow/dags/utils/data_quality.py", line 1, in <module>
    import great_expectations as ge
ModuleNotFoundError: No module named 'great_expectations'
[2026-02-14T16:41:37.179+0000] {processor.py:927} WARNING - No viable dags retrieved from /opt/airflow/dags/weather_pipeline_dag.py
[2026-02-14T16:41:37.228+0000] {processor.py:208} INFO - Processing /opt/airflow/dags/weather_pipeline_dag.py took 1.100 seconds
[2026-02-14T16:42:07.503+0000] {processor.py:186} INFO - Started process (PID=761) to work on /opt/airflow/dags/weather_pipeline_dag.py
[2026-02-14T16:42:07.505+0000] {processor.py:914} INFO - Processing file /opt/airflow/dags/weather_pipeline_dag.py for tasks to queue
[2026-02-14T16:42:07.509+0000] {logging_mixin.py:190} INFO - [2026-02-14T16:42:07.509+0000] {dagbag.py:588} INFO - Filling up the DagBag from /opt/airflow/dags/weather_pipeline_dag.py
[2026-02-14T16:42:08.353+0000] {logging_mixin.py:190} INFO - [2026-02-14T16:42:08.337+0000] {dagbag.py:387} ERROR - Failed to import: /opt/airflow/dags/weather_pipeline_dag.py
Traceback (most recent call last):
  File "/home/airflow/.local/lib/python3.10/site-packages/airflow/models/dagbag.py", line 383, in parse
    loader.exec_module(new_module)
  File "<frozen importlib._bootstrap_external>", line 883, in exec_module
  File "<frozen importlib._bootstrap>", line 241, in _call_with_frames_removed
  File "/opt/airflow/dags/weather_pipeline_dag.py", line 10, in <module>
    from utils.data_quality import validate_weather
  File "/opt/airflow/dags/utils/data_quality.py", line 1, in <module>
    import great_expectations as ge
ModuleNotFoundError: No module named 'great_expectations'
[2026-02-14T16:42:08.358+0000] {processor.py:927} WARNING - No viable dags retrieved from /opt/airflow/dags/weather_pipeline_dag.py
[2026-02-14T16:42:08.395+0000] {processor.py:208} INFO - Processing /opt/airflow/dags/weather_pipeline_dag.py took 0.905 seconds
[2026-02-14T16:42:38.918+0000] {processor.py:186} INFO - Started process (PID=767) to work on /opt/airflow/dags/weather_pipeline_dag.py
[2026-02-14T16:42:38.922+0000] {processor.py:914} INFO - Processing file /opt/airflow/dags/weather_pipeline_dag.py for tasks to queue
[2026-02-14T16:42:38.931+0000] {logging_mixin.py:190} INFO - [2026-02-14T16:42:38.930+0000] {dagbag.py:588} INFO - Filling up the DagBag from /opt/airflow/dags/weather_pipeline_dag.py
[2026-02-14T16:42:40.485+0000] {logging_mixin.py:190} INFO - [2026-02-14T16:42:40.458+0000] {dagbag.py:387} ERROR - Failed to import: /opt/airflow/dags/weather_pipeline_dag.py
Traceback (most recent call last):
  File "/home/airflow/.local/lib/python3.10/site-packages/airflow/models/dagbag.py", line 383, in parse
    loader.exec_module(new_module)
  File "<frozen importlib._bootstrap_external>", line 883, in exec_module
  File "<frozen importlib._bootstrap>", line 241, in _call_with_frames_removed
  File "/opt/airflow/dags/weather_pipeline_dag.py", line 10, in <module>
    from utils.data_quality import validate_weather
  File "/opt/airflow/dags/utils/data_quality.py", line 1, in <module>
    import great_expectations as ge
ModuleNotFoundError: No module named 'great_expectations'
[2026-02-14T16:42:40.494+0000] {processor.py:927} WARNING - No viable dags retrieved from /opt/airflow/dags/weather_pipeline_dag.py
[2026-02-14T16:42:40.562+0000] {processor.py:208} INFO - Processing /opt/airflow/dags/weather_pipeline_dag.py took 1.667 seconds
[2026-02-14T16:43:11.155+0000] {processor.py:186} INFO - Started process (PID=773) to work on /opt/airflow/dags/weather_pipeline_dag.py
[2026-02-14T16:43:11.157+0000] {processor.py:914} INFO - Processing file /opt/airflow/dags/weather_pipeline_dag.py for tasks to queue
[2026-02-14T16:43:11.163+0000] {logging_mixin.py:190} INFO - [2026-02-14T16:43:11.162+0000] {dagbag.py:588} INFO - Filling up the DagBag from /opt/airflow/dags/weather_pipeline_dag.py
[2026-02-14T16:43:11.977+0000] {logging_mixin.py:190} INFO - [2026-02-14T16:43:11.961+0000] {dagbag.py:387} ERROR - Failed to import: /opt/airflow/dags/weather_pipeline_dag.py
Traceback (most recent call last):
  File "/home/airflow/.local/lib/python3.10/site-packages/airflow/models/dagbag.py", line 383, in parse
    loader.exec_module(new_module)
  File "<frozen importlib._bootstrap_external>", line 883, in exec_module
  File "<frozen importlib._bootstrap>", line 241, in _call_with_frames_removed
  File "/opt/airflow/dags/weather_pipeline_dag.py", line 10, in <module>
    from utils.data_quality import validate_weather
  File "/opt/airflow/dags/utils/data_quality.py", line 1, in <module>
    import great_expectations as ge
ModuleNotFoundError: No module named 'great_expectations'
[2026-02-14T16:43:11.981+0000] {processor.py:927} WARNING - No viable dags retrieved from /opt/airflow/dags/weather_pipeline_dag.py
[2026-02-14T16:43:12.029+0000] {processor.py:208} INFO - Processing /opt/airflow/dags/weather_pipeline_dag.py took 0.889 seconds
[2026-02-14T16:43:42.466+0000] {processor.py:186} INFO - Started process (PID=779) to work on /opt/airflow/dags/weather_pipeline_dag.py
[2026-02-14T16:43:42.468+0000] {processor.py:914} INFO - Processing file /opt/airflow/dags/weather_pipeline_dag.py for tasks to queue
[2026-02-14T16:43:42.472+0000] {logging_mixin.py:190} INFO - [2026-02-14T16:43:42.472+0000] {dagbag.py:588} INFO - Filling up the DagBag from /opt/airflow/dags/weather_pipeline_dag.py
[2026-02-14T16:43:43.221+0000] {logging_mixin.py:190} INFO - [2026-02-14T16:43:43.210+0000] {dagbag.py:387} ERROR - Failed to import: /opt/airflow/dags/weather_pipeline_dag.py
Traceback (most recent call last):
  File "/home/airflow/.local/lib/python3.10/site-packages/airflow/models/dagbag.py", line 383, in parse
    loader.exec_module(new_module)
  File "<frozen importlib._bootstrap_external>", line 883, in exec_module
  File "<frozen importlib._bootstrap>", line 241, in _call_with_frames_removed
  File "/opt/airflow/dags/weather_pipeline_dag.py", line 10, in <module>
    from utils.data_quality import validate_weather
  File "/opt/airflow/dags/utils/data_quality.py", line 1, in <module>
    import great_expectations as ge
ModuleNotFoundError: No module named 'great_expectations'
[2026-02-14T16:43:43.226+0000] {processor.py:927} WARNING - No viable dags retrieved from /opt/airflow/dags/weather_pipeline_dag.py
[2026-02-14T16:43:43.259+0000] {processor.py:208} INFO - Processing /opt/airflow/dags/weather_pipeline_dag.py took 0.804 seconds
[2026-02-14T16:44:13.690+0000] {processor.py:186} INFO - Started process (PID=785) to work on /opt/airflow/dags/weather_pipeline_dag.py
[2026-02-14T16:44:13.692+0000] {processor.py:914} INFO - Processing file /opt/airflow/dags/weather_pipeline_dag.py for tasks to queue
[2026-02-14T16:44:13.696+0000] {logging_mixin.py:190} INFO - [2026-02-14T16:44:13.696+0000] {dagbag.py:588} INFO - Filling up the DagBag from /opt/airflow/dags/weather_pipeline_dag.py
[2026-02-14T16:44:14.420+0000] {logging_mixin.py:190} INFO - [2026-02-14T16:44:14.404+0000] {dagbag.py:387} ERROR - Failed to import: /opt/airflow/dags/weather_pipeline_dag.py
Traceback (most recent call last):
  File "/home/airflow/.local/lib/python3.10/site-packages/airflow/models/dagbag.py", line 383, in parse
    loader.exec_module(new_module)
  File "<frozen importlib._bootstrap_external>", line 883, in exec_module
  File "<frozen importlib._bootstrap>", line 241, in _call_with_frames_removed
  File "/opt/airflow/dags/weather_pipeline_dag.py", line 10, in <module>
    from utils.data_quality import validate_weather
  File "/opt/airflow/dags/utils/data_quality.py", line 1, in <module>
    import great_expectations as ge
ModuleNotFoundError: No module named 'great_expectations'
[2026-02-14T16:44:14.426+0000] {processor.py:927} WARNING - No viable dags retrieved from /opt/airflow/dags/weather_pipeline_dag.py
[2026-02-14T16:44:14.467+0000] {processor.py:208} INFO - Processing /opt/airflow/dags/weather_pipeline_dag.py took 0.786 seconds
[2026-02-14T16:44:44.910+0000] {processor.py:186} INFO - Started process (PID=791) to work on /opt/airflow/dags/weather_pipeline_dag.py
[2026-02-14T16:44:44.912+0000] {processor.py:914} INFO - Processing file /opt/airflow/dags/weather_pipeline_dag.py for tasks to queue
[2026-02-14T16:44:44.915+0000] {logging_mixin.py:190} INFO - [2026-02-14T16:44:44.915+0000] {dagbag.py:588} INFO - Filling up the DagBag from /opt/airflow/dags/weather_pipeline_dag.py
[2026-02-14T16:44:45.585+0000] {logging_mixin.py:190} INFO - [2026-02-14T16:44:45.572+0000] {dagbag.py:387} ERROR - Failed to import: /opt/airflow/dags/weather_pipeline_dag.py
Traceback (most recent call last):
  File "/home/airflow/.local/lib/python3.10/site-packages/airflow/models/dagbag.py", line 383, in parse
    loader.exec_module(new_module)
  File "<frozen importlib._bootstrap_external>", line 883, in exec_module
  File "<frozen importlib._bootstrap>", line 241, in _call_with_frames_removed
  File "/opt/airflow/dags/weather_pipeline_dag.py", line 10, in <module>
    from utils.data_quality import validate_weather
  File "/opt/airflow/dags/utils/data_quality.py", line 1, in <module>
    import great_expectations as ge
ModuleNotFoundError: No module named 'great_expectations'
[2026-02-14T16:44:45.590+0000] {processor.py:927} WARNING - No viable dags retrieved from /opt/airflow/dags/weather_pipeline_dag.py
[2026-02-14T16:44:45.624+0000] {processor.py:208} INFO - Processing /opt/airflow/dags/weather_pipeline_dag.py took 0.724 seconds
[2026-02-14T16:45:16.021+0000] {processor.py:186} INFO - Started process (PID=797) to work on /opt/airflow/dags/weather_pipeline_dag.py
[2026-02-14T16:45:16.023+0000] {processor.py:914} INFO - Processing file /opt/airflow/dags/weather_pipeline_dag.py for tasks to queue
[2026-02-14T16:45:16.028+0000] {logging_mixin.py:190} INFO - [2026-02-14T16:45:16.027+0000] {dagbag.py:588} INFO - Filling up the DagBag from /opt/airflow/dags/weather_pipeline_dag.py
[2026-02-14T16:45:16.664+0000] {logging_mixin.py:190} INFO - [2026-02-14T16:45:16.652+0000] {dagbag.py:387} ERROR - Failed to import: /opt/airflow/dags/weather_pipeline_dag.py
Traceback (most recent call last):
  File "/home/airflow/.local/lib/python3.10/site-packages/airflow/models/dagbag.py", line 383, in parse
    loader.exec_module(new_module)
  File "<frozen importlib._bootstrap_external>", line 883, in exec_module
  File "<frozen importlib._bootstrap>", line 241, in _call_with_frames_removed
  File "/opt/airflow/dags/weather_pipeline_dag.py", line 10, in <module>
    from utils.data_quality import validate_weather
  File "/opt/airflow/dags/utils/data_quality.py", line 1, in <module>
    import great_expectations as ge
ModuleNotFoundError: No module named 'great_expectations'
[2026-02-14T16:45:16.668+0000] {processor.py:927} WARNING - No viable dags retrieved from /opt/airflow/dags/weather_pipeline_dag.py
[2026-02-14T16:45:16.703+0000] {processor.py:208} INFO - Processing /opt/airflow/dags/weather_pipeline_dag.py took 0.691 seconds
[2026-02-14T16:45:47.298+0000] {processor.py:186} INFO - Started process (PID=803) to work on /opt/airflow/dags/weather_pipeline_dag.py
[2026-02-14T16:45:47.300+0000] {processor.py:914} INFO - Processing file /opt/airflow/dags/weather_pipeline_dag.py for tasks to queue
[2026-02-14T16:45:47.305+0000] {logging_mixin.py:190} INFO - [2026-02-14T16:45:47.304+0000] {dagbag.py:588} INFO - Filling up the DagBag from /opt/airflow/dags/weather_pipeline_dag.py
[2026-02-14T16:45:47.977+0000] {logging_mixin.py:190} INFO - [2026-02-14T16:45:47.960+0000] {dagbag.py:387} ERROR - Failed to import: /opt/airflow/dags/weather_pipeline_dag.py
Traceback (most recent call last):
  File "/home/airflow/.local/lib/python3.10/site-packages/airflow/models/dagbag.py", line 383, in parse
    loader.exec_module(new_module)
  File "<frozen importlib._bootstrap_external>", line 883, in exec_module
  File "<frozen importlib._bootstrap>", line 241, in _call_with_frames_removed
  File "/opt/airflow/dags/weather_pipeline_dag.py", line 10, in <module>
    from utils.data_quality import validate_weather
  File "/opt/airflow/dags/utils/data_quality.py", line 1, in <module>
    import great_expectations as ge
ModuleNotFoundError: No module named 'great_expectations'
[2026-02-14T16:45:47.981+0000] {processor.py:927} WARNING - No viable dags retrieved from /opt/airflow/dags/weather_pipeline_dag.py
[2026-02-14T16:45:48.016+0000] {processor.py:208} INFO - Processing /opt/airflow/dags/weather_pipeline_dag.py took 0.728 seconds
[2026-02-14T16:46:18.425+0000] {processor.py:186} INFO - Started process (PID=809) to work on /opt/airflow/dags/weather_pipeline_dag.py
[2026-02-14T16:46:18.428+0000] {processor.py:914} INFO - Processing file /opt/airflow/dags/weather_pipeline_dag.py for tasks to queue
[2026-02-14T16:46:18.432+0000] {logging_mixin.py:190} INFO - [2026-02-14T16:46:18.432+0000] {dagbag.py:588} INFO - Filling up the DagBag from /opt/airflow/dags/weather_pipeline_dag.py
[2026-02-14T16:46:19.046+0000] {logging_mixin.py:190} INFO - [2026-02-14T16:46:19.033+0000] {dagbag.py:387} ERROR - Failed to import: /opt/airflow/dags/weather_pipeline_dag.py
Traceback (most recent call last):
  File "/home/airflow/.local/lib/python3.10/site-packages/airflow/models/dagbag.py", line 383, in parse
    loader.exec_module(new_module)
  File "<frozen importlib._bootstrap_external>", line 883, in exec_module
  File "<frozen importlib._bootstrap>", line 241, in _call_with_frames_removed
  File "/opt/airflow/dags/weather_pipeline_dag.py", line 10, in <module>
    from utils.data_quality import validate_weather
  File "/opt/airflow/dags/utils/data_quality.py", line 1, in <module>
    import great_expectations as ge
ModuleNotFoundError: No module named 'great_expectations'
[2026-02-14T16:46:19.050+0000] {processor.py:927} WARNING - No viable dags retrieved from /opt/airflow/dags/weather_pipeline_dag.py
[2026-02-14T16:46:19.087+0000] {processor.py:208} INFO - Processing /opt/airflow/dags/weather_pipeline_dag.py took 0.672 seconds
[2026-02-14T16:46:49.483+0000] {processor.py:186} INFO - Started process (PID=815) to work on /opt/airflow/dags/weather_pipeline_dag.py
[2026-02-14T16:46:49.486+0000] {processor.py:914} INFO - Processing file /opt/airflow/dags/weather_pipeline_dag.py for tasks to queue
[2026-02-14T16:46:49.492+0000] {logging_mixin.py:190} INFO - [2026-02-14T16:46:49.491+0000] {dagbag.py:588} INFO - Filling up the DagBag from /opt/airflow/dags/weather_pipeline_dag.py
[2026-02-14T16:46:50.476+0000] {logging_mixin.py:190} INFO - [2026-02-14T16:46:50.460+0000] {dagbag.py:387} ERROR - Failed to import: /opt/airflow/dags/weather_pipeline_dag.py
Traceback (most recent call last):
  File "/home/airflow/.local/lib/python3.10/site-packages/airflow/models/dagbag.py", line 383, in parse
    loader.exec_module(new_module)
  File "<frozen importlib._bootstrap_external>", line 883, in exec_module
  File "<frozen importlib._bootstrap>", line 241, in _call_with_frames_removed
  File "/opt/airflow/dags/weather_pipeline_dag.py", line 10, in <module>
    from utils.data_quality import validate_weather
  File "/opt/airflow/dags/utils/data_quality.py", line 1, in <module>
    import great_expectations as ge
ModuleNotFoundError: No module named 'great_expectations'
[2026-02-14T16:46:50.482+0000] {processor.py:927} WARNING - No viable dags retrieved from /opt/airflow/dags/weather_pipeline_dag.py
[2026-02-14T16:46:50.532+0000] {processor.py:208} INFO - Processing /opt/airflow/dags/weather_pipeline_dag.py took 1.059 seconds
[2026-02-14T16:47:20.825+0000] {processor.py:186} INFO - Started process (PID=821) to work on /opt/airflow/dags/weather_pipeline_dag.py
[2026-02-14T16:47:20.827+0000] {processor.py:914} INFO - Processing file /opt/airflow/dags/weather_pipeline_dag.py for tasks to queue
[2026-02-14T16:47:20.831+0000] {logging_mixin.py:190} INFO - [2026-02-14T16:47:20.830+0000] {dagbag.py:588} INFO - Filling up the DagBag from /opt/airflow/dags/weather_pipeline_dag.py
[2026-02-14T16:47:21.507+0000] {logging_mixin.py:190} INFO - [2026-02-14T16:47:21.491+0000] {dagbag.py:387} ERROR - Failed to import: /opt/airflow/dags/weather_pipeline_dag.py
Traceback (most recent call last):
  File "/home/airflow/.local/lib/python3.10/site-packages/airflow/models/dagbag.py", line 383, in parse
    loader.exec_module(new_module)
  File "<frozen importlib._bootstrap_external>", line 883, in exec_module
  File "<frozen importlib._bootstrap>", line 241, in _call_with_frames_removed
  File "/opt/airflow/dags/weather_pipeline_dag.py", line 10, in <module>
    from utils.data_quality import validate_weather
  File "/opt/airflow/dags/utils/data_quality.py", line 1, in <module>
    import great_expectations as ge
ModuleNotFoundError: No module named 'great_expectations'
[2026-02-14T16:47:21.511+0000] {processor.py:927} WARNING - No viable dags retrieved from /opt/airflow/dags/weather_pipeline_dag.py
[2026-02-14T16:47:21.547+0000] {processor.py:208} INFO - Processing /opt/airflow/dags/weather_pipeline_dag.py took 0.731 seconds
[2026-02-14T16:47:51.964+0000] {processor.py:186} INFO - Started process (PID=827) to work on /opt/airflow/dags/weather_pipeline_dag.py
[2026-02-14T16:47:51.966+0000] {processor.py:914} INFO - Processing file /opt/airflow/dags/weather_pipeline_dag.py for tasks to queue
[2026-02-14T16:47:51.970+0000] {logging_mixin.py:190} INFO - [2026-02-14T16:47:51.970+0000] {dagbag.py:588} INFO - Filling up the DagBag from /opt/airflow/dags/weather_pipeline_dag.py
[2026-02-14T16:47:52.634+0000] {logging_mixin.py:190} INFO - [2026-02-14T16:47:52.622+0000] {dagbag.py:387} ERROR - Failed to import: /opt/airflow/dags/weather_pipeline_dag.py
Traceback (most recent call last):
  File "/home/airflow/.local/lib/python3.10/site-packages/airflow/models/dagbag.py", line 383, in parse
    loader.exec_module(new_module)
  File "<frozen importlib._bootstrap_external>", line 883, in exec_module
  File "<frozen importlib._bootstrap>", line 241, in _call_with_frames_removed
  File "/opt/airflow/dags/weather_pipeline_dag.py", line 10, in <module>
    from utils.data_quality import validate_weather
  File "/opt/airflow/dags/utils/data_quality.py", line 1, in <module>
    import great_expectations as ge
ModuleNotFoundError: No module named 'great_expectations'
[2026-02-14T16:47:52.637+0000] {processor.py:927} WARNING - No viable dags retrieved from /opt/airflow/dags/weather_pipeline_dag.py
[2026-02-14T16:47:52.671+0000] {processor.py:208} INFO - Processing /opt/airflow/dags/weather_pipeline_dag.py took 0.719 seconds
[2026-02-14T16:48:23.062+0000] {processor.py:186} INFO - Started process (PID=833) to work on /opt/airflow/dags/weather_pipeline_dag.py
[2026-02-14T16:48:23.065+0000] {processor.py:914} INFO - Processing file /opt/airflow/dags/weather_pipeline_dag.py for tasks to queue
[2026-02-14T16:48:23.069+0000] {logging_mixin.py:190} INFO - [2026-02-14T16:48:23.069+0000] {dagbag.py:588} INFO - Filling up the DagBag from /opt/airflow/dags/weather_pipeline_dag.py
[2026-02-14T16:48:23.820+0000] {logging_mixin.py:190} INFO - [2026-02-14T16:48:23.805+0000] {dagbag.py:387} ERROR - Failed to import: /opt/airflow/dags/weather_pipeline_dag.py
Traceback (most recent call last):
  File "/home/airflow/.local/lib/python3.10/site-packages/airflow/models/dagbag.py", line 383, in parse
    loader.exec_module(new_module)
  File "<frozen importlib._bootstrap_external>", line 883, in exec_module
  File "<frozen importlib._bootstrap>", line 241, in _call_with_frames_removed
  File "/opt/airflow/dags/weather_pipeline_dag.py", line 10, in <module>
    from utils.data_quality import validate_weather
  File "/opt/airflow/dags/utils/data_quality.py", line 1, in <module>
    import great_expectations as ge
ModuleNotFoundError: No module named 'great_expectations'
[2026-02-14T16:48:23.825+0000] {processor.py:927} WARNING - No viable dags retrieved from /opt/airflow/dags/weather_pipeline_dag.py
[2026-02-14T16:48:23.860+0000] {processor.py:208} INFO - Processing /opt/airflow/dags/weather_pipeline_dag.py took 0.806 seconds
[2026-02-14T16:48:54.248+0000] {processor.py:186} INFO - Started process (PID=839) to work on /opt/airflow/dags/weather_pipeline_dag.py
[2026-02-14T16:48:54.249+0000] {processor.py:914} INFO - Processing file /opt/airflow/dags/weather_pipeline_dag.py for tasks to queue
[2026-02-14T16:48:54.253+0000] {logging_mixin.py:190} INFO - [2026-02-14T16:48:54.253+0000] {dagbag.py:588} INFO - Filling up the DagBag from /opt/airflow/dags/weather_pipeline_dag.py
[2026-02-14T16:48:54.871+0000] {logging_mixin.py:190} INFO - [2026-02-14T16:48:54.860+0000] {dagbag.py:387} ERROR - Failed to import: /opt/airflow/dags/weather_pipeline_dag.py
Traceback (most recent call last):
  File "/home/airflow/.local/lib/python3.10/site-packages/airflow/models/dagbag.py", line 383, in parse
    loader.exec_module(new_module)
  File "<frozen importlib._bootstrap_external>", line 883, in exec_module
  File "<frozen importlib._bootstrap>", line 241, in _call_with_frames_removed
  File "/opt/airflow/dags/weather_pipeline_dag.py", line 10, in <module>
    from utils.data_quality import validate_weather
  File "/opt/airflow/dags/utils/data_quality.py", line 1, in <module>
    import great_expectations as ge
ModuleNotFoundError: No module named 'great_expectations'
[2026-02-14T16:48:54.875+0000] {processor.py:927} WARNING - No viable dags retrieved from /opt/airflow/dags/weather_pipeline_dag.py
[2026-02-14T16:48:54.904+0000] {processor.py:208} INFO - Processing /opt/airflow/dags/weather_pipeline_dag.py took 0.666 seconds
[2026-02-14T16:49:25.103+0000] {processor.py:186} INFO - Started process (PID=845) to work on /opt/airflow/dags/weather_pipeline_dag.py
[2026-02-14T16:49:25.106+0000] {processor.py:914} INFO - Processing file /opt/airflow/dags/weather_pipeline_dag.py for tasks to queue
[2026-02-14T16:49:25.111+0000] {logging_mixin.py:190} INFO - [2026-02-14T16:49:25.110+0000] {dagbag.py:588} INFO - Filling up the DagBag from /opt/airflow/dags/weather_pipeline_dag.py
[2026-02-14T16:49:25.728+0000] {logging_mixin.py:190} INFO - [2026-02-14T16:49:25.716+0000] {dagbag.py:387} ERROR - Failed to import: /opt/airflow/dags/weather_pipeline_dag.py
Traceback (most recent call last):
  File "/home/airflow/.local/lib/python3.10/site-packages/airflow/models/dagbag.py", line 383, in parse
    loader.exec_module(new_module)
  File "<frozen importlib._bootstrap_external>", line 883, in exec_module
  File "<frozen importlib._bootstrap>", line 241, in _call_with_frames_removed
  File "/opt/airflow/dags/weather_pipeline_dag.py", line 10, in <module>
    from utils.data_quality import validate_weather
  File "/opt/airflow/dags/utils/data_quality.py", line 1, in <module>
    import great_expectations as ge
ModuleNotFoundError: No module named 'great_expectations'
[2026-02-14T16:49:25.732+0000] {processor.py:927} WARNING - No viable dags retrieved from /opt/airflow/dags/weather_pipeline_dag.py
[2026-02-14T16:49:25.765+0000] {processor.py:208} INFO - Processing /opt/airflow/dags/weather_pipeline_dag.py took 0.671 seconds
[2026-02-14T16:49:56.182+0000] {processor.py:186} INFO - Started process (PID=851) to work on /opt/airflow/dags/weather_pipeline_dag.py
[2026-02-14T16:49:56.184+0000] {processor.py:914} INFO - Processing file /opt/airflow/dags/weather_pipeline_dag.py for tasks to queue
[2026-02-14T16:49:56.188+0000] {logging_mixin.py:190} INFO - [2026-02-14T16:49:56.187+0000] {dagbag.py:588} INFO - Filling up the DagBag from /opt/airflow/dags/weather_pipeline_dag.py
[2026-02-14T16:49:56.856+0000] {logging_mixin.py:190} INFO - [2026-02-14T16:49:56.841+0000] {dagbag.py:387} ERROR - Failed to import: /opt/airflow/dags/weather_pipeline_dag.py
Traceback (most recent call last):
  File "/home/airflow/.local/lib/python3.10/site-packages/airflow/models/dagbag.py", line 383, in parse
    loader.exec_module(new_module)
  File "<frozen importlib._bootstrap_external>", line 883, in exec_module
  File "<frozen importlib._bootstrap>", line 241, in _call_with_frames_removed
  File "/opt/airflow/dags/weather_pipeline_dag.py", line 10, in <module>
    from utils.data_quality import validate_weather
  File "/opt/airflow/dags/utils/data_quality.py", line 1, in <module>
    import great_expectations as ge
ModuleNotFoundError: No module named 'great_expectations'
[2026-02-14T16:49:56.861+0000] {processor.py:927} WARNING - No viable dags retrieved from /opt/airflow/dags/weather_pipeline_dag.py
[2026-02-14T16:49:56.893+0000] {processor.py:208} INFO - Processing /opt/airflow/dags/weather_pipeline_dag.py took 0.726 seconds
[2026-02-14T16:50:27.285+0000] {processor.py:186} INFO - Started process (PID=857) to work on /opt/airflow/dags/weather_pipeline_dag.py
[2026-02-14T16:50:27.287+0000] {processor.py:914} INFO - Processing file /opt/airflow/dags/weather_pipeline_dag.py for tasks to queue
[2026-02-14T16:50:27.291+0000] {logging_mixin.py:190} INFO - [2026-02-14T16:50:27.290+0000] {dagbag.py:588} INFO - Filling up the DagBag from /opt/airflow/dags/weather_pipeline_dag.py
[2026-02-14T16:50:28.007+0000] {logging_mixin.py:190} INFO - [2026-02-14T16:50:27.991+0000] {dagbag.py:387} ERROR - Failed to import: /opt/airflow/dags/weather_pipeline_dag.py
Traceback (most recent call last):
  File "/home/airflow/.local/lib/python3.10/site-packages/airflow/models/dagbag.py", line 383, in parse
    loader.exec_module(new_module)
  File "<frozen importlib._bootstrap_external>", line 883, in exec_module
  File "<frozen importlib._bootstrap>", line 241, in _call_with_frames_removed
  File "/opt/airflow/dags/weather_pipeline_dag.py", line 10, in <module>
    from utils.data_quality import validate_weather
  File "/opt/airflow/dags/utils/data_quality.py", line 1, in <module>
    import great_expectations as ge
ModuleNotFoundError: No module named 'great_expectations'
[2026-02-14T16:50:28.012+0000] {processor.py:927} WARNING - No viable dags retrieved from /opt/airflow/dags/weather_pipeline_dag.py
[2026-02-14T16:50:28.049+0000] {processor.py:208} INFO - Processing /opt/airflow/dags/weather_pipeline_dag.py took 0.774 seconds
[2026-02-14T16:50:58.531+0000] {processor.py:186} INFO - Started process (PID=863) to work on /opt/airflow/dags/weather_pipeline_dag.py
[2026-02-14T16:50:58.533+0000] {processor.py:914} INFO - Processing file /opt/airflow/dags/weather_pipeline_dag.py for tasks to queue
[2026-02-14T16:50:58.538+0000] {logging_mixin.py:190} INFO - [2026-02-14T16:50:58.537+0000] {dagbag.py:588} INFO - Filling up the DagBag from /opt/airflow/dags/weather_pipeline_dag.py
[2026-02-14T16:50:59.154+0000] {logging_mixin.py:190} INFO - [2026-02-14T16:50:59.141+0000] {dagbag.py:387} ERROR - Failed to import: /opt/airflow/dags/weather_pipeline_dag.py
Traceback (most recent call last):
  File "/home/airflow/.local/lib/python3.10/site-packages/airflow/models/dagbag.py", line 383, in parse
    loader.exec_module(new_module)
  File "<frozen importlib._bootstrap_external>", line 883, in exec_module
  File "<frozen importlib._bootstrap>", line 241, in _call_with_frames_removed
  File "/opt/airflow/dags/weather_pipeline_dag.py", line 10, in <module>
    from utils.data_quality import validate_weather
  File "/opt/airflow/dags/utils/data_quality.py", line 1, in <module>
    import great_expectations as ge
ModuleNotFoundError: No module named 'great_expectations'
[2026-02-14T16:50:59.158+0000] {processor.py:927} WARNING - No viable dags retrieved from /opt/airflow/dags/weather_pipeline_dag.py
[2026-02-14T16:50:59.189+0000] {processor.py:208} INFO - Processing /opt/airflow/dags/weather_pipeline_dag.py took 0.665 seconds
[2026-02-14T16:51:29.581+0000] {processor.py:186} INFO - Started process (PID=869) to work on /opt/airflow/dags/weather_pipeline_dag.py
[2026-02-14T16:51:29.583+0000] {processor.py:914} INFO - Processing file /opt/airflow/dags/weather_pipeline_dag.py for tasks to queue
[2026-02-14T16:51:29.587+0000] {logging_mixin.py:190} INFO - [2026-02-14T16:51:29.587+0000] {dagbag.py:588} INFO - Filling up the DagBag from /opt/airflow/dags/weather_pipeline_dag.py
[2026-02-14T16:51:30.225+0000] {logging_mixin.py:190} INFO - [2026-02-14T16:51:30.211+0000] {dagbag.py:387} ERROR - Failed to import: /opt/airflow/dags/weather_pipeline_dag.py
Traceback (most recent call last):
  File "/home/airflow/.local/lib/python3.10/site-packages/airflow/models/dagbag.py", line 383, in parse
    loader.exec_module(new_module)
  File "<frozen importlib._bootstrap_external>", line 883, in exec_module
  File "<frozen importlib._bootstrap>", line 241, in _call_with_frames_removed
  File "/opt/airflow/dags/weather_pipeline_dag.py", line 10, in <module>
    from utils.data_quality import validate_weather
  File "/opt/airflow/dags/utils/data_quality.py", line 1, in <module>
    import great_expectations as ge
ModuleNotFoundError: No module named 'great_expectations'
[2026-02-14T16:51:30.230+0000] {processor.py:927} WARNING - No viable dags retrieved from /opt/airflow/dags/weather_pipeline_dag.py
[2026-02-14T16:51:30.261+0000] {processor.py:208} INFO - Processing /opt/airflow/dags/weather_pipeline_dag.py took 0.688 seconds
[2026-02-14T16:52:00.652+0000] {processor.py:186} INFO - Started process (PID=875) to work on /opt/airflow/dags/weather_pipeline_dag.py
[2026-02-14T16:52:00.654+0000] {processor.py:914} INFO - Processing file /opt/airflow/dags/weather_pipeline_dag.py for tasks to queue
[2026-02-14T16:52:00.657+0000] {logging_mixin.py:190} INFO - [2026-02-14T16:52:00.657+0000] {dagbag.py:588} INFO - Filling up the DagBag from /opt/airflow/dags/weather_pipeline_dag.py
[2026-02-14T16:52:01.253+0000] {logging_mixin.py:190} INFO - [2026-02-14T16:52:01.242+0000] {dagbag.py:387} ERROR - Failed to import: /opt/airflow/dags/weather_pipeline_dag.py
Traceback (most recent call last):
  File "/home/airflow/.local/lib/python3.10/site-packages/airflow/models/dagbag.py", line 383, in parse
    loader.exec_module(new_module)
  File "<frozen importlib._bootstrap_external>", line 883, in exec_module
  File "<frozen importlib._bootstrap>", line 241, in _call_with_frames_removed
  File "/opt/airflow/dags/weather_pipeline_dag.py", line 10, in <module>
    from utils.data_quality import validate_weather
  File "/opt/airflow/dags/utils/data_quality.py", line 1, in <module>
    import great_expectations as ge
ModuleNotFoundError: No module named 'great_expectations'
[2026-02-14T16:52:01.258+0000] {processor.py:927} WARNING - No viable dags retrieved from /opt/airflow/dags/weather_pipeline_dag.py
[2026-02-14T16:52:01.292+0000] {processor.py:208} INFO - Processing /opt/airflow/dags/weather_pipeline_dag.py took 0.649 seconds
[2026-02-14T16:52:31.468+0000] {processor.py:186} INFO - Started process (PID=881) to work on /opt/airflow/dags/weather_pipeline_dag.py
[2026-02-14T16:52:31.471+0000] {processor.py:914} INFO - Processing file /opt/airflow/dags/weather_pipeline_dag.py for tasks to queue
[2026-02-14T16:52:31.476+0000] {logging_mixin.py:190} INFO - [2026-02-14T16:52:31.475+0000] {dagbag.py:588} INFO - Filling up the DagBag from /opt/airflow/dags/weather_pipeline_dag.py
[2026-02-14T16:52:32.136+0000] {logging_mixin.py:190} INFO - [2026-02-14T16:52:32.123+0000] {dagbag.py:387} ERROR - Failed to import: /opt/airflow/dags/weather_pipeline_dag.py
Traceback (most recent call last):
  File "/home/airflow/.local/lib/python3.10/site-packages/airflow/models/dagbag.py", line 383, in parse
    loader.exec_module(new_module)
  File "<frozen importlib._bootstrap_external>", line 883, in exec_module
  File "<frozen importlib._bootstrap>", line 241, in _call_with_frames_removed
  File "/opt/airflow/dags/weather_pipeline_dag.py", line 10, in <module>
    from utils.data_quality import validate_weather
  File "/opt/airflow/dags/utils/data_quality.py", line 1, in <module>
    import great_expectations as ge
ModuleNotFoundError: No module named 'great_expectations'
[2026-02-14T16:52:32.140+0000] {processor.py:927} WARNING - No viable dags retrieved from /opt/airflow/dags/weather_pipeline_dag.py
[2026-02-14T16:52:32.181+0000] {processor.py:208} INFO - Processing /opt/airflow/dags/weather_pipeline_dag.py took 0.721 seconds
[2026-02-14T16:53:02.608+0000] {processor.py:186} INFO - Started process (PID=887) to work on /opt/airflow/dags/weather_pipeline_dag.py
[2026-02-14T16:53:02.610+0000] {processor.py:914} INFO - Processing file /opt/airflow/dags/weather_pipeline_dag.py for tasks to queue
[2026-02-14T16:53:02.614+0000] {logging_mixin.py:190} INFO - [2026-02-14T16:53:02.614+0000] {dagbag.py:588} INFO - Filling up the DagBag from /opt/airflow/dags/weather_pipeline_dag.py
[2026-02-14T16:53:03.276+0000] {logging_mixin.py:190} INFO - [2026-02-14T16:53:03.265+0000] {dagbag.py:387} ERROR - Failed to import: /opt/airflow/dags/weather_pipeline_dag.py
Traceback (most recent call last):
  File "/home/airflow/.local/lib/python3.10/site-packages/airflow/models/dagbag.py", line 383, in parse
    loader.exec_module(new_module)
  File "<frozen importlib._bootstrap_external>", line 883, in exec_module
  File "<frozen importlib._bootstrap>", line 241, in _call_with_frames_removed
  File "/opt/airflow/dags/weather_pipeline_dag.py", line 10, in <module>
    from utils.data_quality import validate_weather
  File "/opt/airflow/dags/utils/data_quality.py", line 1, in <module>
    import great_expectations as ge
ModuleNotFoundError: No module named 'great_expectations'
[2026-02-14T16:53:03.280+0000] {processor.py:927} WARNING - No viable dags retrieved from /opt/airflow/dags/weather_pipeline_dag.py
[2026-02-14T16:53:03.313+0000] {processor.py:208} INFO - Processing /opt/airflow/dags/weather_pipeline_dag.py took 0.715 seconds
[2026-02-14T16:53:33.688+0000] {processor.py:186} INFO - Started process (PID=893) to work on /opt/airflow/dags/weather_pipeline_dag.py
[2026-02-14T16:53:33.690+0000] {processor.py:914} INFO - Processing file /opt/airflow/dags/weather_pipeline_dag.py for tasks to queue
[2026-02-14T16:53:33.695+0000] {logging_mixin.py:190} INFO - [2026-02-14T16:53:33.695+0000] {dagbag.py:588} INFO - Filling up the DagBag from /opt/airflow/dags/weather_pipeline_dag.py
[2026-02-14T16:53:34.281+0000] {logging_mixin.py:190} INFO - [2026-02-14T16:53:34.270+0000] {dagbag.py:387} ERROR - Failed to import: /opt/airflow/dags/weather_pipeline_dag.py
Traceback (most recent call last):
  File "/home/airflow/.local/lib/python3.10/site-packages/airflow/models/dagbag.py", line 383, in parse
    loader.exec_module(new_module)
  File "<frozen importlib._bootstrap_external>", line 883, in exec_module
  File "<frozen importlib._bootstrap>", line 241, in _call_with_frames_removed
  File "/opt/airflow/dags/weather_pipeline_dag.py", line 10, in <module>
    from utils.data_quality import validate_weather
  File "/opt/airflow/dags/utils/data_quality.py", line 1, in <module>
    import great_expectations as ge
ModuleNotFoundError: No module named 'great_expectations'
[2026-02-14T16:53:34.285+0000] {processor.py:927} WARNING - No viable dags retrieved from /opt/airflow/dags/weather_pipeline_dag.py
[2026-02-14T16:53:34.315+0000] {processor.py:208} INFO - Processing /opt/airflow/dags/weather_pipeline_dag.py took 0.635 seconds
[2026-02-14T16:54:04.627+0000] {processor.py:186} INFO - Started process (PID=899) to work on /opt/airflow/dags/weather_pipeline_dag.py
[2026-02-14T16:54:04.629+0000] {processor.py:914} INFO - Processing file /opt/airflow/dags/weather_pipeline_dag.py for tasks to queue
[2026-02-14T16:54:04.633+0000] {logging_mixin.py:190} INFO - [2026-02-14T16:54:04.633+0000] {dagbag.py:588} INFO - Filling up the DagBag from /opt/airflow/dags/weather_pipeline_dag.py
[2026-02-14T16:54:05.259+0000] {logging_mixin.py:190} INFO - [2026-02-14T16:54:05.246+0000] {dagbag.py:387} ERROR - Failed to import: /opt/airflow/dags/weather_pipeline_dag.py
Traceback (most recent call last):
  File "/home/airflow/.local/lib/python3.10/site-packages/airflow/models/dagbag.py", line 383, in parse
    loader.exec_module(new_module)
  File "<frozen importlib._bootstrap_external>", line 883, in exec_module
  File "<frozen importlib._bootstrap>", line 241, in _call_with_frames_removed
  File "/opt/airflow/dags/weather_pipeline_dag.py", line 10, in <module>
    from utils.data_quality import validate_weather
  File "/opt/airflow/dags/utils/data_quality.py", line 1, in <module>
    import great_expectations as ge
ModuleNotFoundError: No module named 'great_expectations'
[2026-02-14T16:54:05.264+0000] {processor.py:927} WARNING - No viable dags retrieved from /opt/airflow/dags/weather_pipeline_dag.py
[2026-02-14T16:54:05.292+0000] {processor.py:208} INFO - Processing /opt/airflow/dags/weather_pipeline_dag.py took 0.673 seconds
[2026-02-14T16:54:35.694+0000] {processor.py:186} INFO - Started process (PID=905) to work on /opt/airflow/dags/weather_pipeline_dag.py
[2026-02-14T16:54:35.696+0000] {processor.py:914} INFO - Processing file /opt/airflow/dags/weather_pipeline_dag.py for tasks to queue
[2026-02-14T16:54:35.700+0000] {logging_mixin.py:190} INFO - [2026-02-14T16:54:35.699+0000] {dagbag.py:588} INFO - Filling up the DagBag from /opt/airflow/dags/weather_pipeline_dag.py
[2026-02-14T16:54:36.357+0000] {logging_mixin.py:190} INFO - [2026-02-14T16:54:36.344+0000] {dagbag.py:387} ERROR - Failed to import: /opt/airflow/dags/weather_pipeline_dag.py
Traceback (most recent call last):
  File "/home/airflow/.local/lib/python3.10/site-packages/airflow/models/dagbag.py", line 383, in parse
    loader.exec_module(new_module)
  File "<frozen importlib._bootstrap_external>", line 883, in exec_module
  File "<frozen importlib._bootstrap>", line 241, in _call_with_frames_removed
  File "/opt/airflow/dags/weather_pipeline_dag.py", line 10, in <module>
    from utils.data_quality import validate_weather
  File "/opt/airflow/dags/utils/data_quality.py", line 1, in <module>
    import great_expectations as ge
ModuleNotFoundError: No module named 'great_expectations'
[2026-02-14T16:54:36.361+0000] {processor.py:927} WARNING - No viable dags retrieved from /opt/airflow/dags/weather_pipeline_dag.py
[2026-02-14T16:54:36.394+0000] {processor.py:208} INFO - Processing /opt/airflow/dags/weather_pipeline_dag.py took 0.709 seconds
[2026-02-14T16:55:06.795+0000] {processor.py:186} INFO - Started process (PID=911) to work on /opt/airflow/dags/weather_pipeline_dag.py
[2026-02-14T16:55:06.797+0000] {processor.py:914} INFO - Processing file /opt/airflow/dags/weather_pipeline_dag.py for tasks to queue
[2026-02-14T16:55:06.801+0000] {logging_mixin.py:190} INFO - [2026-02-14T16:55:06.801+0000] {dagbag.py:588} INFO - Filling up the DagBag from /opt/airflow/dags/weather_pipeline_dag.py
[2026-02-14T16:55:07.394+0000] {logging_mixin.py:190} INFO - [2026-02-14T16:55:07.381+0000] {dagbag.py:387} ERROR - Failed to import: /opt/airflow/dags/weather_pipeline_dag.py
Traceback (most recent call last):
  File "/home/airflow/.local/lib/python3.10/site-packages/airflow/models/dagbag.py", line 383, in parse
    loader.exec_module(new_module)
  File "<frozen importlib._bootstrap_external>", line 883, in exec_module
  File "<frozen importlib._bootstrap>", line 241, in _call_with_frames_removed
  File "/opt/airflow/dags/weather_pipeline_dag.py", line 10, in <module>
    from utils.data_quality import validate_weather
  File "/opt/airflow/dags/utils/data_quality.py", line 1, in <module>
    import great_expectations as ge
ModuleNotFoundError: No module named 'great_expectations'
[2026-02-14T16:55:07.398+0000] {processor.py:927} WARNING - No viable dags retrieved from /opt/airflow/dags/weather_pipeline_dag.py
[2026-02-14T16:55:07.430+0000] {processor.py:208} INFO - Processing /opt/airflow/dags/weather_pipeline_dag.py took 0.643 seconds
[2026-02-14T16:55:37.875+0000] {processor.py:186} INFO - Started process (PID=917) to work on /opt/airflow/dags/weather_pipeline_dag.py
[2026-02-14T16:55:37.877+0000] {processor.py:914} INFO - Processing file /opt/airflow/dags/weather_pipeline_dag.py for tasks to queue
[2026-02-14T16:55:37.882+0000] {logging_mixin.py:190} INFO - [2026-02-14T16:55:37.881+0000] {dagbag.py:588} INFO - Filling up the DagBag from /opt/airflow/dags/weather_pipeline_dag.py
[2026-02-14T16:55:38.550+0000] {logging_mixin.py:190} INFO - [2026-02-14T16:55:38.538+0000] {dagbag.py:387} ERROR - Failed to import: /opt/airflow/dags/weather_pipeline_dag.py
Traceback (most recent call last):
  File "/home/airflow/.local/lib/python3.10/site-packages/airflow/models/dagbag.py", line 383, in parse
    loader.exec_module(new_module)
  File "<frozen importlib._bootstrap_external>", line 883, in exec_module
  File "<frozen importlib._bootstrap>", line 241, in _call_with_frames_removed
  File "/opt/airflow/dags/weather_pipeline_dag.py", line 10, in <module>
    from utils.data_quality import validate_weather
  File "/opt/airflow/dags/utils/data_quality.py", line 1, in <module>
    import great_expectations as ge
ModuleNotFoundError: No module named 'great_expectations'
[2026-02-14T16:55:38.555+0000] {processor.py:927} WARNING - No viable dags retrieved from /opt/airflow/dags/weather_pipeline_dag.py
[2026-02-14T16:55:38.586+0000] {processor.py:208} INFO - Processing /opt/airflow/dags/weather_pipeline_dag.py took 0.720 seconds
[2026-02-14T16:56:09.018+0000] {processor.py:186} INFO - Started process (PID=923) to work on /opt/airflow/dags/weather_pipeline_dag.py
[2026-02-14T16:56:09.020+0000] {processor.py:914} INFO - Processing file /opt/airflow/dags/weather_pipeline_dag.py for tasks to queue
[2026-02-14T16:56:09.025+0000] {logging_mixin.py:190} INFO - [2026-02-14T16:56:09.025+0000] {dagbag.py:588} INFO - Filling up the DagBag from /opt/airflow/dags/weather_pipeline_dag.py
[2026-02-14T16:56:09.654+0000] {logging_mixin.py:190} INFO - [2026-02-14T16:56:09.642+0000] {dagbag.py:387} ERROR - Failed to import: /opt/airflow/dags/weather_pipeline_dag.py
Traceback (most recent call last):
  File "/home/airflow/.local/lib/python3.10/site-packages/airflow/models/dagbag.py", line 383, in parse
    loader.exec_module(new_module)
  File "<frozen importlib._bootstrap_external>", line 883, in exec_module
  File "<frozen importlib._bootstrap>", line 241, in _call_with_frames_removed
  File "/opt/airflow/dags/weather_pipeline_dag.py", line 10, in <module>
    from utils.data_quality import validate_weather
  File "/opt/airflow/dags/utils/data_quality.py", line 1, in <module>
    import great_expectations as ge
ModuleNotFoundError: No module named 'great_expectations'
[2026-02-14T16:56:09.659+0000] {processor.py:927} WARNING - No viable dags retrieved from /opt/airflow/dags/weather_pipeline_dag.py
[2026-02-14T16:56:09.689+0000] {processor.py:208} INFO - Processing /opt/airflow/dags/weather_pipeline_dag.py took 0.679 seconds
[2026-02-14T16:56:40.075+0000] {processor.py:186} INFO - Started process (PID=929) to work on /opt/airflow/dags/weather_pipeline_dag.py
[2026-02-14T16:56:40.078+0000] {processor.py:914} INFO - Processing file /opt/airflow/dags/weather_pipeline_dag.py for tasks to queue
[2026-02-14T16:56:40.082+0000] {logging_mixin.py:190} INFO - [2026-02-14T16:56:40.081+0000] {dagbag.py:588} INFO - Filling up the DagBag from /opt/airflow/dags/weather_pipeline_dag.py
[2026-02-14T16:56:40.726+0000] {logging_mixin.py:190} INFO - [2026-02-14T16:56:40.714+0000] {dagbag.py:387} ERROR - Failed to import: /opt/airflow/dags/weather_pipeline_dag.py
Traceback (most recent call last):
  File "/home/airflow/.local/lib/python3.10/site-packages/airflow/models/dagbag.py", line 383, in parse
    loader.exec_module(new_module)
  File "<frozen importlib._bootstrap_external>", line 883, in exec_module
  File "<frozen importlib._bootstrap>", line 241, in _call_with_frames_removed
  File "/opt/airflow/dags/weather_pipeline_dag.py", line 10, in <module>
    from utils.data_quality import validate_weather
  File "/opt/airflow/dags/utils/data_quality.py", line 1, in <module>
    import great_expectations as ge
ModuleNotFoundError: No module named 'great_expectations'
[2026-02-14T16:56:40.729+0000] {processor.py:927} WARNING - No viable dags retrieved from /opt/airflow/dags/weather_pipeline_dag.py
[2026-02-14T16:56:40.761+0000] {processor.py:208} INFO - Processing /opt/airflow/dags/weather_pipeline_dag.py took 0.695 seconds
[2026-02-14T16:57:11.147+0000] {processor.py:186} INFO - Started process (PID=935) to work on /opt/airflow/dags/weather_pipeline_dag.py
[2026-02-14T16:57:11.149+0000] {processor.py:914} INFO - Processing file /opt/airflow/dags/weather_pipeline_dag.py for tasks to queue
[2026-02-14T16:57:11.152+0000] {logging_mixin.py:190} INFO - [2026-02-14T16:57:11.152+0000] {dagbag.py:588} INFO - Filling up the DagBag from /opt/airflow/dags/weather_pipeline_dag.py
[2026-02-14T16:57:11.745+0000] {logging_mixin.py:190} INFO - [2026-02-14T16:57:11.731+0000] {dagbag.py:387} ERROR - Failed to import: /opt/airflow/dags/weather_pipeline_dag.py
Traceback (most recent call last):
  File "/home/airflow/.local/lib/python3.10/site-packages/airflow/models/dagbag.py", line 383, in parse
    loader.exec_module(new_module)
  File "<frozen importlib._bootstrap_external>", line 883, in exec_module
  File "<frozen importlib._bootstrap>", line 241, in _call_with_frames_removed
  File "/opt/airflow/dags/weather_pipeline_dag.py", line 10, in <module>
    from utils.data_quality import validate_weather
  File "/opt/airflow/dags/utils/data_quality.py", line 1, in <module>
    import great_expectations as ge
ModuleNotFoundError: No module named 'great_expectations'
[2026-02-14T16:57:11.750+0000] {processor.py:927} WARNING - No viable dags retrieved from /opt/airflow/dags/weather_pipeline_dag.py
[2026-02-14T16:57:11.890+0000] {processor.py:208} INFO - Processing /opt/airflow/dags/weather_pipeline_dag.py took 0.751 seconds
[2026-02-14T16:57:42.110+0000] {processor.py:186} INFO - Started process (PID=941) to work on /opt/airflow/dags/weather_pipeline_dag.py
[2026-02-14T16:57:42.112+0000] {processor.py:914} INFO - Processing file /opt/airflow/dags/weather_pipeline_dag.py for tasks to queue
[2026-02-14T16:57:42.119+0000] {logging_mixin.py:190} INFO - [2026-02-14T16:57:42.118+0000] {dagbag.py:588} INFO - Filling up the DagBag from /opt/airflow/dags/weather_pipeline_dag.py
[2026-02-14T16:57:42.801+0000] {logging_mixin.py:190} INFO - [2026-02-14T16:57:42.789+0000] {dagbag.py:387} ERROR - Failed to import: /opt/airflow/dags/weather_pipeline_dag.py
Traceback (most recent call last):
  File "/home/airflow/.local/lib/python3.10/site-packages/airflow/models/dagbag.py", line 383, in parse
    loader.exec_module(new_module)
  File "<frozen importlib._bootstrap_external>", line 883, in exec_module
  File "<frozen importlib._bootstrap>", line 241, in _call_with_frames_removed
  File "/opt/airflow/dags/weather_pipeline_dag.py", line 10, in <module>
    from utils.data_quality import validate_weather
  File "/opt/airflow/dags/utils/data_quality.py", line 1, in <module>
    import great_expectations as ge
ModuleNotFoundError: No module named 'great_expectations'
[2026-02-14T16:57:42.806+0000] {processor.py:927} WARNING - No viable dags retrieved from /opt/airflow/dags/weather_pipeline_dag.py
[2026-02-14T16:57:42.844+0000] {processor.py:208} INFO - Processing /opt/airflow/dags/weather_pipeline_dag.py took 0.755 seconds
[2026-02-14T16:58:13.258+0000] {processor.py:186} INFO - Started process (PID=947) to work on /opt/airflow/dags/weather_pipeline_dag.py
[2026-02-14T16:58:13.260+0000] {processor.py:914} INFO - Processing file /opt/airflow/dags/weather_pipeline_dag.py for tasks to queue
[2026-02-14T16:58:13.264+0000] {logging_mixin.py:190} INFO - [2026-02-14T16:58:13.264+0000] {dagbag.py:588} INFO - Filling up the DagBag from /opt/airflow/dags/weather_pipeline_dag.py
[2026-02-14T16:58:13.876+0000] {logging_mixin.py:190} INFO - [2026-02-14T16:58:13.864+0000] {dagbag.py:387} ERROR - Failed to import: /opt/airflow/dags/weather_pipeline_dag.py
Traceback (most recent call last):
  File "/home/airflow/.local/lib/python3.10/site-packages/airflow/models/dagbag.py", line 383, in parse
    loader.exec_module(new_module)
  File "<frozen importlib._bootstrap_external>", line 883, in exec_module
  File "<frozen importlib._bootstrap>", line 241, in _call_with_frames_removed
  File "/opt/airflow/dags/weather_pipeline_dag.py", line 10, in <module>
    from utils.data_quality import validate_weather
  File "/opt/airflow/dags/utils/data_quality.py", line 1, in <module>
    import great_expectations as ge
ModuleNotFoundError: No module named 'great_expectations'
[2026-02-14T16:58:13.880+0000] {processor.py:927} WARNING - No viable dags retrieved from /opt/airflow/dags/weather_pipeline_dag.py
[2026-02-14T16:58:13.914+0000] {processor.py:208} INFO - Processing /opt/airflow/dags/weather_pipeline_dag.py took 0.667 seconds
[2026-02-14T16:58:44.313+0000] {processor.py:186} INFO - Started process (PID=953) to work on /opt/airflow/dags/weather_pipeline_dag.py
[2026-02-14T16:58:44.316+0000] {processor.py:914} INFO - Processing file /opt/airflow/dags/weather_pipeline_dag.py for tasks to queue
[2026-02-14T16:58:44.319+0000] {logging_mixin.py:190} INFO - [2026-02-14T16:58:44.319+0000] {dagbag.py:588} INFO - Filling up the DagBag from /opt/airflow/dags/weather_pipeline_dag.py
[2026-02-14T16:58:44.957+0000] {logging_mixin.py:190} INFO - [2026-02-14T16:58:44.943+0000] {dagbag.py:387} ERROR - Failed to import: /opt/airflow/dags/weather_pipeline_dag.py
Traceback (most recent call last):
  File "/home/airflow/.local/lib/python3.10/site-packages/airflow/models/dagbag.py", line 383, in parse
    loader.exec_module(new_module)
  File "<frozen importlib._bootstrap_external>", line 883, in exec_module
  File "<frozen importlib._bootstrap>", line 241, in _call_with_frames_removed
  File "/opt/airflow/dags/weather_pipeline_dag.py", line 10, in <module>
    from utils.data_quality import validate_weather
  File "/opt/airflow/dags/utils/data_quality.py", line 1, in <module>
    import great_expectations as ge
ModuleNotFoundError: No module named 'great_expectations'
[2026-02-14T16:58:44.964+0000] {processor.py:927} WARNING - No viable dags retrieved from /opt/airflow/dags/weather_pipeline_dag.py
[2026-02-14T16:58:45.000+0000] {processor.py:208} INFO - Processing /opt/airflow/dags/weather_pipeline_dag.py took 0.694 seconds
[2026-02-14T16:59:15.190+0000] {processor.py:186} INFO - Started process (PID=959) to work on /opt/airflow/dags/weather_pipeline_dag.py
[2026-02-14T16:59:15.192+0000] {processor.py:914} INFO - Processing file /opt/airflow/dags/weather_pipeline_dag.py for tasks to queue
[2026-02-14T16:59:15.196+0000] {logging_mixin.py:190} INFO - [2026-02-14T16:59:15.196+0000] {dagbag.py:588} INFO - Filling up the DagBag from /opt/airflow/dags/weather_pipeline_dag.py
[2026-02-14T16:59:15.785+0000] {logging_mixin.py:190} INFO - [2026-02-14T16:59:15.774+0000] {dagbag.py:387} ERROR - Failed to import: /opt/airflow/dags/weather_pipeline_dag.py
Traceback (most recent call last):
  File "/home/airflow/.local/lib/python3.10/site-packages/airflow/models/dagbag.py", line 383, in parse
    loader.exec_module(new_module)
  File "<frozen importlib._bootstrap_external>", line 883, in exec_module
  File "<frozen importlib._bootstrap>", line 241, in _call_with_frames_removed
  File "/opt/airflow/dags/weather_pipeline_dag.py", line 10, in <module>
    from utils.data_quality import validate_weather
  File "/opt/airflow/dags/utils/data_quality.py", line 1, in <module>
    import great_expectations as ge
ModuleNotFoundError: No module named 'great_expectations'
[2026-02-14T16:59:15.790+0000] {processor.py:927} WARNING - No viable dags retrieved from /opt/airflow/dags/weather_pipeline_dag.py
[2026-02-14T16:59:15.821+0000] {processor.py:208} INFO - Processing /opt/airflow/dags/weather_pipeline_dag.py took 0.640 seconds
[2026-02-14T16:59:46.202+0000] {processor.py:186} INFO - Started process (PID=965) to work on /opt/airflow/dags/weather_pipeline_dag.py
[2026-02-14T16:59:46.204+0000] {processor.py:914} INFO - Processing file /opt/airflow/dags/weather_pipeline_dag.py for tasks to queue
[2026-02-14T16:59:46.208+0000] {logging_mixin.py:190} INFO - [2026-02-14T16:59:46.208+0000] {dagbag.py:588} INFO - Filling up the DagBag from /opt/airflow/dags/weather_pipeline_dag.py
[2026-02-14T16:59:46.811+0000] {logging_mixin.py:190} INFO - [2026-02-14T16:59:46.800+0000] {dagbag.py:387} ERROR - Failed to import: /opt/airflow/dags/weather_pipeline_dag.py
Traceback (most recent call last):
  File "/home/airflow/.local/lib/python3.10/site-packages/airflow/models/dagbag.py", line 383, in parse
    loader.exec_module(new_module)
  File "<frozen importlib._bootstrap_external>", line 883, in exec_module
  File "<frozen importlib._bootstrap>", line 241, in _call_with_frames_removed
  File "/opt/airflow/dags/weather_pipeline_dag.py", line 10, in <module>
    from utils.data_quality import validate_weather
  File "/opt/airflow/dags/utils/data_quality.py", line 1, in <module>
    import great_expectations as ge
ModuleNotFoundError: No module named 'great_expectations'
[2026-02-14T16:59:46.815+0000] {processor.py:927} WARNING - No viable dags retrieved from /opt/airflow/dags/weather_pipeline_dag.py
[2026-02-14T16:59:46.843+0000] {processor.py:208} INFO - Processing /opt/airflow/dags/weather_pipeline_dag.py took 0.650 seconds
[2026-02-14T17:00:16.990+0000] {processor.py:186} INFO - Started process (PID=971) to work on /opt/airflow/dags/weather_pipeline_dag.py
[2026-02-14T17:00:16.992+0000] {processor.py:914} INFO - Processing file /opt/airflow/dags/weather_pipeline_dag.py for tasks to queue
[2026-02-14T17:00:16.996+0000] {logging_mixin.py:190} INFO - [2026-02-14T17:00:16.995+0000] {dagbag.py:588} INFO - Filling up the DagBag from /opt/airflow/dags/weather_pipeline_dag.py
[2026-02-14T17:00:17.570+0000] {logging_mixin.py:190} INFO - [2026-02-14T17:00:17.557+0000] {dagbag.py:387} ERROR - Failed to import: /opt/airflow/dags/weather_pipeline_dag.py
Traceback (most recent call last):
  File "/home/airflow/.local/lib/python3.10/site-packages/airflow/models/dagbag.py", line 383, in parse
    loader.exec_module(new_module)
  File "<frozen importlib._bootstrap_external>", line 883, in exec_module
  File "<frozen importlib._bootstrap>", line 241, in _call_with_frames_removed
  File "/opt/airflow/dags/weather_pipeline_dag.py", line 10, in <module>
    from utils.data_quality import validate_weather
  File "/opt/airflow/dags/utils/data_quality.py", line 1, in <module>
    import great_expectations as ge
ModuleNotFoundError: No module named 'great_expectations'
[2026-02-14T17:00:17.575+0000] {processor.py:927} WARNING - No viable dags retrieved from /opt/airflow/dags/weather_pipeline_dag.py
[2026-02-14T17:00:17.603+0000] {processor.py:208} INFO - Processing /opt/airflow/dags/weather_pipeline_dag.py took 0.621 seconds
[2026-02-14T17:00:48.295+0000] {processor.py:186} INFO - Started process (PID=977) to work on /opt/airflow/dags/weather_pipeline_dag.py
[2026-02-14T17:00:48.298+0000] {processor.py:914} INFO - Processing file /opt/airflow/dags/weather_pipeline_dag.py for tasks to queue
[2026-02-14T17:00:48.302+0000] {logging_mixin.py:190} INFO - [2026-02-14T17:00:48.302+0000] {dagbag.py:588} INFO - Filling up the DagBag from /opt/airflow/dags/weather_pipeline_dag.py
[2026-02-14T17:00:48.924+0000] {logging_mixin.py:190} INFO - [2026-02-14T17:00:48.911+0000] {dagbag.py:387} ERROR - Failed to import: /opt/airflow/dags/weather_pipeline_dag.py
Traceback (most recent call last):
  File "/home/airflow/.local/lib/python3.10/site-packages/airflow/models/dagbag.py", line 383, in parse
    loader.exec_module(new_module)
  File "<frozen importlib._bootstrap_external>", line 883, in exec_module
  File "<frozen importlib._bootstrap>", line 241, in _call_with_frames_removed
  File "/opt/airflow/dags/weather_pipeline_dag.py", line 10, in <module>
    from utils.data_quality import validate_weather
  File "/opt/airflow/dags/utils/data_quality.py", line 1, in <module>
    import great_expectations as ge
ModuleNotFoundError: No module named 'great_expectations'
[2026-02-14T17:00:48.928+0000] {processor.py:927} WARNING - No viable dags retrieved from /opt/airflow/dags/weather_pipeline_dag.py
[2026-02-14T17:00:48.961+0000] {processor.py:208} INFO - Processing /opt/airflow/dags/weather_pipeline_dag.py took 0.678 seconds
[2026-02-14T17:01:19.333+0000] {processor.py:186} INFO - Started process (PID=983) to work on /opt/airflow/dags/weather_pipeline_dag.py
[2026-02-14T17:01:19.335+0000] {processor.py:914} INFO - Processing file /opt/airflow/dags/weather_pipeline_dag.py for tasks to queue
[2026-02-14T17:01:19.340+0000] {logging_mixin.py:190} INFO - [2026-02-14T17:01:19.340+0000] {dagbag.py:588} INFO - Filling up the DagBag from /opt/airflow/dags/weather_pipeline_dag.py
[2026-02-14T17:01:19.968+0000] {logging_mixin.py:190} INFO - [2026-02-14T17:01:19.954+0000] {dagbag.py:387} ERROR - Failed to import: /opt/airflow/dags/weather_pipeline_dag.py
Traceback (most recent call last):
  File "/home/airflow/.local/lib/python3.10/site-packages/airflow/models/dagbag.py", line 383, in parse
    loader.exec_module(new_module)
  File "<frozen importlib._bootstrap_external>", line 883, in exec_module
  File "<frozen importlib._bootstrap>", line 241, in _call_with_frames_removed
  File "/opt/airflow/dags/weather_pipeline_dag.py", line 10, in <module>
    from utils.data_quality import validate_weather
  File "/opt/airflow/dags/utils/data_quality.py", line 1, in <module>
    import great_expectations as ge
ModuleNotFoundError: No module named 'great_expectations'
[2026-02-14T17:01:19.974+0000] {processor.py:927} WARNING - No viable dags retrieved from /opt/airflow/dags/weather_pipeline_dag.py
[2026-02-14T17:01:20.005+0000] {processor.py:208} INFO - Processing /opt/airflow/dags/weather_pipeline_dag.py took 0.681 seconds
[2026-02-14T17:36:26.610+0000] {processor.py:186} INFO - Started process (PID=989) to work on /opt/airflow/dags/weather_pipeline_dag.py
[2026-02-14T17:36:26.613+0000] {processor.py:914} INFO - Processing file /opt/airflow/dags/weather_pipeline_dag.py for tasks to queue
[2026-02-14T17:36:26.621+0000] {logging_mixin.py:190} INFO - [2026-02-14T17:36:26.620+0000] {dagbag.py:588} INFO - Filling up the DagBag from /opt/airflow/dags/weather_pipeline_dag.py
[2026-02-14T17:37:07.888+0000] {logging_mixin.py:190} INFO - [2026-02-14T17:37:07.859+0000] {dagbag.py:387} ERROR - Failed to import: /opt/airflow/dags/weather_pipeline_dag.py
Traceback (most recent call last):
  File "/home/airflow/.local/lib/python3.10/site-packages/airflow/models/dagbag.py", line 383, in parse
    loader.exec_module(new_module)
  File "<frozen importlib._bootstrap_external>", line 883, in exec_module
  File "<frozen importlib._bootstrap>", line 241, in _call_with_frames_removed
  File "/opt/airflow/dags/weather_pipeline_dag.py", line 10, in <module>
    from utils.data_quality import validate_weather
  File "/opt/airflow/dags/utils/data_quality.py", line 1, in <module>
    import great_expectations as ge
ModuleNotFoundError: No module named 'great_expectations'
[2026-02-14T17:37:07.893+0000] {processor.py:927} WARNING - No viable dags retrieved from /opt/airflow/dags/weather_pipeline_dag.py
[2026-02-14T17:37:08.061+0000] {processor.py:208} INFO - Processing /opt/airflow/dags/weather_pipeline_dag.py took 6.090 seconds
[2026-02-14T17:37:38.573+0000] {processor.py:186} INFO - Started process (PID=995) to work on /opt/airflow/dags/weather_pipeline_dag.py
[2026-02-14T17:37:38.576+0000] {processor.py:914} INFO - Processing file /opt/airflow/dags/weather_pipeline_dag.py for tasks to queue
[2026-02-14T17:37:38.582+0000] {logging_mixin.py:190} INFO - [2026-02-14T17:37:38.581+0000] {dagbag.py:588} INFO - Filling up the DagBag from /opt/airflow/dags/weather_pipeline_dag.py
[2026-02-14T17:37:39.329+0000] {logging_mixin.py:190} INFO - [2026-02-14T17:37:39.316+0000] {dagbag.py:387} ERROR - Failed to import: /opt/airflow/dags/weather_pipeline_dag.py
Traceback (most recent call last):
  File "/home/airflow/.local/lib/python3.10/site-packages/airflow/models/dagbag.py", line 383, in parse
    loader.exec_module(new_module)
  File "<frozen importlib._bootstrap_external>", line 883, in exec_module
  File "<frozen importlib._bootstrap>", line 241, in _call_with_frames_removed
  File "/opt/airflow/dags/weather_pipeline_dag.py", line 10, in <module>
    from utils.data_quality import validate_weather
  File "/opt/airflow/dags/utils/data_quality.py", line 1, in <module>
    import great_expectations as ge
ModuleNotFoundError: No module named 'great_expectations'
[2026-02-14T17:37:39.334+0000] {processor.py:927} WARNING - No viable dags retrieved from /opt/airflow/dags/weather_pipeline_dag.py
[2026-02-14T17:37:39.370+0000] {processor.py:208} INFO - Processing /opt/airflow/dags/weather_pipeline_dag.py took 0.812 seconds
[2026-02-14T17:38:09.785+0000] {processor.py:186} INFO - Started process (PID=1001) to work on /opt/airflow/dags/weather_pipeline_dag.py
[2026-02-14T17:38:09.788+0000] {processor.py:914} INFO - Processing file /opt/airflow/dags/weather_pipeline_dag.py for tasks to queue
[2026-02-14T17:38:09.792+0000] {logging_mixin.py:190} INFO - [2026-02-14T17:38:09.792+0000] {dagbag.py:588} INFO - Filling up the DagBag from /opt/airflow/dags/weather_pipeline_dag.py
[2026-02-14T17:38:10.543+0000] {logging_mixin.py:190} INFO - [2026-02-14T17:38:10.529+0000] {dagbag.py:387} ERROR - Failed to import: /opt/airflow/dags/weather_pipeline_dag.py
Traceback (most recent call last):
  File "/home/airflow/.local/lib/python3.10/site-packages/airflow/models/dagbag.py", line 383, in parse
    loader.exec_module(new_module)
  File "<frozen importlib._bootstrap_external>", line 883, in exec_module
  File "<frozen importlib._bootstrap>", line 241, in _call_with_frames_removed
  File "/opt/airflow/dags/weather_pipeline_dag.py", line 10, in <module>
    from utils.data_quality import validate_weather
  File "/opt/airflow/dags/utils/data_quality.py", line 1, in <module>
    import great_expectations as ge
ModuleNotFoundError: No module named 'great_expectations'
[2026-02-14T17:38:10.549+0000] {processor.py:927} WARNING - No viable dags retrieved from /opt/airflow/dags/weather_pipeline_dag.py
[2026-02-14T17:38:10.583+0000] {processor.py:208} INFO - Processing /opt/airflow/dags/weather_pipeline_dag.py took 0.814 seconds
[2026-02-14T17:38:41.011+0000] {processor.py:186} INFO - Started process (PID=1007) to work on /opt/airflow/dags/weather_pipeline_dag.py
[2026-02-14T17:38:41.013+0000] {processor.py:914} INFO - Processing file /opt/airflow/dags/weather_pipeline_dag.py for tasks to queue
[2026-02-14T17:38:41.017+0000] {logging_mixin.py:190} INFO - [2026-02-14T17:38:41.017+0000] {dagbag.py:588} INFO - Filling up the DagBag from /opt/airflow/dags/weather_pipeline_dag.py
[2026-02-14T17:38:41.645+0000] {logging_mixin.py:190} INFO - [2026-02-14T17:38:41.634+0000] {dagbag.py:387} ERROR - Failed to import: /opt/airflow/dags/weather_pipeline_dag.py
Traceback (most recent call last):
  File "/home/airflow/.local/lib/python3.10/site-packages/airflow/models/dagbag.py", line 383, in parse
    loader.exec_module(new_module)
  File "<frozen importlib._bootstrap_external>", line 883, in exec_module
  File "<frozen importlib._bootstrap>", line 241, in _call_with_frames_removed
  File "/opt/airflow/dags/weather_pipeline_dag.py", line 10, in <module>
    from utils.data_quality import validate_weather
  File "/opt/airflow/dags/utils/data_quality.py", line 1, in <module>
    import great_expectations as ge
ModuleNotFoundError: No module named 'great_expectations'
[2026-02-14T17:38:41.649+0000] {processor.py:927} WARNING - No viable dags retrieved from /opt/airflow/dags/weather_pipeline_dag.py
[2026-02-14T17:38:41.680+0000] {processor.py:208} INFO - Processing /opt/airflow/dags/weather_pipeline_dag.py took 0.679 seconds
[2026-02-14T17:39:12.062+0000] {processor.py:186} INFO - Started process (PID=1013) to work on /opt/airflow/dags/weather_pipeline_dag.py
[2026-02-14T17:39:12.064+0000] {processor.py:914} INFO - Processing file /opt/airflow/dags/weather_pipeline_dag.py for tasks to queue
[2026-02-14T17:39:12.068+0000] {logging_mixin.py:190} INFO - [2026-02-14T17:39:12.067+0000] {dagbag.py:588} INFO - Filling up the DagBag from /opt/airflow/dags/weather_pipeline_dag.py
[2026-02-14T17:39:12.765+0000] {logging_mixin.py:190} INFO - [2026-02-14T17:39:12.751+0000] {dagbag.py:387} ERROR - Failed to import: /opt/airflow/dags/weather_pipeline_dag.py
Traceback (most recent call last):
  File "/home/airflow/.local/lib/python3.10/site-packages/airflow/models/dagbag.py", line 383, in parse
    loader.exec_module(new_module)
  File "<frozen importlib._bootstrap_external>", line 883, in exec_module
  File "<frozen importlib._bootstrap>", line 241, in _call_with_frames_removed
  File "/opt/airflow/dags/weather_pipeline_dag.py", line 10, in <module>
    from utils.data_quality import validate_weather
  File "/opt/airflow/dags/utils/data_quality.py", line 1, in <module>
    import great_expectations as ge
ModuleNotFoundError: No module named 'great_expectations'
[2026-02-14T17:39:12.771+0000] {processor.py:927} WARNING - No viable dags retrieved from /opt/airflow/dags/weather_pipeline_dag.py
[2026-02-14T17:39:12.803+0000] {processor.py:208} INFO - Processing /opt/airflow/dags/weather_pipeline_dag.py took 0.751 seconds
[2026-02-14T17:39:43.209+0000] {processor.py:186} INFO - Started process (PID=1019) to work on /opt/airflow/dags/weather_pipeline_dag.py
[2026-02-14T17:39:43.212+0000] {processor.py:914} INFO - Processing file /opt/airflow/dags/weather_pipeline_dag.py for tasks to queue
[2026-02-14T17:39:43.217+0000] {logging_mixin.py:190} INFO - [2026-02-14T17:39:43.216+0000] {dagbag.py:588} INFO - Filling up the DagBag from /opt/airflow/dags/weather_pipeline_dag.py
[2026-02-14T17:39:43.855+0000] {logging_mixin.py:190} INFO - [2026-02-14T17:39:43.844+0000] {dagbag.py:387} ERROR - Failed to import: /opt/airflow/dags/weather_pipeline_dag.py
Traceback (most recent call last):
  File "/home/airflow/.local/lib/python3.10/site-packages/airflow/models/dagbag.py", line 383, in parse
    loader.exec_module(new_module)
  File "<frozen importlib._bootstrap_external>", line 883, in exec_module
  File "<frozen importlib._bootstrap>", line 241, in _call_with_frames_removed
  File "/opt/airflow/dags/weather_pipeline_dag.py", line 10, in <module>
    from utils.data_quality import validate_weather
  File "/opt/airflow/dags/utils/data_quality.py", line 1, in <module>
    import great_expectations as ge
ModuleNotFoundError: No module named 'great_expectations'
[2026-02-14T17:39:43.858+0000] {processor.py:927} WARNING - No viable dags retrieved from /opt/airflow/dags/weather_pipeline_dag.py
[2026-02-14T17:39:43.891+0000] {processor.py:208} INFO - Processing /opt/airflow/dags/weather_pipeline_dag.py took 0.691 seconds
[2026-02-14T17:40:14.103+0000] {processor.py:186} INFO - Started process (PID=1025) to work on /opt/airflow/dags/weather_pipeline_dag.py
[2026-02-14T17:40:14.105+0000] {processor.py:914} INFO - Processing file /opt/airflow/dags/weather_pipeline_dag.py for tasks to queue
[2026-02-14T17:40:14.110+0000] {logging_mixin.py:190} INFO - [2026-02-14T17:40:14.109+0000] {dagbag.py:588} INFO - Filling up the DagBag from /opt/airflow/dags/weather_pipeline_dag.py
[2026-02-14T17:40:14.775+0000] {logging_mixin.py:190} INFO - [2026-02-14T17:40:14.761+0000] {dagbag.py:387} ERROR - Failed to import: /opt/airflow/dags/weather_pipeline_dag.py
Traceback (most recent call last):
  File "/home/airflow/.local/lib/python3.10/site-packages/airflow/models/dagbag.py", line 383, in parse
    loader.exec_module(new_module)
  File "<frozen importlib._bootstrap_external>", line 883, in exec_module
  File "<frozen importlib._bootstrap>", line 241, in _call_with_frames_removed
  File "/opt/airflow/dags/weather_pipeline_dag.py", line 10, in <module>
    from utils.data_quality import validate_weather
  File "/opt/airflow/dags/utils/data_quality.py", line 1, in <module>
    import great_expectations as ge
ModuleNotFoundError: No module named 'great_expectations'
[2026-02-14T17:40:14.780+0000] {processor.py:927} WARNING - No viable dags retrieved from /opt/airflow/dags/weather_pipeline_dag.py
[2026-02-14T17:40:14.818+0000] {processor.py:208} INFO - Processing /opt/airflow/dags/weather_pipeline_dag.py took 0.724 seconds
[2026-02-14T17:40:45.194+0000] {processor.py:186} INFO - Started process (PID=1031) to work on /opt/airflow/dags/weather_pipeline_dag.py
[2026-02-14T17:40:45.197+0000] {processor.py:914} INFO - Processing file /opt/airflow/dags/weather_pipeline_dag.py for tasks to queue
[2026-02-14T17:40:45.203+0000] {logging_mixin.py:190} INFO - [2026-02-14T17:40:45.202+0000] {dagbag.py:588} INFO - Filling up the DagBag from /opt/airflow/dags/weather_pipeline_dag.py
[2026-02-14T17:40:45.818+0000] {logging_mixin.py:190} INFO - [2026-02-14T17:40:45.806+0000] {dagbag.py:387} ERROR - Failed to import: /opt/airflow/dags/weather_pipeline_dag.py
Traceback (most recent call last):
  File "/home/airflow/.local/lib/python3.10/site-packages/airflow/models/dagbag.py", line 383, in parse
    loader.exec_module(new_module)
  File "<frozen importlib._bootstrap_external>", line 883, in exec_module
  File "<frozen importlib._bootstrap>", line 241, in _call_with_frames_removed
  File "/opt/airflow/dags/weather_pipeline_dag.py", line 10, in <module>
    from utils.data_quality import validate_weather
  File "/opt/airflow/dags/utils/data_quality.py", line 1, in <module>
    import great_expectations as ge
ModuleNotFoundError: No module named 'great_expectations'
[2026-02-14T17:40:45.826+0000] {processor.py:927} WARNING - No viable dags retrieved from /opt/airflow/dags/weather_pipeline_dag.py
[2026-02-14T17:40:45.868+0000] {processor.py:208} INFO - Processing /opt/airflow/dags/weather_pipeline_dag.py took 0.683 seconds
[2026-02-14T17:41:16.303+0000] {processor.py:186} INFO - Started process (PID=1037) to work on /opt/airflow/dags/weather_pipeline_dag.py
[2026-02-14T17:41:16.306+0000] {processor.py:914} INFO - Processing file /opt/airflow/dags/weather_pipeline_dag.py for tasks to queue
[2026-02-14T17:41:16.310+0000] {logging_mixin.py:190} INFO - [2026-02-14T17:41:16.309+0000] {dagbag.py:588} INFO - Filling up the DagBag from /opt/airflow/dags/weather_pipeline_dag.py
[2026-02-14T17:41:16.946+0000] {logging_mixin.py:190} INFO - [2026-02-14T17:41:16.933+0000] {dagbag.py:387} ERROR - Failed to import: /opt/airflow/dags/weather_pipeline_dag.py
Traceback (most recent call last):
  File "/home/airflow/.local/lib/python3.10/site-packages/airflow/models/dagbag.py", line 383, in parse
    loader.exec_module(new_module)
  File "<frozen importlib._bootstrap_external>", line 883, in exec_module
  File "<frozen importlib._bootstrap>", line 241, in _call_with_frames_removed
  File "/opt/airflow/dags/weather_pipeline_dag.py", line 10, in <module>
    from utils.data_quality import validate_weather
  File "/opt/airflow/dags/utils/data_quality.py", line 1, in <module>
    import great_expectations as ge
ModuleNotFoundError: No module named 'great_expectations'
[2026-02-14T17:41:16.950+0000] {processor.py:927} WARNING - No viable dags retrieved from /opt/airflow/dags/weather_pipeline_dag.py
[2026-02-14T17:41:16.981+0000] {processor.py:208} INFO - Processing /opt/airflow/dags/weather_pipeline_dag.py took 0.741 seconds
[2026-02-14T17:41:47.147+0000] {processor.py:186} INFO - Started process (PID=1043) to work on /opt/airflow/dags/weather_pipeline_dag.py
[2026-02-14T17:41:47.149+0000] {processor.py:914} INFO - Processing file /opt/airflow/dags/weather_pipeline_dag.py for tasks to queue
[2026-02-14T17:41:47.153+0000] {logging_mixin.py:190} INFO - [2026-02-14T17:41:47.152+0000] {dagbag.py:588} INFO - Filling up the DagBag from /opt/airflow/dags/weather_pipeline_dag.py
[2026-02-14T17:41:47.789+0000] {logging_mixin.py:190} INFO - [2026-02-14T17:41:47.774+0000] {dagbag.py:387} ERROR - Failed to import: /opt/airflow/dags/weather_pipeline_dag.py
Traceback (most recent call last):
  File "/home/airflow/.local/lib/python3.10/site-packages/airflow/models/dagbag.py", line 383, in parse
    loader.exec_module(new_module)
  File "<frozen importlib._bootstrap_external>", line 883, in exec_module
  File "<frozen importlib._bootstrap>", line 241, in _call_with_frames_removed
  File "/opt/airflow/dags/weather_pipeline_dag.py", line 10, in <module>
    from utils.data_quality import validate_weather
  File "/opt/airflow/dags/utils/data_quality.py", line 1, in <module>
    import great_expectations as ge
ModuleNotFoundError: No module named 'great_expectations'
[2026-02-14T17:41:47.793+0000] {processor.py:927} WARNING - No viable dags retrieved from /opt/airflow/dags/weather_pipeline_dag.py
[2026-02-14T17:41:47.827+0000] {processor.py:208} INFO - Processing /opt/airflow/dags/weather_pipeline_dag.py took 0.689 seconds
[2026-02-14T17:42:18.016+0000] {processor.py:186} INFO - Started process (PID=1049) to work on /opt/airflow/dags/weather_pipeline_dag.py
[2026-02-14T17:42:18.018+0000] {processor.py:914} INFO - Processing file /opt/airflow/dags/weather_pipeline_dag.py for tasks to queue
[2026-02-14T17:42:18.022+0000] {logging_mixin.py:190} INFO - [2026-02-14T17:42:18.022+0000] {dagbag.py:588} INFO - Filling up the DagBag from /opt/airflow/dags/weather_pipeline_dag.py
[2026-02-14T17:42:18.791+0000] {logging_mixin.py:190} INFO - [2026-02-14T17:42:18.779+0000] {dagbag.py:387} ERROR - Failed to import: /opt/airflow/dags/weather_pipeline_dag.py
Traceback (most recent call last):
  File "/home/airflow/.local/lib/python3.10/site-packages/airflow/models/dagbag.py", line 383, in parse
    loader.exec_module(new_module)
  File "<frozen importlib._bootstrap_external>", line 883, in exec_module
  File "<frozen importlib._bootstrap>", line 241, in _call_with_frames_removed
  File "/opt/airflow/dags/weather_pipeline_dag.py", line 10, in <module>
    from utils.data_quality import validate_weather
  File "/opt/airflow/dags/utils/data_quality.py", line 1, in <module>
    import great_expectations as ge
ModuleNotFoundError: No module named 'great_expectations'
[2026-02-14T17:42:18.796+0000] {processor.py:927} WARNING - No viable dags retrieved from /opt/airflow/dags/weather_pipeline_dag.py
[2026-02-14T17:42:18.835+0000] {processor.py:208} INFO - Processing /opt/airflow/dags/weather_pipeline_dag.py took 0.830 seconds
[2026-02-14T17:42:49.230+0000] {processor.py:186} INFO - Started process (PID=1055) to work on /opt/airflow/dags/weather_pipeline_dag.py
[2026-02-14T17:42:49.232+0000] {processor.py:914} INFO - Processing file /opt/airflow/dags/weather_pipeline_dag.py for tasks to queue
[2026-02-14T17:42:49.236+0000] {logging_mixin.py:190} INFO - [2026-02-14T17:42:49.235+0000] {dagbag.py:588} INFO - Filling up the DagBag from /opt/airflow/dags/weather_pipeline_dag.py
[2026-02-14T17:42:49.840+0000] {logging_mixin.py:190} INFO - [2026-02-14T17:42:49.828+0000] {dagbag.py:387} ERROR - Failed to import: /opt/airflow/dags/weather_pipeline_dag.py
Traceback (most recent call last):
  File "/home/airflow/.local/lib/python3.10/site-packages/airflow/models/dagbag.py", line 383, in parse
    loader.exec_module(new_module)
  File "<frozen importlib._bootstrap_external>", line 883, in exec_module
  File "<frozen importlib._bootstrap>", line 241, in _call_with_frames_removed
  File "/opt/airflow/dags/weather_pipeline_dag.py", line 10, in <module>
    from utils.data_quality import validate_weather
  File "/opt/airflow/dags/utils/data_quality.py", line 1, in <module>
    import great_expectations as ge
ModuleNotFoundError: No module named 'great_expectations'
[2026-02-14T17:42:49.844+0000] {processor.py:927} WARNING - No viable dags retrieved from /opt/airflow/dags/weather_pipeline_dag.py
[2026-02-14T17:42:49.877+0000] {processor.py:208} INFO - Processing /opt/airflow/dags/weather_pipeline_dag.py took 0.656 seconds
[2026-02-14T17:43:20.250+0000] {processor.py:186} INFO - Started process (PID=1061) to work on /opt/airflow/dags/weather_pipeline_dag.py
[2026-02-14T17:43:20.252+0000] {processor.py:914} INFO - Processing file /opt/airflow/dags/weather_pipeline_dag.py for tasks to queue
[2026-02-14T17:43:20.255+0000] {logging_mixin.py:190} INFO - [2026-02-14T17:43:20.255+0000] {dagbag.py:588} INFO - Filling up the DagBag from /opt/airflow/dags/weather_pipeline_dag.py
[2026-02-14T17:43:20.899+0000] {logging_mixin.py:190} INFO - [2026-02-14T17:43:20.887+0000] {dagbag.py:387} ERROR - Failed to import: /opt/airflow/dags/weather_pipeline_dag.py
Traceback (most recent call last):
  File "/home/airflow/.local/lib/python3.10/site-packages/airflow/models/dagbag.py", line 383, in parse
    loader.exec_module(new_module)
  File "<frozen importlib._bootstrap_external>", line 883, in exec_module
  File "<frozen importlib._bootstrap>", line 241, in _call_with_frames_removed
  File "/opt/airflow/dags/weather_pipeline_dag.py", line 10, in <module>
    from utils.data_quality import validate_weather
  File "/opt/airflow/dags/utils/data_quality.py", line 1, in <module>
    import great_expectations as ge
ModuleNotFoundError: No module named 'great_expectations'
[2026-02-14T17:43:20.904+0000] {processor.py:927} WARNING - No viable dags retrieved from /opt/airflow/dags/weather_pipeline_dag.py
[2026-02-14T17:43:20.934+0000] {processor.py:208} INFO - Processing /opt/airflow/dags/weather_pipeline_dag.py took 0.693 seconds
[2026-02-14T17:43:51.088+0000] {processor.py:186} INFO - Started process (PID=1067) to work on /opt/airflow/dags/weather_pipeline_dag.py
[2026-02-14T17:43:51.091+0000] {processor.py:914} INFO - Processing file /opt/airflow/dags/weather_pipeline_dag.py for tasks to queue
[2026-02-14T17:43:51.096+0000] {logging_mixin.py:190} INFO - [2026-02-14T17:43:51.095+0000] {dagbag.py:588} INFO - Filling up the DagBag from /opt/airflow/dags/weather_pipeline_dag.py
[2026-02-14T17:43:51.727+0000] {logging_mixin.py:190} INFO - [2026-02-14T17:43:51.713+0000] {dagbag.py:387} ERROR - Failed to import: /opt/airflow/dags/weather_pipeline_dag.py
Traceback (most recent call last):
  File "/home/airflow/.local/lib/python3.10/site-packages/airflow/models/dagbag.py", line 383, in parse
    loader.exec_module(new_module)
  File "<frozen importlib._bootstrap_external>", line 883, in exec_module
  File "<frozen importlib._bootstrap>", line 241, in _call_with_frames_removed
  File "/opt/airflow/dags/weather_pipeline_dag.py", line 10, in <module>
    from utils.data_quality import validate_weather
  File "/opt/airflow/dags/utils/data_quality.py", line 1, in <module>
    import great_expectations as ge
ModuleNotFoundError: No module named 'great_expectations'
[2026-02-14T17:43:51.732+0000] {processor.py:927} WARNING - No viable dags retrieved from /opt/airflow/dags/weather_pipeline_dag.py
[2026-02-14T17:43:51.768+0000] {processor.py:208} INFO - Processing /opt/airflow/dags/weather_pipeline_dag.py took 0.692 seconds
[2026-02-14T17:44:22.159+0000] {processor.py:186} INFO - Started process (PID=1073) to work on /opt/airflow/dags/weather_pipeline_dag.py
[2026-02-14T17:44:22.161+0000] {processor.py:914} INFO - Processing file /opt/airflow/dags/weather_pipeline_dag.py for tasks to queue
[2026-02-14T17:44:22.165+0000] {logging_mixin.py:190} INFO - [2026-02-14T17:44:22.165+0000] {dagbag.py:588} INFO - Filling up the DagBag from /opt/airflow/dags/weather_pipeline_dag.py
[2026-02-14T17:44:22.765+0000] {logging_mixin.py:190} INFO - [2026-02-14T17:44:22.752+0000] {dagbag.py:387} ERROR - Failed to import: /opt/airflow/dags/weather_pipeline_dag.py
Traceback (most recent call last):
  File "/home/airflow/.local/lib/python3.10/site-packages/airflow/models/dagbag.py", line 383, in parse
    loader.exec_module(new_module)
  File "<frozen importlib._bootstrap_external>", line 883, in exec_module
  File "<frozen importlib._bootstrap>", line 241, in _call_with_frames_removed
  File "/opt/airflow/dags/weather_pipeline_dag.py", line 10, in <module>
    from utils.data_quality import validate_weather
  File "/opt/airflow/dags/utils/data_quality.py", line 1, in <module>
    import great_expectations as ge
ModuleNotFoundError: No module named 'great_expectations'
[2026-02-14T17:44:22.769+0000] {processor.py:927} WARNING - No viable dags retrieved from /opt/airflow/dags/weather_pipeline_dag.py
[2026-02-14T17:44:22.800+0000] {processor.py:208} INFO - Processing /opt/airflow/dags/weather_pipeline_dag.py took 0.650 seconds
[2026-02-14T17:44:53.134+0000] {processor.py:186} INFO - Started process (PID=1079) to work on /opt/airflow/dags/weather_pipeline_dag.py
[2026-02-14T17:44:53.136+0000] {processor.py:914} INFO - Processing file /opt/airflow/dags/weather_pipeline_dag.py for tasks to queue
[2026-02-14T17:44:53.140+0000] {logging_mixin.py:190} INFO - [2026-02-14T17:44:53.139+0000] {dagbag.py:588} INFO - Filling up the DagBag from /opt/airflow/dags/weather_pipeline_dag.py
[2026-02-14T17:44:53.870+0000] {logging_mixin.py:190} INFO - [2026-02-14T17:44:53.854+0000] {dagbag.py:387} ERROR - Failed to import: /opt/airflow/dags/weather_pipeline_dag.py
Traceback (most recent call last):
  File "/home/airflow/.local/lib/python3.10/site-packages/airflow/models/dagbag.py", line 383, in parse
    loader.exec_module(new_module)
  File "<frozen importlib._bootstrap_external>", line 883, in exec_module
  File "<frozen importlib._bootstrap>", line 241, in _call_with_frames_removed
  File "/opt/airflow/dags/weather_pipeline_dag.py", line 10, in <module>
    from utils.data_quality import validate_weather
  File "/opt/airflow/dags/utils/data_quality.py", line 1, in <module>
    import great_expectations as ge
ModuleNotFoundError: No module named 'great_expectations'
[2026-02-14T17:44:53.875+0000] {processor.py:927} WARNING - No viable dags retrieved from /opt/airflow/dags/weather_pipeline_dag.py
[2026-02-14T17:44:53.915+0000] {processor.py:208} INFO - Processing /opt/airflow/dags/weather_pipeline_dag.py took 0.790 seconds
[2026-02-14T17:45:24.137+0000] {processor.py:186} INFO - Started process (PID=1085) to work on /opt/airflow/dags/weather_pipeline_dag.py
[2026-02-14T17:45:24.139+0000] {processor.py:914} INFO - Processing file /opt/airflow/dags/weather_pipeline_dag.py for tasks to queue
[2026-02-14T17:45:24.143+0000] {logging_mixin.py:190} INFO - [2026-02-14T17:45:24.143+0000] {dagbag.py:588} INFO - Filling up the DagBag from /opt/airflow/dags/weather_pipeline_dag.py
[2026-02-14T17:45:24.863+0000] {logging_mixin.py:190} INFO - [2026-02-14T17:45:24.850+0000] {dagbag.py:387} ERROR - Failed to import: /opt/airflow/dags/weather_pipeline_dag.py
Traceback (most recent call last):
  File "/home/airflow/.local/lib/python3.10/site-packages/airflow/models/dagbag.py", line 383, in parse
    loader.exec_module(new_module)
  File "<frozen importlib._bootstrap_external>", line 883, in exec_module
  File "<frozen importlib._bootstrap>", line 241, in _call_with_frames_removed
  File "/opt/airflow/dags/weather_pipeline_dag.py", line 10, in <module>
    from utils.data_quality import validate_weather
  File "/opt/airflow/dags/utils/data_quality.py", line 1, in <module>
    import great_expectations as ge
ModuleNotFoundError: No module named 'great_expectations'
[2026-02-14T17:45:24.868+0000] {processor.py:927} WARNING - No viable dags retrieved from /opt/airflow/dags/weather_pipeline_dag.py
[2026-02-14T17:45:24.901+0000] {processor.py:208} INFO - Processing /opt/airflow/dags/weather_pipeline_dag.py took 0.775 seconds
[2026-02-14T17:45:55.245+0000] {processor.py:186} INFO - Started process (PID=1091) to work on /opt/airflow/dags/weather_pipeline_dag.py
[2026-02-14T17:45:55.247+0000] {processor.py:914} INFO - Processing file /opt/airflow/dags/weather_pipeline_dag.py for tasks to queue
[2026-02-14T17:45:55.251+0000] {logging_mixin.py:190} INFO - [2026-02-14T17:45:55.250+0000] {dagbag.py:588} INFO - Filling up the DagBag from /opt/airflow/dags/weather_pipeline_dag.py
[2026-02-14T17:45:55.869+0000] {logging_mixin.py:190} INFO - [2026-02-14T17:45:55.858+0000] {dagbag.py:387} ERROR - Failed to import: /opt/airflow/dags/weather_pipeline_dag.py
Traceback (most recent call last):
  File "/home/airflow/.local/lib/python3.10/site-packages/airflow/models/dagbag.py", line 383, in parse
    loader.exec_module(new_module)
  File "<frozen importlib._bootstrap_external>", line 883, in exec_module
  File "<frozen importlib._bootstrap>", line 241, in _call_with_frames_removed
  File "/opt/airflow/dags/weather_pipeline_dag.py", line 10, in <module>
    from utils.data_quality import validate_weather
  File "/opt/airflow/dags/utils/data_quality.py", line 1, in <module>
    import great_expectations as ge
ModuleNotFoundError: No module named 'great_expectations'
[2026-02-14T17:45:55.875+0000] {processor.py:927} WARNING - No viable dags retrieved from /opt/airflow/dags/weather_pipeline_dag.py
[2026-02-14T17:45:55.910+0000] {processor.py:208} INFO - Processing /opt/airflow/dags/weather_pipeline_dag.py took 0.674 seconds
[2026-02-14T17:46:26.587+0000] {processor.py:186} INFO - Started process (PID=1097) to work on /opt/airflow/dags/weather_pipeline_dag.py
[2026-02-14T17:46:26.588+0000] {processor.py:914} INFO - Processing file /opt/airflow/dags/weather_pipeline_dag.py for tasks to queue
[2026-02-14T17:46:26.592+0000] {logging_mixin.py:190} INFO - [2026-02-14T17:46:26.592+0000] {dagbag.py:588} INFO - Filling up the DagBag from /opt/airflow/dags/weather_pipeline_dag.py
[2026-02-14T17:46:27.222+0000] {logging_mixin.py:190} INFO - [2026-02-14T17:46:27.211+0000] {dagbag.py:387} ERROR - Failed to import: /opt/airflow/dags/weather_pipeline_dag.py
Traceback (most recent call last):
  File "/home/airflow/.local/lib/python3.10/site-packages/airflow/models/dagbag.py", line 383, in parse
    loader.exec_module(new_module)
  File "<frozen importlib._bootstrap_external>", line 883, in exec_module
  File "<frozen importlib._bootstrap>", line 241, in _call_with_frames_removed
  File "/opt/airflow/dags/weather_pipeline_dag.py", line 10, in <module>
    from utils.data_quality import validate_weather
  File "/opt/airflow/dags/utils/data_quality.py", line 1, in <module>
    import great_expectations as ge
ModuleNotFoundError: No module named 'great_expectations'
[2026-02-14T17:46:27.228+0000] {processor.py:927} WARNING - No viable dags retrieved from /opt/airflow/dags/weather_pipeline_dag.py
[2026-02-14T17:46:27.258+0000] {processor.py:208} INFO - Processing /opt/airflow/dags/weather_pipeline_dag.py took 0.679 seconds
[2026-02-14T17:46:57.643+0000] {processor.py:186} INFO - Started process (PID=1103) to work on /opt/airflow/dags/weather_pipeline_dag.py
[2026-02-14T17:46:57.645+0000] {processor.py:914} INFO - Processing file /opt/airflow/dags/weather_pipeline_dag.py for tasks to queue
[2026-02-14T17:46:57.649+0000] {logging_mixin.py:190} INFO - [2026-02-14T17:46:57.649+0000] {dagbag.py:588} INFO - Filling up the DagBag from /opt/airflow/dags/weather_pipeline_dag.py
[2026-02-14T17:46:58.242+0000] {logging_mixin.py:190} INFO - [2026-02-14T17:46:58.227+0000] {dagbag.py:387} ERROR - Failed to import: /opt/airflow/dags/weather_pipeline_dag.py
Traceback (most recent call last):
  File "/home/airflow/.local/lib/python3.10/site-packages/airflow/models/dagbag.py", line 383, in parse
    loader.exec_module(new_module)
  File "<frozen importlib._bootstrap_external>", line 883, in exec_module
  File "<frozen importlib._bootstrap>", line 241, in _call_with_frames_removed
  File "/opt/airflow/dags/weather_pipeline_dag.py", line 10, in <module>
    from utils.data_quality import validate_weather
  File "/opt/airflow/dags/utils/data_quality.py", line 1, in <module>
    import great_expectations as ge
ModuleNotFoundError: No module named 'great_expectations'
[2026-02-14T17:46:58.248+0000] {processor.py:927} WARNING - No viable dags retrieved from /opt/airflow/dags/weather_pipeline_dag.py
[2026-02-14T17:46:58.279+0000] {processor.py:208} INFO - Processing /opt/airflow/dags/weather_pipeline_dag.py took 0.645 seconds
[2026-02-14T17:47:28.652+0000] {processor.py:186} INFO - Started process (PID=1109) to work on /opt/airflow/dags/weather_pipeline_dag.py
[2026-02-14T17:47:28.654+0000] {processor.py:914} INFO - Processing file /opt/airflow/dags/weather_pipeline_dag.py for tasks to queue
[2026-02-14T17:47:28.658+0000] {logging_mixin.py:190} INFO - [2026-02-14T17:47:28.658+0000] {dagbag.py:588} INFO - Filling up the DagBag from /opt/airflow/dags/weather_pipeline_dag.py
[2026-02-14T17:47:29.298+0000] {logging_mixin.py:190} INFO - [2026-02-14T17:47:29.285+0000] {dagbag.py:387} ERROR - Failed to import: /opt/airflow/dags/weather_pipeline_dag.py
Traceback (most recent call last):
  File "/home/airflow/.local/lib/python3.10/site-packages/airflow/models/dagbag.py", line 383, in parse
    loader.exec_module(new_module)
  File "<frozen importlib._bootstrap_external>", line 883, in exec_module
  File "<frozen importlib._bootstrap>", line 241, in _call_with_frames_removed
  File "/opt/airflow/dags/weather_pipeline_dag.py", line 10, in <module>
    from utils.data_quality import validate_weather
  File "/opt/airflow/dags/utils/data_quality.py", line 1, in <module>
    import great_expectations as ge
ModuleNotFoundError: No module named 'great_expectations'
[2026-02-14T17:47:29.305+0000] {processor.py:927} WARNING - No viable dags retrieved from /opt/airflow/dags/weather_pipeline_dag.py
[2026-02-14T17:47:29.336+0000] {processor.py:208} INFO - Processing /opt/airflow/dags/weather_pipeline_dag.py took 0.693 seconds
[2026-02-14T17:47:59.600+0000] {processor.py:186} INFO - Started process (PID=1115) to work on /opt/airflow/dags/weather_pipeline_dag.py
[2026-02-14T17:47:59.602+0000] {processor.py:914} INFO - Processing file /opt/airflow/dags/weather_pipeline_dag.py for tasks to queue
[2026-02-14T17:47:59.607+0000] {logging_mixin.py:190} INFO - [2026-02-14T17:47:59.607+0000] {dagbag.py:588} INFO - Filling up the DagBag from /opt/airflow/dags/weather_pipeline_dag.py
[2026-02-14T17:48:00.309+0000] {logging_mixin.py:190} INFO - [2026-02-14T17:48:00.292+0000] {dagbag.py:387} ERROR - Failed to import: /opt/airflow/dags/weather_pipeline_dag.py
Traceback (most recent call last):
  File "/home/airflow/.local/lib/python3.10/site-packages/airflow/models/dagbag.py", line 383, in parse
    loader.exec_module(new_module)
  File "<frozen importlib._bootstrap_external>", line 883, in exec_module
  File "<frozen importlib._bootstrap>", line 241, in _call_with_frames_removed
  File "/opt/airflow/dags/weather_pipeline_dag.py", line 10, in <module>
    from utils.data_quality import validate_weather
  File "/opt/airflow/dags/utils/data_quality.py", line 1, in <module>
    import great_expectations as ge
ModuleNotFoundError: No module named 'great_expectations'
[2026-02-14T17:48:00.314+0000] {processor.py:927} WARNING - No viable dags retrieved from /opt/airflow/dags/weather_pipeline_dag.py
[2026-02-14T17:48:00.344+0000] {processor.py:208} INFO - Processing /opt/airflow/dags/weather_pipeline_dag.py took 0.753 seconds
[2026-02-14T17:48:30.734+0000] {processor.py:186} INFO - Started process (PID=1121) to work on /opt/airflow/dags/weather_pipeline_dag.py
[2026-02-14T17:48:30.736+0000] {processor.py:914} INFO - Processing file /opt/airflow/dags/weather_pipeline_dag.py for tasks to queue
[2026-02-14T17:48:30.739+0000] {logging_mixin.py:190} INFO - [2026-02-14T17:48:30.739+0000] {dagbag.py:588} INFO - Filling up the DagBag from /opt/airflow/dags/weather_pipeline_dag.py
[2026-02-14T17:48:31.350+0000] {logging_mixin.py:190} INFO - [2026-02-14T17:48:31.336+0000] {dagbag.py:387} ERROR - Failed to import: /opt/airflow/dags/weather_pipeline_dag.py
Traceback (most recent call last):
  File "/home/airflow/.local/lib/python3.10/site-packages/airflow/models/dagbag.py", line 383, in parse
    loader.exec_module(new_module)
  File "<frozen importlib._bootstrap_external>", line 883, in exec_module
  File "<frozen importlib._bootstrap>", line 241, in _call_with_frames_removed
  File "/opt/airflow/dags/weather_pipeline_dag.py", line 10, in <module>
    from utils.data_quality import validate_weather
  File "/opt/airflow/dags/utils/data_quality.py", line 1, in <module>
    import great_expectations as ge
ModuleNotFoundError: No module named 'great_expectations'
[2026-02-14T17:48:31.355+0000] {processor.py:927} WARNING - No viable dags retrieved from /opt/airflow/dags/weather_pipeline_dag.py
[2026-02-14T17:48:31.384+0000] {processor.py:208} INFO - Processing /opt/airflow/dags/weather_pipeline_dag.py took 0.659 seconds
[2026-02-14T17:49:01.741+0000] {processor.py:186} INFO - Started process (PID=1127) to work on /opt/airflow/dags/weather_pipeline_dag.py
[2026-02-14T17:49:01.743+0000] {processor.py:914} INFO - Processing file /opt/airflow/dags/weather_pipeline_dag.py for tasks to queue
[2026-02-14T17:49:01.747+0000] {logging_mixin.py:190} INFO - [2026-02-14T17:49:01.746+0000] {dagbag.py:588} INFO - Filling up the DagBag from /opt/airflow/dags/weather_pipeline_dag.py
[2026-02-14T17:49:02.363+0000] {logging_mixin.py:190} INFO - [2026-02-14T17:49:02.350+0000] {dagbag.py:387} ERROR - Failed to import: /opt/airflow/dags/weather_pipeline_dag.py
Traceback (most recent call last):
  File "/home/airflow/.local/lib/python3.10/site-packages/airflow/models/dagbag.py", line 383, in parse
    loader.exec_module(new_module)
  File "<frozen importlib._bootstrap_external>", line 883, in exec_module
  File "<frozen importlib._bootstrap>", line 241, in _call_with_frames_removed
  File "/opt/airflow/dags/weather_pipeline_dag.py", line 10, in <module>
    from utils.data_quality import validate_weather
  File "/opt/airflow/dags/utils/data_quality.py", line 1, in <module>
    import great_expectations as ge
ModuleNotFoundError: No module named 'great_expectations'
[2026-02-14T17:49:02.367+0000] {processor.py:927} WARNING - No viable dags retrieved from /opt/airflow/dags/weather_pipeline_dag.py
[2026-02-14T17:49:02.398+0000] {processor.py:208} INFO - Processing /opt/airflow/dags/weather_pipeline_dag.py took 0.665 seconds
[2026-02-14T17:49:32.506+0000] {processor.py:186} INFO - Started process (PID=1133) to work on /opt/airflow/dags/weather_pipeline_dag.py
[2026-02-14T17:49:32.508+0000] {processor.py:914} INFO - Processing file /opt/airflow/dags/weather_pipeline_dag.py for tasks to queue
[2026-02-14T17:49:32.512+0000] {logging_mixin.py:190} INFO - [2026-02-14T17:49:32.512+0000] {dagbag.py:588} INFO - Filling up the DagBag from /opt/airflow/dags/weather_pipeline_dag.py
[2026-02-14T17:49:33.146+0000] {logging_mixin.py:190} INFO - [2026-02-14T17:49:33.132+0000] {dagbag.py:387} ERROR - Failed to import: /opt/airflow/dags/weather_pipeline_dag.py
Traceback (most recent call last):
  File "/home/airflow/.local/lib/python3.10/site-packages/airflow/models/dagbag.py", line 383, in parse
    loader.exec_module(new_module)
  File "<frozen importlib._bootstrap_external>", line 883, in exec_module
  File "<frozen importlib._bootstrap>", line 241, in _call_with_frames_removed
  File "/opt/airflow/dags/weather_pipeline_dag.py", line 10, in <module>
    from utils.data_quality import validate_weather
  File "/opt/airflow/dags/utils/data_quality.py", line 1, in <module>
    import great_expectations as ge
ModuleNotFoundError: No module named 'great_expectations'
[2026-02-14T17:49:33.150+0000] {processor.py:927} WARNING - No viable dags retrieved from /opt/airflow/dags/weather_pipeline_dag.py
[2026-02-14T17:49:33.185+0000] {processor.py:208} INFO - Processing /opt/airflow/dags/weather_pipeline_dag.py took 0.687 seconds
[2026-02-14T17:50:03.579+0000] {processor.py:186} INFO - Started process (PID=1139) to work on /opt/airflow/dags/weather_pipeline_dag.py
[2026-02-14T17:50:03.581+0000] {processor.py:914} INFO - Processing file /opt/airflow/dags/weather_pipeline_dag.py for tasks to queue
[2026-02-14T17:50:03.586+0000] {logging_mixin.py:190} INFO - [2026-02-14T17:50:03.585+0000] {dagbag.py:588} INFO - Filling up the DagBag from /opt/airflow/dags/weather_pipeline_dag.py
[2026-02-14T17:50:04.196+0000] {logging_mixin.py:190} INFO - [2026-02-14T17:50:04.183+0000] {dagbag.py:387} ERROR - Failed to import: /opt/airflow/dags/weather_pipeline_dag.py
Traceback (most recent call last):
  File "/home/airflow/.local/lib/python3.10/site-packages/airflow/models/dagbag.py", line 383, in parse
    loader.exec_module(new_module)
  File "<frozen importlib._bootstrap_external>", line 883, in exec_module
  File "<frozen importlib._bootstrap>", line 241, in _call_with_frames_removed
  File "/opt/airflow/dags/weather_pipeline_dag.py", line 10, in <module>
    from utils.data_quality import validate_weather
  File "/opt/airflow/dags/utils/data_quality.py", line 1, in <module>
    import great_expectations as ge
ModuleNotFoundError: No module named 'great_expectations'
[2026-02-14T17:50:04.202+0000] {processor.py:927} WARNING - No viable dags retrieved from /opt/airflow/dags/weather_pipeline_dag.py
[2026-02-14T17:50:04.231+0000] {processor.py:208} INFO - Processing /opt/airflow/dags/weather_pipeline_dag.py took 0.660 seconds
[2026-02-14T17:50:34.356+0000] {processor.py:186} INFO - Started process (PID=1145) to work on /opt/airflow/dags/weather_pipeline_dag.py
[2026-02-14T17:50:34.358+0000] {processor.py:914} INFO - Processing file /opt/airflow/dags/weather_pipeline_dag.py for tasks to queue
[2026-02-14T17:50:34.363+0000] {logging_mixin.py:190} INFO - [2026-02-14T17:50:34.362+0000] {dagbag.py:588} INFO - Filling up the DagBag from /opt/airflow/dags/weather_pipeline_dag.py
[2026-02-14T17:50:35.005+0000] {logging_mixin.py:190} INFO - [2026-02-14T17:50:34.989+0000] {dagbag.py:387} ERROR - Failed to import: /opt/airflow/dags/weather_pipeline_dag.py
Traceback (most recent call last):
  File "/home/airflow/.local/lib/python3.10/site-packages/airflow/models/dagbag.py", line 383, in parse
    loader.exec_module(new_module)
  File "<frozen importlib._bootstrap_external>", line 883, in exec_module
  File "<frozen importlib._bootstrap>", line 241, in _call_with_frames_removed
  File "/opt/airflow/dags/weather_pipeline_dag.py", line 10, in <module>
    from utils.data_quality import validate_weather
  File "/opt/airflow/dags/utils/data_quality.py", line 1, in <module>
    import great_expectations as ge
ModuleNotFoundError: No module named 'great_expectations'
[2026-02-14T17:50:35.010+0000] {processor.py:927} WARNING - No viable dags retrieved from /opt/airflow/dags/weather_pipeline_dag.py
[2026-02-14T17:50:35.042+0000] {processor.py:208} INFO - Processing /opt/airflow/dags/weather_pipeline_dag.py took 0.694 seconds
[2026-02-14T17:51:05.415+0000] {processor.py:186} INFO - Started process (PID=1151) to work on /opt/airflow/dags/weather_pipeline_dag.py
[2026-02-14T17:51:05.417+0000] {processor.py:914} INFO - Processing file /opt/airflow/dags/weather_pipeline_dag.py for tasks to queue
[2026-02-14T17:51:05.421+0000] {logging_mixin.py:190} INFO - [2026-02-14T17:51:05.421+0000] {dagbag.py:588} INFO - Filling up the DagBag from /opt/airflow/dags/weather_pipeline_dag.py
[2026-02-14T17:51:06.015+0000] {logging_mixin.py:190} INFO - [2026-02-14T17:51:06.003+0000] {dagbag.py:387} ERROR - Failed to import: /opt/airflow/dags/weather_pipeline_dag.py
Traceback (most recent call last):
  File "/home/airflow/.local/lib/python3.10/site-packages/airflow/models/dagbag.py", line 383, in parse
    loader.exec_module(new_module)
  File "<frozen importlib._bootstrap_external>", line 883, in exec_module
  File "<frozen importlib._bootstrap>", line 241, in _call_with_frames_removed
  File "/opt/airflow/dags/weather_pipeline_dag.py", line 10, in <module>
    from utils.data_quality import validate_weather
  File "/opt/airflow/dags/utils/data_quality.py", line 1, in <module>
    import great_expectations as ge
ModuleNotFoundError: No module named 'great_expectations'
[2026-02-14T17:51:06.020+0000] {processor.py:927} WARNING - No viable dags retrieved from /opt/airflow/dags/weather_pipeline_dag.py
[2026-02-14T17:51:06.050+0000] {processor.py:208} INFO - Processing /opt/airflow/dags/weather_pipeline_dag.py took 0.644 seconds
[2026-02-14T17:51:36.701+0000] {processor.py:186} INFO - Started process (PID=1157) to work on /opt/airflow/dags/weather_pipeline_dag.py
[2026-02-14T17:51:36.703+0000] {processor.py:914} INFO - Processing file /opt/airflow/dags/weather_pipeline_dag.py for tasks to queue
[2026-02-14T17:51:36.707+0000] {logging_mixin.py:190} INFO - [2026-02-14T17:51:36.707+0000] {dagbag.py:588} INFO - Filling up the DagBag from /opt/airflow/dags/weather_pipeline_dag.py
[2026-02-14T17:51:37.319+0000] {logging_mixin.py:190} INFO - [2026-02-14T17:51:37.306+0000] {dagbag.py:387} ERROR - Failed to import: /opt/airflow/dags/weather_pipeline_dag.py
Traceback (most recent call last):
  File "/home/airflow/.local/lib/python3.10/site-packages/airflow/models/dagbag.py", line 383, in parse
    loader.exec_module(new_module)
  File "<frozen importlib._bootstrap_external>", line 883, in exec_module
  File "<frozen importlib._bootstrap>", line 241, in _call_with_frames_removed
  File "/opt/airflow/dags/weather_pipeline_dag.py", line 10, in <module>
    from utils.data_quality import validate_weather
  File "/opt/airflow/dags/utils/data_quality.py", line 1, in <module>
    import great_expectations as ge
ModuleNotFoundError: No module named 'great_expectations'
[2026-02-14T17:51:37.324+0000] {processor.py:927} WARNING - No viable dags retrieved from /opt/airflow/dags/weather_pipeline_dag.py
[2026-02-14T17:51:37.355+0000] {processor.py:208} INFO - Processing /opt/airflow/dags/weather_pipeline_dag.py took 0.664 seconds
[2026-02-14T17:52:07.726+0000] {processor.py:186} INFO - Started process (PID=1163) to work on /opt/airflow/dags/weather_pipeline_dag.py
[2026-02-14T17:52:07.728+0000] {processor.py:914} INFO - Processing file /opt/airflow/dags/weather_pipeline_dag.py for tasks to queue
[2026-02-14T17:52:07.733+0000] {logging_mixin.py:190} INFO - [2026-02-14T17:52:07.732+0000] {dagbag.py:588} INFO - Filling up the DagBag from /opt/airflow/dags/weather_pipeline_dag.py
[2026-02-14T17:52:08.352+0000] {logging_mixin.py:190} INFO - [2026-02-14T17:52:08.341+0000] {dagbag.py:387} ERROR - Failed to import: /opt/airflow/dags/weather_pipeline_dag.py
Traceback (most recent call last):
  File "/home/airflow/.local/lib/python3.10/site-packages/airflow/models/dagbag.py", line 383, in parse
    loader.exec_module(new_module)
  File "<frozen importlib._bootstrap_external>", line 883, in exec_module
  File "<frozen importlib._bootstrap>", line 241, in _call_with_frames_removed
  File "/opt/airflow/dags/weather_pipeline_dag.py", line 10, in <module>
    from utils.data_quality import validate_weather
  File "/opt/airflow/dags/utils/data_quality.py", line 1, in <module>
    import great_expectations as ge
ModuleNotFoundError: No module named 'great_expectations'
[2026-02-14T17:52:08.357+0000] {processor.py:927} WARNING - No viable dags retrieved from /opt/airflow/dags/weather_pipeline_dag.py
[2026-02-14T17:52:08.387+0000] {processor.py:208} INFO - Processing /opt/airflow/dags/weather_pipeline_dag.py took 0.669 seconds
[2026-02-14T17:52:38.718+0000] {processor.py:186} INFO - Started process (PID=1169) to work on /opt/airflow/dags/weather_pipeline_dag.py
[2026-02-14T17:52:38.720+0000] {processor.py:914} INFO - Processing file /opt/airflow/dags/weather_pipeline_dag.py for tasks to queue
[2026-02-14T17:52:38.724+0000] {logging_mixin.py:190} INFO - [2026-02-14T17:52:38.723+0000] {dagbag.py:588} INFO - Filling up the DagBag from /opt/airflow/dags/weather_pipeline_dag.py
[2026-02-14T17:52:39.366+0000] {logging_mixin.py:190} INFO - [2026-02-14T17:52:39.354+0000] {dagbag.py:387} ERROR - Failed to import: /opt/airflow/dags/weather_pipeline_dag.py
Traceback (most recent call last):
  File "/home/airflow/.local/lib/python3.10/site-packages/airflow/models/dagbag.py", line 383, in parse
    loader.exec_module(new_module)
  File "<frozen importlib._bootstrap_external>", line 883, in exec_module
  File "<frozen importlib._bootstrap>", line 241, in _call_with_frames_removed
  File "/opt/airflow/dags/weather_pipeline_dag.py", line 10, in <module>
    from utils.data_quality import validate_weather
  File "/opt/airflow/dags/utils/data_quality.py", line 1, in <module>
    import great_expectations as ge
ModuleNotFoundError: No module named 'great_expectations'
[2026-02-14T17:52:39.371+0000] {processor.py:927} WARNING - No viable dags retrieved from /opt/airflow/dags/weather_pipeline_dag.py
[2026-02-14T17:52:39.402+0000] {processor.py:208} INFO - Processing /opt/airflow/dags/weather_pipeline_dag.py took 0.692 seconds
[2026-02-14T17:53:09.766+0000] {processor.py:186} INFO - Started process (PID=1175) to work on /opt/airflow/dags/weather_pipeline_dag.py
[2026-02-14T17:53:09.767+0000] {processor.py:914} INFO - Processing file /opt/airflow/dags/weather_pipeline_dag.py for tasks to queue
[2026-02-14T17:53:09.771+0000] {logging_mixin.py:190} INFO - [2026-02-14T17:53:09.770+0000] {dagbag.py:588} INFO - Filling up the DagBag from /opt/airflow/dags/weather_pipeline_dag.py
[2026-02-14T17:53:10.382+0000] {logging_mixin.py:190} INFO - [2026-02-14T17:53:10.370+0000] {dagbag.py:387} ERROR - Failed to import: /opt/airflow/dags/weather_pipeline_dag.py
Traceback (most recent call last):
  File "/home/airflow/.local/lib/python3.10/site-packages/airflow/models/dagbag.py", line 383, in parse
    loader.exec_module(new_module)
  File "<frozen importlib._bootstrap_external>", line 883, in exec_module
  File "<frozen importlib._bootstrap>", line 241, in _call_with_frames_removed
  File "/opt/airflow/dags/weather_pipeline_dag.py", line 10, in <module>
    from utils.data_quality import validate_weather
  File "/opt/airflow/dags/utils/data_quality.py", line 1, in <module>
    import great_expectations as ge
ModuleNotFoundError: No module named 'great_expectations'
[2026-02-14T17:53:10.386+0000] {processor.py:927} WARNING - No viable dags retrieved from /opt/airflow/dags/weather_pipeline_dag.py
[2026-02-14T17:53:10.419+0000] {processor.py:208} INFO - Processing /opt/airflow/dags/weather_pipeline_dag.py took 0.661 seconds
[2026-02-14T17:53:40.802+0000] {processor.py:186} INFO - Started process (PID=1181) to work on /opt/airflow/dags/weather_pipeline_dag.py
[2026-02-14T17:53:40.804+0000] {processor.py:914} INFO - Processing file /opt/airflow/dags/weather_pipeline_dag.py for tasks to queue
[2026-02-14T17:53:40.808+0000] {logging_mixin.py:190} INFO - [2026-02-14T17:53:40.808+0000] {dagbag.py:588} INFO - Filling up the DagBag from /opt/airflow/dags/weather_pipeline_dag.py
[2026-02-14T17:53:41.428+0000] {logging_mixin.py:190} INFO - [2026-02-14T17:53:41.415+0000] {dagbag.py:387} ERROR - Failed to import: /opt/airflow/dags/weather_pipeline_dag.py
Traceback (most recent call last):
  File "/home/airflow/.local/lib/python3.10/site-packages/airflow/models/dagbag.py", line 383, in parse
    loader.exec_module(new_module)
  File "<frozen importlib._bootstrap_external>", line 883, in exec_module
  File "<frozen importlib._bootstrap>", line 241, in _call_with_frames_removed
  File "/opt/airflow/dags/weather_pipeline_dag.py", line 10, in <module>
    from utils.data_quality import validate_weather
  File "/opt/airflow/dags/utils/data_quality.py", line 1, in <module>
    import great_expectations as ge
ModuleNotFoundError: No module named 'great_expectations'
[2026-02-14T17:53:41.431+0000] {processor.py:927} WARNING - No viable dags retrieved from /opt/airflow/dags/weather_pipeline_dag.py
[2026-02-14T17:53:41.462+0000] {processor.py:208} INFO - Processing /opt/airflow/dags/weather_pipeline_dag.py took 0.669 seconds
[2026-02-14T17:54:11.603+0000] {processor.py:186} INFO - Started process (PID=1187) to work on /opt/airflow/dags/weather_pipeline_dag.py
[2026-02-14T17:54:11.605+0000] {processor.py:914} INFO - Processing file /opt/airflow/dags/weather_pipeline_dag.py for tasks to queue
[2026-02-14T17:54:11.610+0000] {logging_mixin.py:190} INFO - [2026-02-14T17:54:11.609+0000] {dagbag.py:588} INFO - Filling up the DagBag from /opt/airflow/dags/weather_pipeline_dag.py
[2026-02-14T17:54:12.239+0000] {logging_mixin.py:190} INFO - [2026-02-14T17:54:12.228+0000] {dagbag.py:387} ERROR - Failed to import: /opt/airflow/dags/weather_pipeline_dag.py
Traceback (most recent call last):
  File "/home/airflow/.local/lib/python3.10/site-packages/airflow/models/dagbag.py", line 383, in parse
    loader.exec_module(new_module)
  File "<frozen importlib._bootstrap_external>", line 883, in exec_module
  File "<frozen importlib._bootstrap>", line 241, in _call_with_frames_removed
  File "/opt/airflow/dags/weather_pipeline_dag.py", line 10, in <module>
    from utils.data_quality import validate_weather
  File "/opt/airflow/dags/utils/data_quality.py", line 1, in <module>
    import great_expectations as ge
ModuleNotFoundError: No module named 'great_expectations'
[2026-02-14T17:54:12.244+0000] {processor.py:927} WARNING - No viable dags retrieved from /opt/airflow/dags/weather_pipeline_dag.py
[2026-02-14T17:54:12.276+0000] {processor.py:208} INFO - Processing /opt/airflow/dags/weather_pipeline_dag.py took 0.683 seconds
[2026-02-14T17:54:42.659+0000] {processor.py:186} INFO - Started process (PID=1193) to work on /opt/airflow/dags/weather_pipeline_dag.py
[2026-02-14T17:54:42.661+0000] {processor.py:914} INFO - Processing file /opt/airflow/dags/weather_pipeline_dag.py for tasks to queue
[2026-02-14T17:54:42.665+0000] {logging_mixin.py:190} INFO - [2026-02-14T17:54:42.664+0000] {dagbag.py:588} INFO - Filling up the DagBag from /opt/airflow/dags/weather_pipeline_dag.py
[2026-02-14T17:54:43.308+0000] {logging_mixin.py:190} INFO - [2026-02-14T17:54:43.290+0000] {dagbag.py:387} ERROR - Failed to import: /opt/airflow/dags/weather_pipeline_dag.py
Traceback (most recent call last):
  File "/home/airflow/.local/lib/python3.10/site-packages/airflow/models/dagbag.py", line 383, in parse
    loader.exec_module(new_module)
  File "<frozen importlib._bootstrap_external>", line 883, in exec_module
  File "<frozen importlib._bootstrap>", line 241, in _call_with_frames_removed
  File "/opt/airflow/dags/weather_pipeline_dag.py", line 10, in <module>
    from utils.data_quality import validate_weather
  File "/opt/airflow/dags/utils/data_quality.py", line 1, in <module>
    import great_expectations as ge
ModuleNotFoundError: No module named 'great_expectations'
[2026-02-14T17:54:43.313+0000] {processor.py:927} WARNING - No viable dags retrieved from /opt/airflow/dags/weather_pipeline_dag.py
[2026-02-14T17:54:43.343+0000] {processor.py:208} INFO - Processing /opt/airflow/dags/weather_pipeline_dag.py took 0.693 seconds
[2026-02-14T17:55:13.713+0000] {processor.py:186} INFO - Started process (PID=1199) to work on /opt/airflow/dags/weather_pipeline_dag.py
[2026-02-14T17:55:13.714+0000] {processor.py:914} INFO - Processing file /opt/airflow/dags/weather_pipeline_dag.py for tasks to queue
[2026-02-14T17:55:13.718+0000] {logging_mixin.py:190} INFO - [2026-02-14T17:55:13.718+0000] {dagbag.py:588} INFO - Filling up the DagBag from /opt/airflow/dags/weather_pipeline_dag.py
[2026-02-14T17:55:14.347+0000] {logging_mixin.py:190} INFO - [2026-02-14T17:55:14.333+0000] {dagbag.py:387} ERROR - Failed to import: /opt/airflow/dags/weather_pipeline_dag.py
Traceback (most recent call last):
  File "/home/airflow/.local/lib/python3.10/site-packages/airflow/models/dagbag.py", line 383, in parse
    loader.exec_module(new_module)
  File "<frozen importlib._bootstrap_external>", line 883, in exec_module
  File "<frozen importlib._bootstrap>", line 241, in _call_with_frames_removed
  File "/opt/airflow/dags/weather_pipeline_dag.py", line 10, in <module>
    from utils.data_quality import validate_weather
  File "/opt/airflow/dags/utils/data_quality.py", line 1, in <module>
    import great_expectations as ge
ModuleNotFoundError: No module named 'great_expectations'
[2026-02-14T17:55:14.350+0000] {processor.py:927} WARNING - No viable dags retrieved from /opt/airflow/dags/weather_pipeline_dag.py
[2026-02-14T17:55:14.382+0000] {processor.py:208} INFO - Processing /opt/airflow/dags/weather_pipeline_dag.py took 0.678 seconds
[2026-02-14T17:55:44.692+0000] {processor.py:186} INFO - Started process (PID=1205) to work on /opt/airflow/dags/weather_pipeline_dag.py
[2026-02-14T17:55:44.694+0000] {processor.py:914} INFO - Processing file /opt/airflow/dags/weather_pipeline_dag.py for tasks to queue
[2026-02-14T17:55:44.698+0000] {logging_mixin.py:190} INFO - [2026-02-14T17:55:44.698+0000] {dagbag.py:588} INFO - Filling up the DagBag from /opt/airflow/dags/weather_pipeline_dag.py
[2026-02-14T17:55:45.377+0000] {logging_mixin.py:190} INFO - [2026-02-14T17:55:45.365+0000] {dagbag.py:387} ERROR - Failed to import: /opt/airflow/dags/weather_pipeline_dag.py
Traceback (most recent call last):
  File "/home/airflow/.local/lib/python3.10/site-packages/airflow/models/dagbag.py", line 383, in parse
    loader.exec_module(new_module)
  File "<frozen importlib._bootstrap_external>", line 883, in exec_module
  File "<frozen importlib._bootstrap>", line 241, in _call_with_frames_removed
  File "/opt/airflow/dags/weather_pipeline_dag.py", line 10, in <module>
    from utils.data_quality import validate_weather
  File "/opt/airflow/dags/utils/data_quality.py", line 1, in <module>
    import great_expectations as ge
ModuleNotFoundError: No module named 'great_expectations'
[2026-02-14T17:55:45.382+0000] {processor.py:927} WARNING - No viable dags retrieved from /opt/airflow/dags/weather_pipeline_dag.py
[2026-02-14T17:55:45.415+0000] {processor.py:208} INFO - Processing /opt/airflow/dags/weather_pipeline_dag.py took 0.731 seconds
[2026-02-14T17:56:15.832+0000] {processor.py:186} INFO - Started process (PID=1211) to work on /opt/airflow/dags/weather_pipeline_dag.py
[2026-02-14T17:56:15.834+0000] {processor.py:914} INFO - Processing file /opt/airflow/dags/weather_pipeline_dag.py for tasks to queue
[2026-02-14T17:56:15.809+0000] {logging_mixin.py:190} INFO - [2026-02-14T17:56:15.809+0000] {dagbag.py:588} INFO - Filling up the DagBag from /opt/airflow/dags/weather_pipeline_dag.py
[2026-02-14T17:56:16.422+0000] {logging_mixin.py:190} INFO - [2026-02-14T17:56:16.408+0000] {dagbag.py:387} ERROR - Failed to import: /opt/airflow/dags/weather_pipeline_dag.py
Traceback (most recent call last):
  File "/home/airflow/.local/lib/python3.10/site-packages/airflow/models/dagbag.py", line 383, in parse
    loader.exec_module(new_module)
  File "<frozen importlib._bootstrap_external>", line 883, in exec_module
  File "<frozen importlib._bootstrap>", line 241, in _call_with_frames_removed
  File "/opt/airflow/dags/weather_pipeline_dag.py", line 10, in <module>
    from utils.data_quality import validate_weather
  File "/opt/airflow/dags/utils/data_quality.py", line 1, in <module>
    import great_expectations as ge
ModuleNotFoundError: No module named 'great_expectations'
[2026-02-14T17:56:16.428+0000] {processor.py:927} WARNING - No viable dags retrieved from /opt/airflow/dags/weather_pipeline_dag.py
[2026-02-14T17:56:16.461+0000] {processor.py:208} INFO - Processing /opt/airflow/dags/weather_pipeline_dag.py took 0.667 seconds
[2026-02-14T17:56:47.158+0000] {processor.py:186} INFO - Started process (PID=1217) to work on /opt/airflow/dags/weather_pipeline_dag.py
[2026-02-14T17:56:47.159+0000] {processor.py:914} INFO - Processing file /opt/airflow/dags/weather_pipeline_dag.py for tasks to queue
[2026-02-14T17:56:47.164+0000] {logging_mixin.py:190} INFO - [2026-02-14T17:56:47.164+0000] {dagbag.py:588} INFO - Filling up the DagBag from /opt/airflow/dags/weather_pipeline_dag.py
[2026-02-14T17:56:47.780+0000] {logging_mixin.py:190} INFO - [2026-02-14T17:56:47.767+0000] {dagbag.py:387} ERROR - Failed to import: /opt/airflow/dags/weather_pipeline_dag.py
Traceback (most recent call last):
  File "/home/airflow/.local/lib/python3.10/site-packages/airflow/models/dagbag.py", line 383, in parse
    loader.exec_module(new_module)
  File "<frozen importlib._bootstrap_external>", line 883, in exec_module
  File "<frozen importlib._bootstrap>", line 241, in _call_with_frames_removed
  File "/opt/airflow/dags/weather_pipeline_dag.py", line 10, in <module>
    from utils.data_quality import validate_weather
  File "/opt/airflow/dags/utils/data_quality.py", line 1, in <module>
    import great_expectations as ge
ModuleNotFoundError: No module named 'great_expectations'
[2026-02-14T17:56:47.784+0000] {processor.py:927} WARNING - No viable dags retrieved from /opt/airflow/dags/weather_pipeline_dag.py
[2026-02-14T17:56:47.815+0000] {processor.py:208} INFO - Processing /opt/airflow/dags/weather_pipeline_dag.py took 0.667 seconds
[2026-02-14T17:57:18.198+0000] {processor.py:186} INFO - Started process (PID=1223) to work on /opt/airflow/dags/weather_pipeline_dag.py
[2026-02-14T17:57:18.200+0000] {processor.py:914} INFO - Processing file /opt/airflow/dags/weather_pipeline_dag.py for tasks to queue
[2026-02-14T17:57:18.204+0000] {logging_mixin.py:190} INFO - [2026-02-14T17:57:18.204+0000] {dagbag.py:588} INFO - Filling up the DagBag from /opt/airflow/dags/weather_pipeline_dag.py
[2026-02-14T17:57:18.803+0000] {logging_mixin.py:190} INFO - [2026-02-14T17:57:18.792+0000] {dagbag.py:387} ERROR - Failed to import: /opt/airflow/dags/weather_pipeline_dag.py
Traceback (most recent call last):
  File "/home/airflow/.local/lib/python3.10/site-packages/airflow/models/dagbag.py", line 383, in parse
    loader.exec_module(new_module)
  File "<frozen importlib._bootstrap_external>", line 883, in exec_module
  File "<frozen importlib._bootstrap>", line 241, in _call_with_frames_removed
  File "/opt/airflow/dags/weather_pipeline_dag.py", line 10, in <module>
    from utils.data_quality import validate_weather
  File "/opt/airflow/dags/utils/data_quality.py", line 1, in <module>
    import great_expectations as ge
ModuleNotFoundError: No module named 'great_expectations'
[2026-02-14T17:57:18.809+0000] {processor.py:927} WARNING - No viable dags retrieved from /opt/airflow/dags/weather_pipeline_dag.py
[2026-02-14T17:57:18.839+0000] {processor.py:208} INFO - Processing /opt/airflow/dags/weather_pipeline_dag.py took 0.650 seconds
[2026-02-14T17:57:49.204+0000] {processor.py:186} INFO - Started process (PID=1229) to work on /opt/airflow/dags/weather_pipeline_dag.py
[2026-02-14T17:57:49.206+0000] {processor.py:914} INFO - Processing file /opt/airflow/dags/weather_pipeline_dag.py for tasks to queue
[2026-02-14T17:57:49.211+0000] {logging_mixin.py:190} INFO - [2026-02-14T17:57:49.210+0000] {dagbag.py:588} INFO - Filling up the DagBag from /opt/airflow/dags/weather_pipeline_dag.py
[2026-02-14T17:57:49.806+0000] {logging_mixin.py:190} INFO - [2026-02-14T17:57:49.793+0000] {dagbag.py:387} ERROR - Failed to import: /opt/airflow/dags/weather_pipeline_dag.py
Traceback (most recent call last):
  File "/home/airflow/.local/lib/python3.10/site-packages/airflow/models/dagbag.py", line 383, in parse
    loader.exec_module(new_module)
  File "<frozen importlib._bootstrap_external>", line 883, in exec_module
  File "<frozen importlib._bootstrap>", line 241, in _call_with_frames_removed
  File "/opt/airflow/dags/weather_pipeline_dag.py", line 10, in <module>
    from utils.data_quality import validate_weather
  File "/opt/airflow/dags/utils/data_quality.py", line 1, in <module>
    import great_expectations as ge
ModuleNotFoundError: No module named 'great_expectations'
[2026-02-14T17:57:49.810+0000] {processor.py:927} WARNING - No viable dags retrieved from /opt/airflow/dags/weather_pipeline_dag.py
[2026-02-14T17:57:49.842+0000] {processor.py:208} INFO - Processing /opt/airflow/dags/weather_pipeline_dag.py took 0.647 seconds
[2026-02-14T17:58:20.079+0000] {processor.py:186} INFO - Started process (PID=1235) to work on /opt/airflow/dags/weather_pipeline_dag.py
[2026-02-14T17:58:20.081+0000] {processor.py:914} INFO - Processing file /opt/airflow/dags/weather_pipeline_dag.py for tasks to queue
[2026-02-14T17:58:20.085+0000] {logging_mixin.py:190} INFO - [2026-02-14T17:58:20.085+0000] {dagbag.py:588} INFO - Filling up the DagBag from /opt/airflow/dags/weather_pipeline_dag.py
[2026-02-14T17:58:20.688+0000] {logging_mixin.py:190} INFO - [2026-02-14T17:58:20.676+0000] {dagbag.py:387} ERROR - Failed to import: /opt/airflow/dags/weather_pipeline_dag.py
Traceback (most recent call last):
  File "/home/airflow/.local/lib/python3.10/site-packages/airflow/models/dagbag.py", line 383, in parse
    loader.exec_module(new_module)
  File "<frozen importlib._bootstrap_external>", line 883, in exec_module
  File "<frozen importlib._bootstrap>", line 241, in _call_with_frames_removed
  File "/opt/airflow/dags/weather_pipeline_dag.py", line 10, in <module>
    from utils.data_quality import validate_weather
  File "/opt/airflow/dags/utils/data_quality.py", line 1, in <module>
    import great_expectations as ge
ModuleNotFoundError: No module named 'great_expectations'
[2026-02-14T17:58:20.693+0000] {processor.py:927} WARNING - No viable dags retrieved from /opt/airflow/dags/weather_pipeline_dag.py
[2026-02-14T17:58:20.735+0000] {processor.py:208} INFO - Processing /opt/airflow/dags/weather_pipeline_dag.py took 0.664 seconds
[2026-02-14T17:58:51.186+0000] {processor.py:186} INFO - Started process (PID=1241) to work on /opt/airflow/dags/weather_pipeline_dag.py
[2026-02-14T17:58:51.188+0000] {processor.py:914} INFO - Processing file /opt/airflow/dags/weather_pipeline_dag.py for tasks to queue
[2026-02-14T17:58:51.191+0000] {logging_mixin.py:190} INFO - [2026-02-14T17:58:51.191+0000] {dagbag.py:588} INFO - Filling up the DagBag from /opt/airflow/dags/weather_pipeline_dag.py
[2026-02-14T17:58:51.825+0000] {logging_mixin.py:190} INFO - [2026-02-14T17:58:51.809+0000] {dagbag.py:387} ERROR - Failed to import: /opt/airflow/dags/weather_pipeline_dag.py
Traceback (most recent call last):
  File "/home/airflow/.local/lib/python3.10/site-packages/airflow/models/dagbag.py", line 383, in parse
    loader.exec_module(new_module)
  File "<frozen importlib._bootstrap_external>", line 883, in exec_module
  File "<frozen importlib._bootstrap>", line 241, in _call_with_frames_removed
  File "/opt/airflow/dags/weather_pipeline_dag.py", line 10, in <module>
    from utils.data_quality import validate_weather
  File "/opt/airflow/dags/utils/data_quality.py", line 1, in <module>
    import great_expectations as ge
ModuleNotFoundError: No module named 'great_expectations'
[2026-02-14T17:58:51.831+0000] {processor.py:927} WARNING - No viable dags retrieved from /opt/airflow/dags/weather_pipeline_dag.py
[2026-02-14T17:58:51.863+0000] {processor.py:208} INFO - Processing /opt/airflow/dags/weather_pipeline_dag.py took 0.687 seconds
[2026-02-14T17:59:22.247+0000] {processor.py:186} INFO - Started process (PID=1247) to work on /opt/airflow/dags/weather_pipeline_dag.py
[2026-02-14T17:59:22.249+0000] {processor.py:914} INFO - Processing file /opt/airflow/dags/weather_pipeline_dag.py for tasks to queue
[2026-02-14T17:59:22.254+0000] {logging_mixin.py:190} INFO - [2026-02-14T17:59:22.253+0000] {dagbag.py:588} INFO - Filling up the DagBag from /opt/airflow/dags/weather_pipeline_dag.py
[2026-02-14T17:59:22.909+0000] {logging_mixin.py:190} INFO - [2026-02-14T17:59:22.896+0000] {dagbag.py:387} ERROR - Failed to import: /opt/airflow/dags/weather_pipeline_dag.py
Traceback (most recent call last):
  File "/home/airflow/.local/lib/python3.10/site-packages/airflow/models/dagbag.py", line 383, in parse
    loader.exec_module(new_module)
  File "<frozen importlib._bootstrap_external>", line 883, in exec_module
  File "<frozen importlib._bootstrap>", line 241, in _call_with_frames_removed
  File "/opt/airflow/dags/weather_pipeline_dag.py", line 10, in <module>
    from utils.data_quality import validate_weather
  File "/opt/airflow/dags/utils/data_quality.py", line 1, in <module>
    import great_expectations as ge
ModuleNotFoundError: No module named 'great_expectations'
[2026-02-14T17:59:22.915+0000] {processor.py:927} WARNING - No viable dags retrieved from /opt/airflow/dags/weather_pipeline_dag.py
[2026-02-14T17:59:22.947+0000] {processor.py:208} INFO - Processing /opt/airflow/dags/weather_pipeline_dag.py took 0.708 seconds
[2026-02-14T17:59:53.106+0000] {processor.py:186} INFO - Started process (PID=1253) to work on /opt/airflow/dags/weather_pipeline_dag.py
[2026-02-14T17:59:53.109+0000] {processor.py:914} INFO - Processing file /opt/airflow/dags/weather_pipeline_dag.py for tasks to queue
[2026-02-14T17:59:53.116+0000] {logging_mixin.py:190} INFO - [2026-02-14T17:59:53.116+0000] {dagbag.py:588} INFO - Filling up the DagBag from /opt/airflow/dags/weather_pipeline_dag.py
[2026-02-14T17:59:53.791+0000] {logging_mixin.py:190} INFO - [2026-02-14T17:59:53.777+0000] {dagbag.py:387} ERROR - Failed to import: /opt/airflow/dags/weather_pipeline_dag.py
Traceback (most recent call last):
  File "/home/airflow/.local/lib/python3.10/site-packages/airflow/models/dagbag.py", line 383, in parse
    loader.exec_module(new_module)
  File "<frozen importlib._bootstrap_external>", line 883, in exec_module
  File "<frozen importlib._bootstrap>", line 241, in _call_with_frames_removed
  File "/opt/airflow/dags/weather_pipeline_dag.py", line 10, in <module>
    from utils.data_quality import validate_weather
  File "/opt/airflow/dags/utils/data_quality.py", line 1, in <module>
    import great_expectations as ge
ModuleNotFoundError: No module named 'great_expectations'
[2026-02-14T17:59:53.795+0000] {processor.py:927} WARNING - No viable dags retrieved from /opt/airflow/dags/weather_pipeline_dag.py
[2026-02-14T17:59:53.826+0000] {processor.py:208} INFO - Processing /opt/airflow/dags/weather_pipeline_dag.py took 0.732 seconds
[2026-02-14T18:00:24.201+0000] {processor.py:186} INFO - Started process (PID=1259) to work on /opt/airflow/dags/weather_pipeline_dag.py
[2026-02-14T18:00:24.203+0000] {processor.py:914} INFO - Processing file /opt/airflow/dags/weather_pipeline_dag.py for tasks to queue
[2026-02-14T18:00:24.207+0000] {logging_mixin.py:190} INFO - [2026-02-14T18:00:24.207+0000] {dagbag.py:588} INFO - Filling up the DagBag from /opt/airflow/dags/weather_pipeline_dag.py
[2026-02-14T18:00:24.945+0000] {logging_mixin.py:190} INFO - [2026-02-14T18:00:24.928+0000] {dagbag.py:387} ERROR - Failed to import: /opt/airflow/dags/weather_pipeline_dag.py
Traceback (most recent call last):
  File "/home/airflow/.local/lib/python3.10/site-packages/airflow/models/dagbag.py", line 383, in parse
    loader.exec_module(new_module)
  File "<frozen importlib._bootstrap_external>", line 883, in exec_module
  File "<frozen importlib._bootstrap>", line 241, in _call_with_frames_removed
  File "/opt/airflow/dags/weather_pipeline_dag.py", line 10, in <module>
    from utils.data_quality import validate_weather
  File "/opt/airflow/dags/utils/data_quality.py", line 1, in <module>
    import great_expectations as ge
ModuleNotFoundError: No module named 'great_expectations'
[2026-02-14T18:00:24.950+0000] {processor.py:927} WARNING - No viable dags retrieved from /opt/airflow/dags/weather_pipeline_dag.py
[2026-02-14T18:00:24.981+0000] {processor.py:208} INFO - Processing /opt/airflow/dags/weather_pipeline_dag.py took 0.788 seconds
[2026-02-14T18:00:55.341+0000] {processor.py:186} INFO - Started process (PID=1265) to work on /opt/airflow/dags/weather_pipeline_dag.py
[2026-02-14T18:00:55.344+0000] {processor.py:914} INFO - Processing file /opt/airflow/dags/weather_pipeline_dag.py for tasks to queue
[2026-02-14T18:00:55.348+0000] {logging_mixin.py:190} INFO - [2026-02-14T18:00:55.348+0000] {dagbag.py:588} INFO - Filling up the DagBag from /opt/airflow/dags/weather_pipeline_dag.py
[2026-02-14T18:00:55.962+0000] {logging_mixin.py:190} INFO - [2026-02-14T18:00:55.948+0000] {dagbag.py:387} ERROR - Failed to import: /opt/airflow/dags/weather_pipeline_dag.py
Traceback (most recent call last):
  File "/home/airflow/.local/lib/python3.10/site-packages/airflow/models/dagbag.py", line 383, in parse
    loader.exec_module(new_module)
  File "<frozen importlib._bootstrap_external>", line 883, in exec_module
  File "<frozen importlib._bootstrap>", line 241, in _call_with_frames_removed
  File "/opt/airflow/dags/weather_pipeline_dag.py", line 10, in <module>
    from utils.data_quality import validate_weather
  File "/opt/airflow/dags/utils/data_quality.py", line 1, in <module>
    import great_expectations as ge
ModuleNotFoundError: No module named 'great_expectations'
[2026-02-14T18:00:55.966+0000] {processor.py:927} WARNING - No viable dags retrieved from /opt/airflow/dags/weather_pipeline_dag.py
[2026-02-14T18:00:55.996+0000] {processor.py:208} INFO - Processing /opt/airflow/dags/weather_pipeline_dag.py took 0.664 seconds
[2026-02-14T18:01:26.501+0000] {processor.py:186} INFO - Started process (PID=1271) to work on /opt/airflow/dags/weather_pipeline_dag.py
[2026-02-14T18:01:26.503+0000] {processor.py:914} INFO - Processing file /opt/airflow/dags/weather_pipeline_dag.py for tasks to queue
[2026-02-14T18:01:26.507+0000] {logging_mixin.py:190} INFO - [2026-02-14T18:01:26.507+0000] {dagbag.py:588} INFO - Filling up the DagBag from /opt/airflow/dags/weather_pipeline_dag.py
[2026-02-14T18:01:27.528+0000] {logging_mixin.py:190} INFO - [2026-02-14T18:01:27.500+0000] {dagbag.py:387} ERROR - Failed to import: /opt/airflow/dags/weather_pipeline_dag.py
Traceback (most recent call last):
  File "/home/airflow/.local/lib/python3.10/site-packages/airflow/models/dagbag.py", line 383, in parse
    loader.exec_module(new_module)
  File "<frozen importlib._bootstrap_external>", line 883, in exec_module
  File "<frozen importlib._bootstrap>", line 241, in _call_with_frames_removed
  File "/opt/airflow/dags/weather_pipeline_dag.py", line 10, in <module>
    from utils.data_quality import validate_weather
  File "/opt/airflow/dags/utils/data_quality.py", line 1, in <module>
    import great_expectations as ge
ModuleNotFoundError: No module named 'great_expectations'
[2026-02-14T18:01:27.539+0000] {processor.py:927} WARNING - No viable dags retrieved from /opt/airflow/dags/weather_pipeline_dag.py
[2026-02-14T18:01:27.583+0000] {processor.py:208} INFO - Processing /opt/airflow/dags/weather_pipeline_dag.py took 1.090 seconds
[2026-02-14T18:01:57.871+0000] {processor.py:186} INFO - Started process (PID=1277) to work on /opt/airflow/dags/weather_pipeline_dag.py
[2026-02-14T18:01:57.873+0000] {processor.py:914} INFO - Processing file /opt/airflow/dags/weather_pipeline_dag.py for tasks to queue
[2026-02-14T18:01:57.877+0000] {logging_mixin.py:190} INFO - [2026-02-14T18:01:57.876+0000] {dagbag.py:588} INFO - Filling up the DagBag from /opt/airflow/dags/weather_pipeline_dag.py
[2026-02-14T18:01:58.546+0000] {logging_mixin.py:190} INFO - [2026-02-14T18:01:58.536+0000] {dagbag.py:387} ERROR - Failed to import: /opt/airflow/dags/weather_pipeline_dag.py
Traceback (most recent call last):
  File "/home/airflow/.local/lib/python3.10/site-packages/airflow/models/dagbag.py", line 383, in parse
    loader.exec_module(new_module)
  File "<frozen importlib._bootstrap_external>", line 883, in exec_module
  File "<frozen importlib._bootstrap>", line 241, in _call_with_frames_removed
  File "/opt/airflow/dags/weather_pipeline_dag.py", line 10, in <module>
    from utils.data_quality import validate_weather
  File "/opt/airflow/dags/utils/data_quality.py", line 1, in <module>
    import great_expectations as ge
ModuleNotFoundError: No module named 'great_expectations'
[2026-02-14T18:01:58.552+0000] {processor.py:927} WARNING - No viable dags retrieved from /opt/airflow/dags/weather_pipeline_dag.py
[2026-02-14T18:01:58.594+0000] {processor.py:208} INFO - Processing /opt/airflow/dags/weather_pipeline_dag.py took 0.733 seconds
[2026-02-14T18:02:29.021+0000] {processor.py:186} INFO - Started process (PID=1283) to work on /opt/airflow/dags/weather_pipeline_dag.py
[2026-02-14T18:02:29.023+0000] {processor.py:914} INFO - Processing file /opt/airflow/dags/weather_pipeline_dag.py for tasks to queue
[2026-02-14T18:02:29.027+0000] {logging_mixin.py:190} INFO - [2026-02-14T18:02:29.026+0000] {dagbag.py:588} INFO - Filling up the DagBag from /opt/airflow/dags/weather_pipeline_dag.py
[2026-02-14T18:02:29.667+0000] {logging_mixin.py:190} INFO - [2026-02-14T18:02:29.657+0000] {dagbag.py:387} ERROR - Failed to import: /opt/airflow/dags/weather_pipeline_dag.py
Traceback (most recent call last):
  File "/home/airflow/.local/lib/python3.10/site-packages/airflow/models/dagbag.py", line 383, in parse
    loader.exec_module(new_module)
  File "<frozen importlib._bootstrap_external>", line 883, in exec_module
  File "<frozen importlib._bootstrap>", line 241, in _call_with_frames_removed
  File "/opt/airflow/dags/weather_pipeline_dag.py", line 10, in <module>
    from utils.data_quality import validate_weather
  File "/opt/airflow/dags/utils/data_quality.py", line 1, in <module>
    import great_expectations as ge
ModuleNotFoundError: No module named 'great_expectations'
[2026-02-14T18:02:29.672+0000] {processor.py:927} WARNING - No viable dags retrieved from /opt/airflow/dags/weather_pipeline_dag.py
[2026-02-14T18:02:29.703+0000] {processor.py:208} INFO - Processing /opt/airflow/dags/weather_pipeline_dag.py took 0.693 seconds
[2026-02-14T18:03:00.107+0000] {processor.py:186} INFO - Started process (PID=1289) to work on /opt/airflow/dags/weather_pipeline_dag.py
[2026-02-14T18:03:00.109+0000] {processor.py:914} INFO - Processing file /opt/airflow/dags/weather_pipeline_dag.py for tasks to queue
[2026-02-14T18:03:00.112+0000] {logging_mixin.py:190} INFO - [2026-02-14T18:03:00.112+0000] {dagbag.py:588} INFO - Filling up the DagBag from /opt/airflow/dags/weather_pipeline_dag.py
[2026-02-14T18:03:00.707+0000] {logging_mixin.py:190} INFO - [2026-02-14T18:03:00.692+0000] {dagbag.py:387} ERROR - Failed to import: /opt/airflow/dags/weather_pipeline_dag.py
Traceback (most recent call last):
  File "/home/airflow/.local/lib/python3.10/site-packages/airflow/models/dagbag.py", line 383, in parse
    loader.exec_module(new_module)
  File "<frozen importlib._bootstrap_external>", line 883, in exec_module
  File "<frozen importlib._bootstrap>", line 241, in _call_with_frames_removed
  File "/opt/airflow/dags/weather_pipeline_dag.py", line 10, in <module>
    from utils.data_quality import validate_weather
  File "/opt/airflow/dags/utils/data_quality.py", line 1, in <module>
    import great_expectations as ge
ModuleNotFoundError: No module named 'great_expectations'
[2026-02-14T18:03:00.712+0000] {processor.py:927} WARNING - No viable dags retrieved from /opt/airflow/dags/weather_pipeline_dag.py
[2026-02-14T18:03:00.747+0000] {processor.py:208} INFO - Processing /opt/airflow/dags/weather_pipeline_dag.py took 0.649 seconds
[2026-02-14T18:03:31.110+0000] {processor.py:186} INFO - Started process (PID=1295) to work on /opt/airflow/dags/weather_pipeline_dag.py
[2026-02-14T18:03:31.112+0000] {processor.py:914} INFO - Processing file /opt/airflow/dags/weather_pipeline_dag.py for tasks to queue
[2026-02-14T18:03:31.116+0000] {logging_mixin.py:190} INFO - [2026-02-14T18:03:31.116+0000] {dagbag.py:588} INFO - Filling up the DagBag from /opt/airflow/dags/weather_pipeline_dag.py
[2026-02-14T18:03:31.754+0000] {logging_mixin.py:190} INFO - [2026-02-14T18:03:31.740+0000] {dagbag.py:387} ERROR - Failed to import: /opt/airflow/dags/weather_pipeline_dag.py
Traceback (most recent call last):
  File "/home/airflow/.local/lib/python3.10/site-packages/airflow/models/dagbag.py", line 383, in parse
    loader.exec_module(new_module)
  File "<frozen importlib._bootstrap_external>", line 883, in exec_module
  File "<frozen importlib._bootstrap>", line 241, in _call_with_frames_removed
  File "/opt/airflow/dags/weather_pipeline_dag.py", line 10, in <module>
    from utils.data_quality import validate_weather
  File "/opt/airflow/dags/utils/data_quality.py", line 1, in <module>
    import great_expectations as ge
ModuleNotFoundError: No module named 'great_expectations'
[2026-02-14T18:03:31.760+0000] {processor.py:927} WARNING - No viable dags retrieved from /opt/airflow/dags/weather_pipeline_dag.py
[2026-02-14T18:03:31.795+0000] {processor.py:208} INFO - Processing /opt/airflow/dags/weather_pipeline_dag.py took 0.693 seconds
[2026-02-14T18:04:02.117+0000] {processor.py:186} INFO - Started process (PID=1301) to work on /opt/airflow/dags/weather_pipeline_dag.py
[2026-02-14T18:04:02.120+0000] {processor.py:914} INFO - Processing file /opt/airflow/dags/weather_pipeline_dag.py for tasks to queue
[2026-02-14T18:04:02.126+0000] {logging_mixin.py:190} INFO - [2026-02-14T18:04:02.126+0000] {dagbag.py:588} INFO - Filling up the DagBag from /opt/airflow/dags/weather_pipeline_dag.py
[2026-02-14T18:04:02.753+0000] {logging_mixin.py:190} INFO - [2026-02-14T18:04:02.740+0000] {dagbag.py:387} ERROR - Failed to import: /opt/airflow/dags/weather_pipeline_dag.py
Traceback (most recent call last):
  File "/home/airflow/.local/lib/python3.10/site-packages/airflow/models/dagbag.py", line 383, in parse
    loader.exec_module(new_module)
  File "<frozen importlib._bootstrap_external>", line 883, in exec_module
  File "<frozen importlib._bootstrap>", line 241, in _call_with_frames_removed
  File "/opt/airflow/dags/weather_pipeline_dag.py", line 10, in <module>
    from utils.data_quality import validate_weather
  File "/opt/airflow/dags/utils/data_quality.py", line 1, in <module>
    import great_expectations as ge
ModuleNotFoundError: No module named 'great_expectations'
[2026-02-14T18:04:02.758+0000] {processor.py:927} WARNING - No viable dags retrieved from /opt/airflow/dags/weather_pipeline_dag.py
[2026-02-14T18:04:02.789+0000] {processor.py:208} INFO - Processing /opt/airflow/dags/weather_pipeline_dag.py took 0.681 seconds
[2026-02-14T18:04:33.172+0000] {processor.py:186} INFO - Started process (PID=1307) to work on /opt/airflow/dags/weather_pipeline_dag.py
[2026-02-14T18:04:33.174+0000] {processor.py:914} INFO - Processing file /opt/airflow/dags/weather_pipeline_dag.py for tasks to queue
[2026-02-14T18:04:33.178+0000] {logging_mixin.py:190} INFO - [2026-02-14T18:04:33.178+0000] {dagbag.py:588} INFO - Filling up the DagBag from /opt/airflow/dags/weather_pipeline_dag.py
[2026-02-14T18:04:33.797+0000] {logging_mixin.py:190} INFO - [2026-02-14T18:04:33.783+0000] {dagbag.py:387} ERROR - Failed to import: /opt/airflow/dags/weather_pipeline_dag.py
Traceback (most recent call last):
  File "/home/airflow/.local/lib/python3.10/site-packages/airflow/models/dagbag.py", line 383, in parse
    loader.exec_module(new_module)
  File "<frozen importlib._bootstrap_external>", line 883, in exec_module
  File "<frozen importlib._bootstrap>", line 241, in _call_with_frames_removed
  File "/opt/airflow/dags/weather_pipeline_dag.py", line 10, in <module>
    from utils.data_quality import validate_weather
  File "/opt/airflow/dags/utils/data_quality.py", line 1, in <module>
    import great_expectations as ge
ModuleNotFoundError: No module named 'great_expectations'
[2026-02-14T18:04:33.804+0000] {processor.py:927} WARNING - No viable dags retrieved from /opt/airflow/dags/weather_pipeline_dag.py
[2026-02-14T18:04:33.838+0000] {processor.py:208} INFO - Processing /opt/airflow/dags/weather_pipeline_dag.py took 0.674 seconds
[2026-02-14T18:05:04.212+0000] {processor.py:186} INFO - Started process (PID=1313) to work on /opt/airflow/dags/weather_pipeline_dag.py
[2026-02-14T18:05:04.215+0000] {processor.py:914} INFO - Processing file /opt/airflow/dags/weather_pipeline_dag.py for tasks to queue
[2026-02-14T18:05:04.220+0000] {logging_mixin.py:190} INFO - [2026-02-14T18:05:04.219+0000] {dagbag.py:588} INFO - Filling up the DagBag from /opt/airflow/dags/weather_pipeline_dag.py
[2026-02-14T18:05:04.882+0000] {logging_mixin.py:190} INFO - [2026-02-14T18:05:04.870+0000] {dagbag.py:387} ERROR - Failed to import: /opt/airflow/dags/weather_pipeline_dag.py
Traceback (most recent call last):
  File "/home/airflow/.local/lib/python3.10/site-packages/airflow/models/dagbag.py", line 383, in parse
    loader.exec_module(new_module)
  File "<frozen importlib._bootstrap_external>", line 883, in exec_module
  File "<frozen importlib._bootstrap>", line 241, in _call_with_frames_removed
  File "/opt/airflow/dags/weather_pipeline_dag.py", line 10, in <module>
    from utils.data_quality import validate_weather
  File "/opt/airflow/dags/utils/data_quality.py", line 1, in <module>
    import great_expectations as ge
ModuleNotFoundError: No module named 'great_expectations'
[2026-02-14T18:05:04.886+0000] {processor.py:927} WARNING - No viable dags retrieved from /opt/airflow/dags/weather_pipeline_dag.py
[2026-02-14T18:05:04.919+0000] {processor.py:208} INFO - Processing /opt/airflow/dags/weather_pipeline_dag.py took 0.715 seconds
[2026-02-14T18:05:35.314+0000] {processor.py:186} INFO - Started process (PID=1319) to work on /opt/airflow/dags/weather_pipeline_dag.py
[2026-02-14T18:05:35.316+0000] {processor.py:914} INFO - Processing file /opt/airflow/dags/weather_pipeline_dag.py for tasks to queue
[2026-02-14T18:05:35.320+0000] {logging_mixin.py:190} INFO - [2026-02-14T18:05:35.319+0000] {dagbag.py:588} INFO - Filling up the DagBag from /opt/airflow/dags/weather_pipeline_dag.py
[2026-02-14T18:05:35.951+0000] {logging_mixin.py:190} INFO - [2026-02-14T18:05:35.936+0000] {dagbag.py:387} ERROR - Failed to import: /opt/airflow/dags/weather_pipeline_dag.py
Traceback (most recent call last):
  File "/home/airflow/.local/lib/python3.10/site-packages/airflow/models/dagbag.py", line 383, in parse
    loader.exec_module(new_module)
  File "<frozen importlib._bootstrap_external>", line 883, in exec_module
  File "<frozen importlib._bootstrap>", line 241, in _call_with_frames_removed
  File "/opt/airflow/dags/weather_pipeline_dag.py", line 10, in <module>
    from utils.data_quality import validate_weather
  File "/opt/airflow/dags/utils/data_quality.py", line 1, in <module>
    import great_expectations as ge
ModuleNotFoundError: No module named 'great_expectations'
[2026-02-14T18:05:35.956+0000] {processor.py:927} WARNING - No viable dags retrieved from /opt/airflow/dags/weather_pipeline_dag.py
[2026-02-14T18:05:35.986+0000] {processor.py:208} INFO - Processing /opt/airflow/dags/weather_pipeline_dag.py took 0.681 seconds
[2026-02-14T18:06:06.294+0000] {processor.py:186} INFO - Started process (PID=1325) to work on /opt/airflow/dags/weather_pipeline_dag.py
[2026-02-14T18:06:06.295+0000] {processor.py:914} INFO - Processing file /opt/airflow/dags/weather_pipeline_dag.py for tasks to queue
[2026-02-14T18:06:06.300+0000] {logging_mixin.py:190} INFO - [2026-02-14T18:06:06.300+0000] {dagbag.py:588} INFO - Filling up the DagBag from /opt/airflow/dags/weather_pipeline_dag.py
[2026-02-14T18:06:06.910+0000] {logging_mixin.py:190} INFO - [2026-02-14T18:06:06.895+0000] {dagbag.py:387} ERROR - Failed to import: /opt/airflow/dags/weather_pipeline_dag.py
Traceback (most recent call last):
  File "/home/airflow/.local/lib/python3.10/site-packages/airflow/models/dagbag.py", line 383, in parse
    loader.exec_module(new_module)
  File "<frozen importlib._bootstrap_external>", line 883, in exec_module
  File "<frozen importlib._bootstrap>", line 241, in _call_with_frames_removed
  File "/opt/airflow/dags/weather_pipeline_dag.py", line 10, in <module>
    from utils.data_quality import validate_weather
  File "/opt/airflow/dags/utils/data_quality.py", line 1, in <module>
    import great_expectations as ge
ModuleNotFoundError: No module named 'great_expectations'
[2026-02-14T18:06:06.914+0000] {processor.py:927} WARNING - No viable dags retrieved from /opt/airflow/dags/weather_pipeline_dag.py
[2026-02-14T18:06:06.943+0000] {processor.py:208} INFO - Processing /opt/airflow/dags/weather_pipeline_dag.py took 0.656 seconds
[2026-02-14T18:06:37.664+0000] {processor.py:186} INFO - Started process (PID=1331) to work on /opt/airflow/dags/weather_pipeline_dag.py
[2026-02-14T18:06:37.666+0000] {processor.py:914} INFO - Processing file /opt/airflow/dags/weather_pipeline_dag.py for tasks to queue
[2026-02-14T18:06:37.671+0000] {logging_mixin.py:190} INFO - [2026-02-14T18:06:37.670+0000] {dagbag.py:588} INFO - Filling up the DagBag from /opt/airflow/dags/weather_pipeline_dag.py
[2026-02-14T18:06:38.288+0000] {logging_mixin.py:190} INFO - [2026-02-14T18:06:38.273+0000] {dagbag.py:387} ERROR - Failed to import: /opt/airflow/dags/weather_pipeline_dag.py
Traceback (most recent call last):
  File "/home/airflow/.local/lib/python3.10/site-packages/airflow/models/dagbag.py", line 383, in parse
    loader.exec_module(new_module)
  File "<frozen importlib._bootstrap_external>", line 883, in exec_module
  File "<frozen importlib._bootstrap>", line 241, in _call_with_frames_removed
  File "/opt/airflow/dags/weather_pipeline_dag.py", line 10, in <module>
    from utils.data_quality import validate_weather
  File "/opt/airflow/dags/utils/data_quality.py", line 1, in <module>
    import great_expectations as ge
ModuleNotFoundError: No module named 'great_expectations'
[2026-02-14T18:06:38.293+0000] {processor.py:927} WARNING - No viable dags retrieved from /opt/airflow/dags/weather_pipeline_dag.py
[2026-02-14T18:06:38.325+0000] {processor.py:208} INFO - Processing /opt/airflow/dags/weather_pipeline_dag.py took 0.668 seconds
[2026-02-14T18:07:08.725+0000] {processor.py:186} INFO - Started process (PID=1337) to work on /opt/airflow/dags/weather_pipeline_dag.py
[2026-02-14T18:07:08.727+0000] {processor.py:914} INFO - Processing file /opt/airflow/dags/weather_pipeline_dag.py for tasks to queue
[2026-02-14T18:07:08.732+0000] {logging_mixin.py:190} INFO - [2026-02-14T18:07:08.732+0000] {dagbag.py:588} INFO - Filling up the DagBag from /opt/airflow/dags/weather_pipeline_dag.py
[2026-02-14T18:07:09.336+0000] {logging_mixin.py:190} INFO - [2026-02-14T18:07:09.324+0000] {dagbag.py:387} ERROR - Failed to import: /opt/airflow/dags/weather_pipeline_dag.py
Traceback (most recent call last):
  File "/home/airflow/.local/lib/python3.10/site-packages/airflow/models/dagbag.py", line 383, in parse
    loader.exec_module(new_module)
  File "<frozen importlib._bootstrap_external>", line 883, in exec_module
  File "<frozen importlib._bootstrap>", line 241, in _call_with_frames_removed
  File "/opt/airflow/dags/weather_pipeline_dag.py", line 10, in <module>
    from utils.data_quality import validate_weather
  File "/opt/airflow/dags/utils/data_quality.py", line 1, in <module>
    import great_expectations as ge
ModuleNotFoundError: No module named 'great_expectations'
[2026-02-14T18:07:09.341+0000] {processor.py:927} WARNING - No viable dags retrieved from /opt/airflow/dags/weather_pipeline_dag.py
[2026-02-14T18:07:09.372+0000] {processor.py:208} INFO - Processing /opt/airflow/dags/weather_pipeline_dag.py took 0.655 seconds
[2026-02-14T18:07:39.742+0000] {processor.py:186} INFO - Started process (PID=1343) to work on /opt/airflow/dags/weather_pipeline_dag.py
[2026-02-14T18:07:39.743+0000] {processor.py:914} INFO - Processing file /opt/airflow/dags/weather_pipeline_dag.py for tasks to queue
[2026-02-14T18:07:39.747+0000] {logging_mixin.py:190} INFO - [2026-02-14T18:07:39.746+0000] {dagbag.py:588} INFO - Filling up the DagBag from /opt/airflow/dags/weather_pipeline_dag.py
[2026-02-14T18:07:40.367+0000] {logging_mixin.py:190} INFO - [2026-02-14T18:07:40.353+0000] {dagbag.py:387} ERROR - Failed to import: /opt/airflow/dags/weather_pipeline_dag.py
Traceback (most recent call last):
  File "/home/airflow/.local/lib/python3.10/site-packages/airflow/models/dagbag.py", line 383, in parse
    loader.exec_module(new_module)
  File "<frozen importlib._bootstrap_external>", line 883, in exec_module
  File "<frozen importlib._bootstrap>", line 241, in _call_with_frames_removed
  File "/opt/airflow/dags/weather_pipeline_dag.py", line 10, in <module>
    from utils.data_quality import validate_weather
  File "/opt/airflow/dags/utils/data_quality.py", line 1, in <module>
    import great_expectations as ge
ModuleNotFoundError: No module named 'great_expectations'
[2026-02-14T18:07:40.372+0000] {processor.py:927} WARNING - No viable dags retrieved from /opt/airflow/dags/weather_pipeline_dag.py
[2026-02-14T18:07:40.404+0000] {processor.py:208} INFO - Processing /opt/airflow/dags/weather_pipeline_dag.py took 0.671 seconds
[2026-02-14T18:08:10.546+0000] {processor.py:186} INFO - Started process (PID=1349) to work on /opt/airflow/dags/weather_pipeline_dag.py
[2026-02-14T18:08:10.548+0000] {processor.py:914} INFO - Processing file /opt/airflow/dags/weather_pipeline_dag.py for tasks to queue
[2026-02-14T18:08:10.552+0000] {logging_mixin.py:190} INFO - [2026-02-14T18:08:10.552+0000] {dagbag.py:588} INFO - Filling up the DagBag from /opt/airflow/dags/weather_pipeline_dag.py
[2026-02-14T18:08:11.195+0000] {logging_mixin.py:190} INFO - [2026-02-14T18:08:11.180+0000] {dagbag.py:387} ERROR - Failed to import: /opt/airflow/dags/weather_pipeline_dag.py
Traceback (most recent call last):
  File "/home/airflow/.local/lib/python3.10/site-packages/airflow/models/dagbag.py", line 383, in parse
    loader.exec_module(new_module)
  File "<frozen importlib._bootstrap_external>", line 883, in exec_module
  File "<frozen importlib._bootstrap>", line 241, in _call_with_frames_removed
  File "/opt/airflow/dags/weather_pipeline_dag.py", line 10, in <module>
    from utils.data_quality import validate_weather
  File "/opt/airflow/dags/utils/data_quality.py", line 1, in <module>
    import great_expectations as ge
ModuleNotFoundError: No module named 'great_expectations'
[2026-02-14T18:08:11.200+0000] {processor.py:927} WARNING - No viable dags retrieved from /opt/airflow/dags/weather_pipeline_dag.py
[2026-02-14T18:08:11.238+0000] {processor.py:208} INFO - Processing /opt/airflow/dags/weather_pipeline_dag.py took 0.703 seconds
[2026-02-14T18:08:41.683+0000] {processor.py:186} INFO - Started process (PID=1355) to work on /opt/airflow/dags/weather_pipeline_dag.py
[2026-02-14T18:08:41.685+0000] {processor.py:914} INFO - Processing file /opt/airflow/dags/weather_pipeline_dag.py for tasks to queue
[2026-02-14T18:08:41.688+0000] {logging_mixin.py:190} INFO - [2026-02-14T18:08:41.688+0000] {dagbag.py:588} INFO - Filling up the DagBag from /opt/airflow/dags/weather_pipeline_dag.py
[2026-02-14T18:08:42.279+0000] {logging_mixin.py:190} INFO - [2026-02-14T18:08:42.268+0000] {dagbag.py:387} ERROR - Failed to import: /opt/airflow/dags/weather_pipeline_dag.py
Traceback (most recent call last):
  File "/home/airflow/.local/lib/python3.10/site-packages/airflow/models/dagbag.py", line 383, in parse
    loader.exec_module(new_module)
  File "<frozen importlib._bootstrap_external>", line 883, in exec_module
  File "<frozen importlib._bootstrap>", line 241, in _call_with_frames_removed
  File "/opt/airflow/dags/weather_pipeline_dag.py", line 10, in <module>
    from utils.data_quality import validate_weather
  File "/opt/airflow/dags/utils/data_quality.py", line 1, in <module>
    import great_expectations as ge
ModuleNotFoundError: No module named 'great_expectations'
[2026-02-14T18:08:42.283+0000] {processor.py:927} WARNING - No viable dags retrieved from /opt/airflow/dags/weather_pipeline_dag.py
[2026-02-14T18:08:42.314+0000] {processor.py:208} INFO - Processing /opt/airflow/dags/weather_pipeline_dag.py took 0.659 seconds
[2026-02-14T18:09:12.657+0000] {processor.py:186} INFO - Started process (PID=1361) to work on /opt/airflow/dags/weather_pipeline_dag.py
[2026-02-14T18:09:12.659+0000] {processor.py:914} INFO - Processing file /opt/airflow/dags/weather_pipeline_dag.py for tasks to queue
[2026-02-14T18:09:12.663+0000] {logging_mixin.py:190} INFO - [2026-02-14T18:09:12.663+0000] {dagbag.py:588} INFO - Filling up the DagBag from /opt/airflow/dags/weather_pipeline_dag.py
[2026-02-14T18:09:13.268+0000] {logging_mixin.py:190} INFO - [2026-02-14T18:09:13.257+0000] {dagbag.py:387} ERROR - Failed to import: /opt/airflow/dags/weather_pipeline_dag.py
Traceback (most recent call last):
  File "/home/airflow/.local/lib/python3.10/site-packages/airflow/models/dagbag.py", line 383, in parse
    loader.exec_module(new_module)
  File "<frozen importlib._bootstrap_external>", line 883, in exec_module
  File "<frozen importlib._bootstrap>", line 241, in _call_with_frames_removed
  File "/opt/airflow/dags/weather_pipeline_dag.py", line 10, in <module>
    from utils.data_quality import validate_weather
  File "/opt/airflow/dags/utils/data_quality.py", line 1, in <module>
    import great_expectations as ge
ModuleNotFoundError: No module named 'great_expectations'
[2026-02-14T18:09:13.273+0000] {processor.py:927} WARNING - No viable dags retrieved from /opt/airflow/dags/weather_pipeline_dag.py
[2026-02-14T18:09:13.305+0000] {processor.py:208} INFO - Processing /opt/airflow/dags/weather_pipeline_dag.py took 0.657 seconds
[2026-02-14T18:09:43.589+0000] {processor.py:186} INFO - Started process (PID=1367) to work on /opt/airflow/dags/weather_pipeline_dag.py
[2026-02-14T18:09:43.591+0000] {processor.py:914} INFO - Processing file /opt/airflow/dags/weather_pipeline_dag.py for tasks to queue
[2026-02-14T18:09:43.595+0000] {logging_mixin.py:190} INFO - [2026-02-14T18:09:43.595+0000] {dagbag.py:588} INFO - Filling up the DagBag from /opt/airflow/dags/weather_pipeline_dag.py
[2026-02-14T18:09:44.305+0000] {logging_mixin.py:190} INFO - [2026-02-14T18:09:44.294+0000] {dagbag.py:387} ERROR - Failed to import: /opt/airflow/dags/weather_pipeline_dag.py
Traceback (most recent call last):
  File "/home/airflow/.local/lib/python3.10/site-packages/airflow/models/dagbag.py", line 383, in parse
    loader.exec_module(new_module)
  File "<frozen importlib._bootstrap_external>", line 883, in exec_module
  File "<frozen importlib._bootstrap>", line 241, in _call_with_frames_removed
  File "/opt/airflow/dags/weather_pipeline_dag.py", line 10, in <module>
    from utils.data_quality import validate_weather
  File "/opt/airflow/dags/utils/data_quality.py", line 1, in <module>
    import great_expectations as ge
ModuleNotFoundError: No module named 'great_expectations'
[2026-02-14T18:09:44.309+0000] {processor.py:927} WARNING - No viable dags retrieved from /opt/airflow/dags/weather_pipeline_dag.py
[2026-02-14T18:09:44.342+0000] {processor.py:208} INFO - Processing /opt/airflow/dags/weather_pipeline_dag.py took 0.762 seconds
[2026-02-14T18:10:14.768+0000] {processor.py:186} INFO - Started process (PID=1373) to work on /opt/airflow/dags/weather_pipeline_dag.py
[2026-02-14T18:10:14.770+0000] {processor.py:914} INFO - Processing file /opt/airflow/dags/weather_pipeline_dag.py for tasks to queue
[2026-02-14T18:10:14.775+0000] {logging_mixin.py:190} INFO - [2026-02-14T18:10:14.775+0000] {dagbag.py:588} INFO - Filling up the DagBag from /opt/airflow/dags/weather_pipeline_dag.py
[2026-02-14T18:10:15.307+0000] {logging_mixin.py:190} INFO - [2026-02-14T18:10:15.298+0000] {dagbag.py:387} ERROR - Failed to import: /opt/airflow/dags/weather_pipeline_dag.py
Traceback (most recent call last):
  File "/home/airflow/.local/lib/python3.10/site-packages/airflow/models/dagbag.py", line 383, in parse
    loader.exec_module(new_module)
  File "<frozen importlib._bootstrap_external>", line 883, in exec_module
  File "<frozen importlib._bootstrap>", line 241, in _call_with_frames_removed
  File "/opt/airflow/dags/weather_pipeline_dag.py", line 10, in <module>
    from utils.data_quality import validate_weather
  File "/opt/airflow/dags/utils/data_quality.py", line 1, in <module>
    import great_expectations as ge
ModuleNotFoundError: No module named 'great_expectations'
[2026-02-14T18:10:15.310+0000] {processor.py:927} WARNING - No viable dags retrieved from /opt/airflow/dags/weather_pipeline_dag.py
[2026-02-14T18:10:15.341+0000] {processor.py:208} INFO - Processing /opt/airflow/dags/weather_pipeline_dag.py took 0.779 seconds
[2026-02-14T18:19:14.367+0000] {processor.py:186} INFO - Started process (PID=1379) to work on /opt/airflow/dags/weather_pipeline_dag.py
[2026-02-14T18:19:14.375+0000] {processor.py:914} INFO - Processing file /opt/airflow/dags/weather_pipeline_dag.py for tasks to queue
[2026-02-14T18:19:14.385+0000] {logging_mixin.py:190} INFO - [2026-02-14T18:19:14.384+0000] {dagbag.py:588} INFO - Filling up the DagBag from /opt/airflow/dags/weather_pipeline_dag.py
[2026-02-14T18:19:15.574+0000] {logging_mixin.py:190} INFO - [2026-02-14T18:19:15.540+0000] {dagbag.py:387} ERROR - Failed to import: /opt/airflow/dags/weather_pipeline_dag.py
Traceback (most recent call last):
  File "/home/airflow/.local/lib/python3.10/site-packages/airflow/models/dagbag.py", line 383, in parse
    loader.exec_module(new_module)
  File "<frozen importlib._bootstrap_external>", line 883, in exec_module
  File "<frozen importlib._bootstrap>", line 241, in _call_with_frames_removed
  File "/opt/airflow/dags/weather_pipeline_dag.py", line 10, in <module>
    from utils.data_quality import validate_weather
  File "/opt/airflow/dags/utils/data_quality.py", line 1, in <module>
    import great_expectations as ge
ModuleNotFoundError: No module named 'great_expectations'
[2026-02-14T18:19:15.581+0000] {processor.py:927} WARNING - No viable dags retrieved from /opt/airflow/dags/weather_pipeline_dag.py
[2026-02-14T18:19:15.937+0000] {processor.py:208} INFO - Processing /opt/airflow/dags/weather_pipeline_dag.py took 1.605 seconds
[2026-02-14T18:20:11.298+0000] {processor.py:186} INFO - Started process (PID=1385) to work on /opt/airflow/dags/weather_pipeline_dag.py
[2026-02-14T18:20:11.315+0000] {processor.py:914} INFO - Processing file /opt/airflow/dags/weather_pipeline_dag.py for tasks to queue
[2026-02-14T18:20:11.319+0000] {logging_mixin.py:190} INFO - [2026-02-14T18:20:11.319+0000] {dagbag.py:588} INFO - Filling up the DagBag from /opt/airflow/dags/weather_pipeline_dag.py
[2026-02-14T18:20:12.106+0000] {logging_mixin.py:190} INFO - [2026-02-14T18:20:12.091+0000] {dagbag.py:387} ERROR - Failed to import: /opt/airflow/dags/weather_pipeline_dag.py
Traceback (most recent call last):
  File "/home/airflow/.local/lib/python3.10/site-packages/airflow/models/dagbag.py", line 383, in parse
    loader.exec_module(new_module)
  File "<frozen importlib._bootstrap_external>", line 883, in exec_module
  File "<frozen importlib._bootstrap>", line 241, in _call_with_frames_removed
  File "/opt/airflow/dags/weather_pipeline_dag.py", line 10, in <module>
    from utils.data_quality import validate_weather
  File "/opt/airflow/dags/utils/data_quality.py", line 1, in <module>
    import great_expectations as ge
ModuleNotFoundError: No module named 'great_expectations'
[2026-02-14T18:20:12.113+0000] {processor.py:927} WARNING - No viable dags retrieved from /opt/airflow/dags/weather_pipeline_dag.py
[2026-02-14T18:20:12.154+0000] {processor.py:208} INFO - Processing /opt/airflow/dags/weather_pipeline_dag.py took 0.871 seconds
[2026-02-14T18:20:42.532+0000] {processor.py:186} INFO - Started process (PID=1391) to work on /opt/airflow/dags/weather_pipeline_dag.py
[2026-02-14T18:20:42.534+0000] {processor.py:914} INFO - Processing file /opt/airflow/dags/weather_pipeline_dag.py for tasks to queue
[2026-02-14T18:20:42.537+0000] {logging_mixin.py:190} INFO - [2026-02-14T18:20:42.537+0000] {dagbag.py:588} INFO - Filling up the DagBag from /opt/airflow/dags/weather_pipeline_dag.py
[2026-02-14T18:20:43.207+0000] {logging_mixin.py:190} INFO - [2026-02-14T18:20:43.195+0000] {dagbag.py:387} ERROR - Failed to import: /opt/airflow/dags/weather_pipeline_dag.py
Traceback (most recent call last):
  File "/home/airflow/.local/lib/python3.10/site-packages/airflow/models/dagbag.py", line 383, in parse
    loader.exec_module(new_module)
  File "<frozen importlib._bootstrap_external>", line 883, in exec_module
  File "<frozen importlib._bootstrap>", line 241, in _call_with_frames_removed
  File "/opt/airflow/dags/weather_pipeline_dag.py", line 10, in <module>
    from utils.data_quality import validate_weather
  File "/opt/airflow/dags/utils/data_quality.py", line 1, in <module>
    import great_expectations as ge
ModuleNotFoundError: No module named 'great_expectations'
[2026-02-14T18:20:43.212+0000] {processor.py:927} WARNING - No viable dags retrieved from /opt/airflow/dags/weather_pipeline_dag.py
[2026-02-14T18:20:43.245+0000] {processor.py:208} INFO - Processing /opt/airflow/dags/weather_pipeline_dag.py took 0.722 seconds
[2026-02-14T18:21:13.617+0000] {processor.py:186} INFO - Started process (PID=1397) to work on /opt/airflow/dags/weather_pipeline_dag.py
[2026-02-14T18:21:13.619+0000] {processor.py:914} INFO - Processing file /opt/airflow/dags/weather_pipeline_dag.py for tasks to queue
[2026-02-14T18:21:13.624+0000] {logging_mixin.py:190} INFO - [2026-02-14T18:21:13.624+0000] {dagbag.py:588} INFO - Filling up the DagBag from /opt/airflow/dags/weather_pipeline_dag.py
[2026-02-14T18:21:14.261+0000] {logging_mixin.py:190} INFO - [2026-02-14T18:21:14.250+0000] {dagbag.py:387} ERROR - Failed to import: /opt/airflow/dags/weather_pipeline_dag.py
Traceback (most recent call last):
  File "/home/airflow/.local/lib/python3.10/site-packages/airflow/models/dagbag.py", line 383, in parse
    loader.exec_module(new_module)
  File "<frozen importlib._bootstrap_external>", line 883, in exec_module
  File "<frozen importlib._bootstrap>", line 241, in _call_with_frames_removed
  File "/opt/airflow/dags/weather_pipeline_dag.py", line 10, in <module>
    from utils.data_quality import validate_weather
  File "/opt/airflow/dags/utils/data_quality.py", line 1, in <module>
    import great_expectations as ge
ModuleNotFoundError: No module named 'great_expectations'
[2026-02-14T18:21:14.267+0000] {processor.py:927} WARNING - No viable dags retrieved from /opt/airflow/dags/weather_pipeline_dag.py
[2026-02-14T18:21:14.299+0000] {processor.py:208} INFO - Processing /opt/airflow/dags/weather_pipeline_dag.py took 0.692 seconds
[2026-02-14T18:21:44.498+0000] {processor.py:186} INFO - Started process (PID=1403) to work on /opt/airflow/dags/weather_pipeline_dag.py
[2026-02-14T18:21:44.500+0000] {processor.py:914} INFO - Processing file /opt/airflow/dags/weather_pipeline_dag.py for tasks to queue
[2026-02-14T18:21:44.504+0000] {logging_mixin.py:190} INFO - [2026-02-14T18:21:44.503+0000] {dagbag.py:588} INFO - Filling up the DagBag from /opt/airflow/dags/weather_pipeline_dag.py
[2026-02-14T18:21:45.148+0000] {logging_mixin.py:190} INFO - [2026-02-14T18:21:45.136+0000] {dagbag.py:387} ERROR - Failed to import: /opt/airflow/dags/weather_pipeline_dag.py
Traceback (most recent call last):
  File "/home/airflow/.local/lib/python3.10/site-packages/airflow/models/dagbag.py", line 383, in parse
    loader.exec_module(new_module)
  File "<frozen importlib._bootstrap_external>", line 883, in exec_module
  File "<frozen importlib._bootstrap>", line 241, in _call_with_frames_removed
  File "/opt/airflow/dags/weather_pipeline_dag.py", line 10, in <module>
    from utils.data_quality import validate_weather
  File "/opt/airflow/dags/utils/data_quality.py", line 1, in <module>
    import great_expectations as ge
ModuleNotFoundError: No module named 'great_expectations'
[2026-02-14T18:21:45.152+0000] {processor.py:927} WARNING - No viable dags retrieved from /opt/airflow/dags/weather_pipeline_dag.py
[2026-02-14T18:21:45.184+0000] {processor.py:208} INFO - Processing /opt/airflow/dags/weather_pipeline_dag.py took 0.696 seconds
[2026-02-14T18:22:15.556+0000] {processor.py:186} INFO - Started process (PID=1409) to work on /opt/airflow/dags/weather_pipeline_dag.py
[2026-02-14T18:22:15.558+0000] {processor.py:914} INFO - Processing file /opt/airflow/dags/weather_pipeline_dag.py for tasks to queue
[2026-02-14T18:22:15.562+0000] {logging_mixin.py:190} INFO - [2026-02-14T18:22:15.561+0000] {dagbag.py:588} INFO - Filling up the DagBag from /opt/airflow/dags/weather_pipeline_dag.py
[2026-02-14T18:22:16.360+0000] {logging_mixin.py:190} INFO - [2026-02-14T18:22:16.347+0000] {dagbag.py:387} ERROR - Failed to import: /opt/airflow/dags/weather_pipeline_dag.py
Traceback (most recent call last):
  File "/home/airflow/.local/lib/python3.10/site-packages/airflow/models/dagbag.py", line 383, in parse
    loader.exec_module(new_module)
  File "<frozen importlib._bootstrap_external>", line 883, in exec_module
  File "<frozen importlib._bootstrap>", line 241, in _call_with_frames_removed
  File "/opt/airflow/dags/weather_pipeline_dag.py", line 10, in <module>
    from utils.data_quality import validate_weather
  File "/opt/airflow/dags/utils/data_quality.py", line 1, in <module>
    import great_expectations as ge
ModuleNotFoundError: No module named 'great_expectations'
[2026-02-14T18:22:16.367+0000] {processor.py:927} WARNING - No viable dags retrieved from /opt/airflow/dags/weather_pipeline_dag.py
[2026-02-14T18:22:16.401+0000] {processor.py:208} INFO - Processing /opt/airflow/dags/weather_pipeline_dag.py took 0.855 seconds
[2026-02-14T18:22:46.767+0000] {processor.py:186} INFO - Started process (PID=1415) to work on /opt/airflow/dags/weather_pipeline_dag.py
[2026-02-14T18:22:46.769+0000] {processor.py:914} INFO - Processing file /opt/airflow/dags/weather_pipeline_dag.py for tasks to queue
[2026-02-14T18:22:46.774+0000] {logging_mixin.py:190} INFO - [2026-02-14T18:22:46.773+0000] {dagbag.py:588} INFO - Filling up the DagBag from /opt/airflow/dags/weather_pipeline_dag.py
[2026-02-14T18:22:47.395+0000] {logging_mixin.py:190} INFO - [2026-02-14T18:22:47.381+0000] {dagbag.py:387} ERROR - Failed to import: /opt/airflow/dags/weather_pipeline_dag.py
Traceback (most recent call last):
  File "/home/airflow/.local/lib/python3.10/site-packages/airflow/models/dagbag.py", line 383, in parse
    loader.exec_module(new_module)
  File "<frozen importlib._bootstrap_external>", line 883, in exec_module
  File "<frozen importlib._bootstrap>", line 241, in _call_with_frames_removed
  File "/opt/airflow/dags/weather_pipeline_dag.py", line 10, in <module>
    from utils.data_quality import validate_weather
  File "/opt/airflow/dags/utils/data_quality.py", line 1, in <module>
    import great_expectations as ge
ModuleNotFoundError: No module named 'great_expectations'
[2026-02-14T18:22:47.401+0000] {processor.py:927} WARNING - No viable dags retrieved from /opt/airflow/dags/weather_pipeline_dag.py
[2026-02-14T18:22:47.436+0000] {processor.py:208} INFO - Processing /opt/airflow/dags/weather_pipeline_dag.py took 0.678 seconds
[2026-02-14T18:23:17.800+0000] {processor.py:186} INFO - Started process (PID=1421) to work on /opt/airflow/dags/weather_pipeline_dag.py
[2026-02-14T18:23:17.803+0000] {processor.py:914} INFO - Processing file /opt/airflow/dags/weather_pipeline_dag.py for tasks to queue
[2026-02-14T18:23:17.807+0000] {logging_mixin.py:190} INFO - [2026-02-14T18:23:17.806+0000] {dagbag.py:588} INFO - Filling up the DagBag from /opt/airflow/dags/weather_pipeline_dag.py
[2026-02-14T18:23:18.476+0000] {logging_mixin.py:190} INFO - [2026-02-14T18:23:18.463+0000] {dagbag.py:387} ERROR - Failed to import: /opt/airflow/dags/weather_pipeline_dag.py
Traceback (most recent call last):
  File "/home/airflow/.local/lib/python3.10/site-packages/airflow/models/dagbag.py", line 383, in parse
    loader.exec_module(new_module)
  File "<frozen importlib._bootstrap_external>", line 883, in exec_module
  File "<frozen importlib._bootstrap>", line 241, in _call_with_frames_removed
  File "/opt/airflow/dags/weather_pipeline_dag.py", line 10, in <module>
    from utils.data_quality import validate_weather
  File "/opt/airflow/dags/utils/data_quality.py", line 1, in <module>
    import great_expectations as ge
ModuleNotFoundError: No module named 'great_expectations'
[2026-02-14T18:23:18.479+0000] {processor.py:927} WARNING - No viable dags retrieved from /opt/airflow/dags/weather_pipeline_dag.py
[2026-02-14T18:23:18.511+0000] {processor.py:208} INFO - Processing /opt/airflow/dags/weather_pipeline_dag.py took 0.720 seconds
[2026-02-14T18:23:48.801+0000] {processor.py:186} INFO - Started process (PID=1427) to work on /opt/airflow/dags/weather_pipeline_dag.py
[2026-02-14T18:23:48.803+0000] {processor.py:914} INFO - Processing file /opt/airflow/dags/weather_pipeline_dag.py for tasks to queue
[2026-02-14T18:23:48.807+0000] {logging_mixin.py:190} INFO - [2026-02-14T18:23:48.806+0000] {dagbag.py:588} INFO - Filling up the DagBag from /opt/airflow/dags/weather_pipeline_dag.py
[2026-02-14T18:23:49.428+0000] {logging_mixin.py:190} INFO - [2026-02-14T18:23:49.416+0000] {dagbag.py:387} ERROR - Failed to import: /opt/airflow/dags/weather_pipeline_dag.py
Traceback (most recent call last):
  File "/home/airflow/.local/lib/python3.10/site-packages/airflow/models/dagbag.py", line 383, in parse
    loader.exec_module(new_module)
  File "<frozen importlib._bootstrap_external>", line 883, in exec_module
  File "<frozen importlib._bootstrap>", line 241, in _call_with_frames_removed
  File "/opt/airflow/dags/weather_pipeline_dag.py", line 10, in <module>
    from utils.data_quality import validate_weather
  File "/opt/airflow/dags/utils/data_quality.py", line 1, in <module>
    import great_expectations as ge
ModuleNotFoundError: No module named 'great_expectations'
[2026-02-14T18:23:49.433+0000] {processor.py:927} WARNING - No viable dags retrieved from /opt/airflow/dags/weather_pipeline_dag.py
[2026-02-14T18:23:49.466+0000] {processor.py:208} INFO - Processing /opt/airflow/dags/weather_pipeline_dag.py took 0.677 seconds
[2026-02-14T18:24:21.205+0000] {processor.py:186} INFO - Started process (PID=1433) to work on /opt/airflow/dags/weather_pipeline_dag.py
[2026-02-14T18:24:21.207+0000] {processor.py:914} INFO - Processing file /opt/airflow/dags/weather_pipeline_dag.py for tasks to queue
[2026-02-14T18:24:21.211+0000] {logging_mixin.py:190} INFO - [2026-02-14T18:24:21.211+0000] {dagbag.py:588} INFO - Filling up the DagBag from /opt/airflow/dags/weather_pipeline_dag.py
[2026-02-14T18:24:21.857+0000] {logging_mixin.py:190} INFO - [2026-02-14T18:24:21.844+0000] {dagbag.py:387} ERROR - Failed to import: /opt/airflow/dags/weather_pipeline_dag.py
Traceback (most recent call last):
  File "/home/airflow/.local/lib/python3.10/site-packages/airflow/models/dagbag.py", line 383, in parse
    loader.exec_module(new_module)
  File "<frozen importlib._bootstrap_external>", line 883, in exec_module
  File "<frozen importlib._bootstrap>", line 241, in _call_with_frames_removed
  File "/opt/airflow/dags/weather_pipeline_dag.py", line 10, in <module>
    from utils.data_quality import validate_weather
  File "/opt/airflow/dags/utils/data_quality.py", line 1, in <module>
    import great_expectations as ge
ModuleNotFoundError: No module named 'great_expectations'
[2026-02-14T18:24:21.862+0000] {processor.py:927} WARNING - No viable dags retrieved from /opt/airflow/dags/weather_pipeline_dag.py
[2026-02-14T18:24:21.893+0000] {processor.py:208} INFO - Processing /opt/airflow/dags/weather_pipeline_dag.py took 0.696 seconds
[2026-02-14T18:24:52.294+0000] {processor.py:186} INFO - Started process (PID=1439) to work on /opt/airflow/dags/weather_pipeline_dag.py
[2026-02-14T18:24:52.296+0000] {processor.py:914} INFO - Processing file /opt/airflow/dags/weather_pipeline_dag.py for tasks to queue
[2026-02-14T18:24:52.301+0000] {logging_mixin.py:190} INFO - [2026-02-14T18:24:52.301+0000] {dagbag.py:588} INFO - Filling up the DagBag from /opt/airflow/dags/weather_pipeline_dag.py
[2026-02-14T18:24:52.925+0000] {logging_mixin.py:190} INFO - [2026-02-14T18:24:52.913+0000] {dagbag.py:387} ERROR - Failed to import: /opt/airflow/dags/weather_pipeline_dag.py
Traceback (most recent call last):
  File "/home/airflow/.local/lib/python3.10/site-packages/airflow/models/dagbag.py", line 383, in parse
    loader.exec_module(new_module)
  File "<frozen importlib._bootstrap_external>", line 883, in exec_module
  File "<frozen importlib._bootstrap>", line 241, in _call_with_frames_removed
  File "/opt/airflow/dags/weather_pipeline_dag.py", line 10, in <module>
    from utils.data_quality import validate_weather
  File "/opt/airflow/dags/utils/data_quality.py", line 1, in <module>
    import great_expectations as ge
ModuleNotFoundError: No module named 'great_expectations'
[2026-02-14T18:24:52.931+0000] {processor.py:927} WARNING - No viable dags retrieved from /opt/airflow/dags/weather_pipeline_dag.py
[2026-02-14T18:24:52.964+0000] {processor.py:208} INFO - Processing /opt/airflow/dags/weather_pipeline_dag.py took 0.678 seconds
[2026-02-14T19:22:46.420+0000] {processor.py:186} INFO - Started process (PID=1445) to work on /opt/airflow/dags/weather_pipeline_dag.py
[2026-02-14T19:22:46.428+0000] {processor.py:914} INFO - Processing file /opt/airflow/dags/weather_pipeline_dag.py for tasks to queue
[2026-02-14T19:22:46.441+0000] {logging_mixin.py:190} INFO - [2026-02-14T19:22:46.439+0000] {dagbag.py:588} INFO - Filling up the DagBag from /opt/airflow/dags/weather_pipeline_dag.py
[2026-02-14T19:23:30.388+0000] {logging_mixin.py:190} INFO - [2026-02-14T19:23:30.318+0000] {dagbag.py:387} ERROR - Failed to import: /opt/airflow/dags/weather_pipeline_dag.py
Traceback (most recent call last):
  File "/home/airflow/.local/lib/python3.10/site-packages/airflow/models/dagbag.py", line 383, in parse
    loader.exec_module(new_module)
  File "<frozen importlib._bootstrap_external>", line 883, in exec_module
  File "<frozen importlib._bootstrap>", line 241, in _call_with_frames_removed
  File "/opt/airflow/dags/weather_pipeline_dag.py", line 10, in <module>
    from utils.data_quality import validate_weather
  File "/opt/airflow/dags/utils/data_quality.py", line 1, in <module>
    import great_expectations as ge
ModuleNotFoundError: No module named 'great_expectations'
[2026-02-14T19:23:30.404+0000] {processor.py:927} WARNING - No viable dags retrieved from /opt/airflow/dags/weather_pipeline_dag.py
[2026-02-14T19:23:30.519+0000] {processor.py:208} INFO - Processing /opt/airflow/dags/weather_pipeline_dag.py took 5.607 seconds
[2026-02-14T23:23:24.533+0000] {processor.py:186} INFO - Started process (PID=1451) to work on /opt/airflow/dags/weather_pipeline_dag.py
[2026-02-14T23:23:24.548+0000] {processor.py:914} INFO - Processing file /opt/airflow/dags/weather_pipeline_dag.py for tasks to queue
[2026-02-14T23:23:24.566+0000] {logging_mixin.py:190} INFO - [2026-02-14T23:23:24.564+0000] {dagbag.py:588} INFO - Filling up the DagBag from /opt/airflow/dags/weather_pipeline_dag.py
[2026-02-14T23:23:25.857+0000] {logging_mixin.py:190} INFO - [2026-02-14T23:23:25.836+0000] {dagbag.py:387} ERROR - Failed to import: /opt/airflow/dags/weather_pipeline_dag.py
Traceback (most recent call last):
  File "/home/airflow/.local/lib/python3.10/site-packages/airflow/models/dagbag.py", line 383, in parse
    loader.exec_module(new_module)
  File "<frozen importlib._bootstrap_external>", line 883, in exec_module
  File "<frozen importlib._bootstrap>", line 241, in _call_with_frames_removed
  File "/opt/airflow/dags/weather_pipeline_dag.py", line 10, in <module>
    from utils.data_quality import validate_weather
  File "/opt/airflow/dags/utils/data_quality.py", line 1, in <module>
    import great_expectations as ge
ModuleNotFoundError: No module named 'great_expectations'
[2026-02-14T23:23:25.864+0000] {processor.py:927} WARNING - No viable dags retrieved from /opt/airflow/dags/weather_pipeline_dag.py
[2026-02-14T23:23:25.913+0000] {processor.py:208} INFO - Processing /opt/airflow/dags/weather_pipeline_dag.py took 1.415 seconds
