[2026-02-12T21:09:08.600+0000] {processor.py:161} INFO - Started process (PID=175) to work on /opt/airflow/dags/weather_pipeline_dag.py
[2026-02-12T21:09:08.607+0000] {processor.py:830} INFO - Processing file /opt/airflow/dags/weather_pipeline_dag.py for tasks to queue
[2026-02-12T21:09:08.614+0000] {logging_mixin.py:188} INFO - [2026-02-12T21:09:08.612+0000] {dagbag.py:538} INFO - Filling up the DagBag from /opt/airflow/dags/weather_pipeline_dag.py
[2026-02-12T21:09:12.417+0000] {logging_mixin.py:188} INFO - [2026-02-12T21:09:12.406+0000] {dagbag.py:348} ERROR - Failed to import: /opt/airflow/dags/weather_pipeline_dag.py
Traceback (most recent call last):
  File "/home/airflow/.local/lib/python3.8/site-packages/airflow/models/dagbag.py", line 344, in parse
    loader.exec_module(new_module)
  File "<frozen importlib._bootstrap_external>", line 843, in exec_module
  File "<frozen importlib._bootstrap>", line 219, in _call_with_frames_removed
  File "/opt/airflow/dags/weather_pipeline_dag.py", line 6, in <module>
    from utils.transform import transform_weather
  File "/opt/airflow/dags/utils/transform.py", line 3, in <module>
    from logger import get_logger
ModuleNotFoundError: No module named 'logger'
[2026-02-12T21:09:12.422+0000] {processor.py:842} WARNING - No viable dags retrieved from /opt/airflow/dags/weather_pipeline_dag.py
[2026-02-12T21:09:12.471+0000] {processor.py:183} INFO - Processing /opt/airflow/dags/weather_pipeline_dag.py took 3.892 seconds
[2026-02-12T21:09:42.970+0000] {processor.py:161} INFO - Started process (PID=181) to work on /opt/airflow/dags/weather_pipeline_dag.py
[2026-02-12T21:09:42.976+0000] {processor.py:830} INFO - Processing file /opt/airflow/dags/weather_pipeline_dag.py for tasks to queue
[2026-02-12T21:09:42.980+0000] {logging_mixin.py:188} INFO - [2026-02-12T21:09:42.979+0000] {dagbag.py:538} INFO - Filling up the DagBag from /opt/airflow/dags/weather_pipeline_dag.py
[2026-02-12T21:09:43.833+0000] {logging_mixin.py:188} INFO - [2026-02-12T21:09:43.812+0000] {dagbag.py:348} ERROR - Failed to import: /opt/airflow/dags/weather_pipeline_dag.py
Traceback (most recent call last):
  File "/home/airflow/.local/lib/python3.8/site-packages/airflow/models/dagbag.py", line 344, in parse
    loader.exec_module(new_module)
  File "<frozen importlib._bootstrap_external>", line 843, in exec_module
  File "<frozen importlib._bootstrap>", line 219, in _call_with_frames_removed
  File "/opt/airflow/dags/weather_pipeline_dag.py", line 6, in <module>
    from utils.transform import transform_weather
  File "/opt/airflow/dags/utils/transform.py", line 3, in <module>
    from logger import get_logger
ModuleNotFoundError: No module named 'logger'
[2026-02-12T21:09:43.839+0000] {processor.py:842} WARNING - No viable dags retrieved from /opt/airflow/dags/weather_pipeline_dag.py
[2026-02-12T21:09:43.899+0000] {processor.py:183} INFO - Processing /opt/airflow/dags/weather_pipeline_dag.py took 0.944 seconds
[2026-02-12T21:10:14.374+0000] {processor.py:161} INFO - Started process (PID=187) to work on /opt/airflow/dags/weather_pipeline_dag.py
[2026-02-12T21:10:14.377+0000] {processor.py:830} INFO - Processing file /opt/airflow/dags/weather_pipeline_dag.py for tasks to queue
[2026-02-12T21:10:14.381+0000] {logging_mixin.py:188} INFO - [2026-02-12T21:10:14.379+0000] {dagbag.py:538} INFO - Filling up the DagBag from /opt/airflow/dags/weather_pipeline_dag.py
[2026-02-12T21:10:15.251+0000] {logging_mixin.py:188} INFO - [2026-02-12T21:10:15.187+0000] {dagbag.py:348} ERROR - Failed to import: /opt/airflow/dags/weather_pipeline_dag.py
Traceback (most recent call last):
  File "/home/airflow/.local/lib/python3.8/site-packages/airflow/models/dagbag.py", line 344, in parse
    loader.exec_module(new_module)
  File "<frozen importlib._bootstrap_external>", line 843, in exec_module
  File "<frozen importlib._bootstrap>", line 219, in _call_with_frames_removed
  File "/opt/airflow/dags/weather_pipeline_dag.py", line 6, in <module>
    from utils.transform import transform_weather
  File "/opt/airflow/dags/utils/transform.py", line 3, in <module>
    from logger import get_logger
ModuleNotFoundError: No module named 'logger'
[2026-02-12T21:10:15.258+0000] {processor.py:842} WARNING - No viable dags retrieved from /opt/airflow/dags/weather_pipeline_dag.py
[2026-02-12T21:10:15.392+0000] {processor.py:183} INFO - Processing /opt/airflow/dags/weather_pipeline_dag.py took 1.027 seconds
[2026-02-12T21:10:45.882+0000] {processor.py:161} INFO - Started process (PID=193) to work on /opt/airflow/dags/weather_pipeline_dag.py
[2026-02-12T21:10:45.888+0000] {processor.py:830} INFO - Processing file /opt/airflow/dags/weather_pipeline_dag.py for tasks to queue
[2026-02-12T21:10:45.894+0000] {logging_mixin.py:188} INFO - [2026-02-12T21:10:45.892+0000] {dagbag.py:538} INFO - Filling up the DagBag from /opt/airflow/dags/weather_pipeline_dag.py
[2026-02-12T21:10:46.757+0000] {logging_mixin.py:188} INFO - [2026-02-12T21:10:46.734+0000] {dagbag.py:348} ERROR - Failed to import: /opt/airflow/dags/weather_pipeline_dag.py
Traceback (most recent call last):
  File "/home/airflow/.local/lib/python3.8/site-packages/airflow/models/dagbag.py", line 344, in parse
    loader.exec_module(new_module)
  File "<frozen importlib._bootstrap_external>", line 843, in exec_module
  File "<frozen importlib._bootstrap>", line 219, in _call_with_frames_removed
  File "/opt/airflow/dags/weather_pipeline_dag.py", line 6, in <module>
    from utils.transform import transform_weather
  File "/opt/airflow/dags/utils/transform.py", line 3, in <module>
    from logger import get_logger
ModuleNotFoundError: No module named 'logger'
[2026-02-12T21:10:46.764+0000] {processor.py:842} WARNING - No viable dags retrieved from /opt/airflow/dags/weather_pipeline_dag.py
[2026-02-12T21:10:46.839+0000] {processor.py:183} INFO - Processing /opt/airflow/dags/weather_pipeline_dag.py took 0.964 seconds
[2026-02-12T21:11:17.361+0000] {processor.py:161} INFO - Started process (PID=199) to work on /opt/airflow/dags/weather_pipeline_dag.py
[2026-02-12T21:11:17.364+0000] {processor.py:830} INFO - Processing file /opt/airflow/dags/weather_pipeline_dag.py for tasks to queue
[2026-02-12T21:11:17.368+0000] {logging_mixin.py:188} INFO - [2026-02-12T21:11:17.367+0000] {dagbag.py:538} INFO - Filling up the DagBag from /opt/airflow/dags/weather_pipeline_dag.py
[2026-02-12T21:11:18.142+0000] {logging_mixin.py:188} INFO - [2026-02-12T21:11:18.124+0000] {dagbag.py:348} ERROR - Failed to import: /opt/airflow/dags/weather_pipeline_dag.py
Traceback (most recent call last):
  File "/home/airflow/.local/lib/python3.8/site-packages/airflow/models/dagbag.py", line 344, in parse
    loader.exec_module(new_module)
  File "<frozen importlib._bootstrap_external>", line 843, in exec_module
  File "<frozen importlib._bootstrap>", line 219, in _call_with_frames_removed
  File "/opt/airflow/dags/weather_pipeline_dag.py", line 6, in <module>
    from utils.transform import transform_weather
  File "/opt/airflow/dags/utils/transform.py", line 3, in <module>
    from logger import get_logger
ModuleNotFoundError: No module named 'logger'
[2026-02-12T21:11:18.149+0000] {processor.py:842} WARNING - No viable dags retrieved from /opt/airflow/dags/weather_pipeline_dag.py
[2026-02-12T21:11:18.217+0000] {processor.py:183} INFO - Processing /opt/airflow/dags/weather_pipeline_dag.py took 0.866 seconds
[2026-02-12T21:11:48.686+0000] {processor.py:161} INFO - Started process (PID=205) to work on /opt/airflow/dags/weather_pipeline_dag.py
[2026-02-12T21:11:48.691+0000] {processor.py:830} INFO - Processing file /opt/airflow/dags/weather_pipeline_dag.py for tasks to queue
[2026-02-12T21:11:48.693+0000] {logging_mixin.py:188} INFO - [2026-02-12T21:11:48.693+0000] {dagbag.py:538} INFO - Filling up the DagBag from /opt/airflow/dags/weather_pipeline_dag.py
[2026-02-12T21:11:49.386+0000] {logging_mixin.py:188} INFO - [2026-02-12T21:11:49.369+0000] {dagbag.py:348} ERROR - Failed to import: /opt/airflow/dags/weather_pipeline_dag.py
Traceback (most recent call last):
  File "/home/airflow/.local/lib/python3.8/site-packages/airflow/models/dagbag.py", line 344, in parse
    loader.exec_module(new_module)
  File "<frozen importlib._bootstrap_external>", line 843, in exec_module
  File "<frozen importlib._bootstrap>", line 219, in _call_with_frames_removed
  File "/opt/airflow/dags/weather_pipeline_dag.py", line 6, in <module>
    from utils.transform import transform_weather
  File "/opt/airflow/dags/utils/transform.py", line 3, in <module>
    from logger import get_logger
ModuleNotFoundError: No module named 'logger'
[2026-02-12T21:11:49.391+0000] {processor.py:842} WARNING - No viable dags retrieved from /opt/airflow/dags/weather_pipeline_dag.py
[2026-02-12T21:11:49.450+0000] {processor.py:183} INFO - Processing /opt/airflow/dags/weather_pipeline_dag.py took 0.774 seconds
[2026-02-12T21:12:20.010+0000] {processor.py:161} INFO - Started process (PID=211) to work on /opt/airflow/dags/weather_pipeline_dag.py
[2026-02-12T21:12:20.014+0000] {processor.py:830} INFO - Processing file /opt/airflow/dags/weather_pipeline_dag.py for tasks to queue
[2026-02-12T21:12:20.019+0000] {logging_mixin.py:188} INFO - [2026-02-12T21:12:20.018+0000] {dagbag.py:538} INFO - Filling up the DagBag from /opt/airflow/dags/weather_pipeline_dag.py
[2026-02-12T21:12:20.828+0000] {logging_mixin.py:188} INFO - [2026-02-12T21:12:20.810+0000] {dagbag.py:348} ERROR - Failed to import: /opt/airflow/dags/weather_pipeline_dag.py
Traceback (most recent call last):
  File "/home/airflow/.local/lib/python3.8/site-packages/airflow/models/dagbag.py", line 344, in parse
    loader.exec_module(new_module)
  File "<frozen importlib._bootstrap_external>", line 843, in exec_module
  File "<frozen importlib._bootstrap>", line 219, in _call_with_frames_removed
  File "/opt/airflow/dags/weather_pipeline_dag.py", line 6, in <module>
    from utils.transform import transform_weather
  File "/opt/airflow/dags/utils/transform.py", line 3, in <module>
    from logger import get_logger
ModuleNotFoundError: No module named 'logger'
[2026-02-12T21:12:20.834+0000] {processor.py:842} WARNING - No viable dags retrieved from /opt/airflow/dags/weather_pipeline_dag.py
[2026-02-12T21:12:20.894+0000] {processor.py:183} INFO - Processing /opt/airflow/dags/weather_pipeline_dag.py took 0.900 seconds
[2026-02-12T21:12:51.394+0000] {processor.py:161} INFO - Started process (PID=217) to work on /opt/airflow/dags/weather_pipeline_dag.py
[2026-02-12T21:12:51.397+0000] {processor.py:830} INFO - Processing file /opt/airflow/dags/weather_pipeline_dag.py for tasks to queue
[2026-02-12T21:12:51.401+0000] {logging_mixin.py:188} INFO - [2026-02-12T21:12:51.400+0000] {dagbag.py:538} INFO - Filling up the DagBag from /opt/airflow/dags/weather_pipeline_dag.py
[2026-02-12T21:12:52.060+0000] {logging_mixin.py:188} INFO - [2026-02-12T21:12:52.042+0000] {dagbag.py:348} ERROR - Failed to import: /opt/airflow/dags/weather_pipeline_dag.py
Traceback (most recent call last):
  File "/home/airflow/.local/lib/python3.8/site-packages/airflow/models/dagbag.py", line 344, in parse
    loader.exec_module(new_module)
  File "<frozen importlib._bootstrap_external>", line 843, in exec_module
  File "<frozen importlib._bootstrap>", line 219, in _call_with_frames_removed
  File "/opt/airflow/dags/weather_pipeline_dag.py", line 6, in <module>
    from utils.transform import transform_weather
  File "/opt/airflow/dags/utils/transform.py", line 3, in <module>
    from logger import get_logger
ModuleNotFoundError: No module named 'logger'
[2026-02-12T21:12:52.065+0000] {processor.py:842} WARNING - No viable dags retrieved from /opt/airflow/dags/weather_pipeline_dag.py
[2026-02-12T21:12:52.130+0000] {processor.py:183} INFO - Processing /opt/airflow/dags/weather_pipeline_dag.py took 0.747 seconds
[2026-02-12T21:13:22.571+0000] {processor.py:161} INFO - Started process (PID=223) to work on /opt/airflow/dags/weather_pipeline_dag.py
[2026-02-12T21:13:22.575+0000] {processor.py:830} INFO - Processing file /opt/airflow/dags/weather_pipeline_dag.py for tasks to queue
[2026-02-12T21:13:22.580+0000] {logging_mixin.py:188} INFO - [2026-02-12T21:13:22.579+0000] {dagbag.py:538} INFO - Filling up the DagBag from /opt/airflow/dags/weather_pipeline_dag.py
[2026-02-12T21:13:23.249+0000] {logging_mixin.py:188} INFO - [2026-02-12T21:13:23.218+0000] {dagbag.py:348} ERROR - Failed to import: /opt/airflow/dags/weather_pipeline_dag.py
Traceback (most recent call last):
  File "/home/airflow/.local/lib/python3.8/site-packages/airflow/models/dagbag.py", line 344, in parse
    loader.exec_module(new_module)
  File "<frozen importlib._bootstrap_external>", line 843, in exec_module
  File "<frozen importlib._bootstrap>", line 219, in _call_with_frames_removed
  File "/opt/airflow/dags/weather_pipeline_dag.py", line 6, in <module>
    from utils.transform import transform_weather
  File "/opt/airflow/dags/utils/transform.py", line 3, in <module>
    from logger import get_logger
ModuleNotFoundError: No module named 'logger'
[2026-02-12T21:13:23.257+0000] {processor.py:842} WARNING - No viable dags retrieved from /opt/airflow/dags/weather_pipeline_dag.py
[2026-02-12T21:13:23.330+0000] {processor.py:183} INFO - Processing /opt/airflow/dags/weather_pipeline_dag.py took 0.768 seconds
[2026-02-12T21:13:53.883+0000] {processor.py:161} INFO - Started process (PID=229) to work on /opt/airflow/dags/weather_pipeline_dag.py
[2026-02-12T21:13:53.886+0000] {processor.py:830} INFO - Processing file /opt/airflow/dags/weather_pipeline_dag.py for tasks to queue
[2026-02-12T21:13:53.889+0000] {logging_mixin.py:188} INFO - [2026-02-12T21:13:53.888+0000] {dagbag.py:538} INFO - Filling up the DagBag from /opt/airflow/dags/weather_pipeline_dag.py
[2026-02-12T21:13:54.580+0000] {logging_mixin.py:188} INFO - [2026-02-12T21:13:54.560+0000] {dagbag.py:348} ERROR - Failed to import: /opt/airflow/dags/weather_pipeline_dag.py
Traceback (most recent call last):
  File "/home/airflow/.local/lib/python3.8/site-packages/airflow/models/dagbag.py", line 344, in parse
    loader.exec_module(new_module)
  File "<frozen importlib._bootstrap_external>", line 843, in exec_module
  File "<frozen importlib._bootstrap>", line 219, in _call_with_frames_removed
  File "/opt/airflow/dags/weather_pipeline_dag.py", line 6, in <module>
    from utils.transform import transform_weather
  File "/opt/airflow/dags/utils/transform.py", line 3, in <module>
    from logger import get_logger
ModuleNotFoundError: No module named 'logger'
[2026-02-12T21:13:54.586+0000] {processor.py:842} WARNING - No viable dags retrieved from /opt/airflow/dags/weather_pipeline_dag.py
[2026-02-12T21:13:54.643+0000] {processor.py:183} INFO - Processing /opt/airflow/dags/weather_pipeline_dag.py took 0.770 seconds
[2026-02-12T21:14:24.772+0000] {processor.py:161} INFO - Started process (PID=235) to work on /opt/airflow/dags/weather_pipeline_dag.py
[2026-02-12T21:14:24.775+0000] {processor.py:830} INFO - Processing file /opt/airflow/dags/weather_pipeline_dag.py for tasks to queue
[2026-02-12T21:14:24.777+0000] {logging_mixin.py:188} INFO - [2026-02-12T21:14:24.777+0000] {dagbag.py:538} INFO - Filling up the DagBag from /opt/airflow/dags/weather_pipeline_dag.py
[2026-02-12T21:14:25.513+0000] {logging_mixin.py:188} INFO - [2026-02-12T21:14:25.494+0000] {dagbag.py:348} ERROR - Failed to import: /opt/airflow/dags/weather_pipeline_dag.py
Traceback (most recent call last):
  File "/home/airflow/.local/lib/python3.8/site-packages/airflow/models/dagbag.py", line 344, in parse
    loader.exec_module(new_module)
  File "<frozen importlib._bootstrap_external>", line 843, in exec_module
  File "<frozen importlib._bootstrap>", line 219, in _call_with_frames_removed
  File "/opt/airflow/dags/weather_pipeline_dag.py", line 6, in <module>
    from utils.transform import transform_weather
  File "/opt/airflow/dags/utils/transform.py", line 3, in <module>
    from logger import get_logger
ModuleNotFoundError: No module named 'logger'
[2026-02-12T21:14:25.518+0000] {processor.py:842} WARNING - No viable dags retrieved from /opt/airflow/dags/weather_pipeline_dag.py
[2026-02-12T21:14:25.642+0000] {processor.py:183} INFO - Processing /opt/airflow/dags/weather_pipeline_dag.py took 0.878 seconds
[2026-02-12T21:14:56.127+0000] {processor.py:161} INFO - Started process (PID=241) to work on /opt/airflow/dags/weather_pipeline_dag.py
[2026-02-12T21:14:56.130+0000] {processor.py:830} INFO - Processing file /opt/airflow/dags/weather_pipeline_dag.py for tasks to queue
[2026-02-12T21:14:56.133+0000] {logging_mixin.py:188} INFO - [2026-02-12T21:14:56.132+0000] {dagbag.py:538} INFO - Filling up the DagBag from /opt/airflow/dags/weather_pipeline_dag.py
[2026-02-12T21:14:56.835+0000] {logging_mixin.py:188} INFO - [2026-02-12T21:14:56.816+0000] {dagbag.py:348} ERROR - Failed to import: /opt/airflow/dags/weather_pipeline_dag.py
Traceback (most recent call last):
  File "/home/airflow/.local/lib/python3.8/site-packages/airflow/models/dagbag.py", line 344, in parse
    loader.exec_module(new_module)
  File "<frozen importlib._bootstrap_external>", line 843, in exec_module
  File "<frozen importlib._bootstrap>", line 219, in _call_with_frames_removed
  File "/opt/airflow/dags/weather_pipeline_dag.py", line 6, in <module>
    from utils.transform import transform_weather
  File "/opt/airflow/dags/utils/transform.py", line 3, in <module>
    from logger import get_logger
ModuleNotFoundError: No module named 'logger'
[2026-02-12T21:14:56.840+0000] {processor.py:842} WARNING - No viable dags retrieved from /opt/airflow/dags/weather_pipeline_dag.py
[2026-02-12T21:14:56.907+0000] {processor.py:183} INFO - Processing /opt/airflow/dags/weather_pipeline_dag.py took 0.788 seconds
[2026-02-12T21:15:27.364+0000] {processor.py:161} INFO - Started process (PID=247) to work on /opt/airflow/dags/weather_pipeline_dag.py
[2026-02-12T21:15:27.368+0000] {processor.py:830} INFO - Processing file /opt/airflow/dags/weather_pipeline_dag.py for tasks to queue
[2026-02-12T21:15:27.371+0000] {logging_mixin.py:188} INFO - [2026-02-12T21:15:27.370+0000] {dagbag.py:538} INFO - Filling up the DagBag from /opt/airflow/dags/weather_pipeline_dag.py
[2026-02-12T21:15:28.179+0000] {logging_mixin.py:188} INFO - [2026-02-12T21:15:28.159+0000] {dagbag.py:348} ERROR - Failed to import: /opt/airflow/dags/weather_pipeline_dag.py
Traceback (most recent call last):
  File "/home/airflow/.local/lib/python3.8/site-packages/airflow/models/dagbag.py", line 344, in parse
    loader.exec_module(new_module)
  File "<frozen importlib._bootstrap_external>", line 843, in exec_module
  File "<frozen importlib._bootstrap>", line 219, in _call_with_frames_removed
  File "/opt/airflow/dags/weather_pipeline_dag.py", line 6, in <module>
    from utils.transform import transform_weather
  File "/opt/airflow/dags/utils/transform.py", line 3, in <module>
    from logger import get_logger
ModuleNotFoundError: No module named 'logger'
[2026-02-12T21:15:28.184+0000] {processor.py:842} WARNING - No viable dags retrieved from /opt/airflow/dags/weather_pipeline_dag.py
[2026-02-12T21:15:28.247+0000] {processor.py:183} INFO - Processing /opt/airflow/dags/weather_pipeline_dag.py took 0.891 seconds
[2026-02-12T21:15:58.418+0000] {processor.py:161} INFO - Started process (PID=253) to work on /opt/airflow/dags/weather_pipeline_dag.py
[2026-02-12T21:15:58.422+0000] {processor.py:830} INFO - Processing file /opt/airflow/dags/weather_pipeline_dag.py for tasks to queue
[2026-02-12T21:15:58.426+0000] {logging_mixin.py:188} INFO - [2026-02-12T21:15:58.425+0000] {dagbag.py:538} INFO - Filling up the DagBag from /opt/airflow/dags/weather_pipeline_dag.py
[2026-02-12T21:15:59.217+0000] {logging_mixin.py:188} INFO - [2026-02-12T21:15:59.198+0000] {dagbag.py:348} ERROR - Failed to import: /opt/airflow/dags/weather_pipeline_dag.py
Traceback (most recent call last):
  File "/home/airflow/.local/lib/python3.8/site-packages/airflow/models/dagbag.py", line 344, in parse
    loader.exec_module(new_module)
  File "<frozen importlib._bootstrap_external>", line 843, in exec_module
  File "<frozen importlib._bootstrap>", line 219, in _call_with_frames_removed
  File "/opt/airflow/dags/weather_pipeline_dag.py", line 6, in <module>
    from utils.transform import transform_weather
  File "/opt/airflow/dags/utils/transform.py", line 3, in <module>
    from logger import get_logger
ModuleNotFoundError: No module named 'logger'
[2026-02-12T21:15:59.224+0000] {processor.py:842} WARNING - No viable dags retrieved from /opt/airflow/dags/weather_pipeline_dag.py
[2026-02-12T21:15:59.286+0000] {processor.py:183} INFO - Processing /opt/airflow/dags/weather_pipeline_dag.py took 0.878 seconds
[2026-02-12T21:16:29.816+0000] {processor.py:161} INFO - Started process (PID=259) to work on /opt/airflow/dags/weather_pipeline_dag.py
[2026-02-12T21:16:29.820+0000] {processor.py:830} INFO - Processing file /opt/airflow/dags/weather_pipeline_dag.py for tasks to queue
[2026-02-12T21:16:29.823+0000] {logging_mixin.py:188} INFO - [2026-02-12T21:16:29.822+0000] {dagbag.py:538} INFO - Filling up the DagBag from /opt/airflow/dags/weather_pipeline_dag.py
[2026-02-12T21:16:30.606+0000] {logging_mixin.py:188} INFO - [2026-02-12T21:16:30.579+0000] {dagbag.py:348} ERROR - Failed to import: /opt/airflow/dags/weather_pipeline_dag.py
Traceback (most recent call last):
  File "/home/airflow/.local/lib/python3.8/site-packages/airflow/models/dagbag.py", line 344, in parse
    loader.exec_module(new_module)
  File "<frozen importlib._bootstrap_external>", line 843, in exec_module
  File "<frozen importlib._bootstrap>", line 219, in _call_with_frames_removed
  File "/opt/airflow/dags/weather_pipeline_dag.py", line 6, in <module>
    from utils.transform import transform_weather
  File "/opt/airflow/dags/utils/transform.py", line 3, in <module>
    from logger import get_logger
ModuleNotFoundError: No module named 'logger'
[2026-02-12T21:16:30.637+0000] {processor.py:842} WARNING - No viable dags retrieved from /opt/airflow/dags/weather_pipeline_dag.py
[2026-02-12T21:16:30.756+0000] {processor.py:183} INFO - Processing /opt/airflow/dags/weather_pipeline_dag.py took 0.950 seconds
[2026-02-12T21:17:01.273+0000] {processor.py:161} INFO - Started process (PID=265) to work on /opt/airflow/dags/weather_pipeline_dag.py
[2026-02-12T21:17:01.277+0000] {processor.py:830} INFO - Processing file /opt/airflow/dags/weather_pipeline_dag.py for tasks to queue
[2026-02-12T21:17:01.280+0000] {logging_mixin.py:188} INFO - [2026-02-12T21:17:01.279+0000] {dagbag.py:538} INFO - Filling up the DagBag from /opt/airflow/dags/weather_pipeline_dag.py
[2026-02-12T21:17:01.948+0000] {logging_mixin.py:188} INFO - [2026-02-12T21:17:01.928+0000] {dagbag.py:348} ERROR - Failed to import: /opt/airflow/dags/weather_pipeline_dag.py
Traceback (most recent call last):
  File "/home/airflow/.local/lib/python3.8/site-packages/airflow/models/dagbag.py", line 344, in parse
    loader.exec_module(new_module)
  File "<frozen importlib._bootstrap_external>", line 843, in exec_module
  File "<frozen importlib._bootstrap>", line 219, in _call_with_frames_removed
  File "/opt/airflow/dags/weather_pipeline_dag.py", line 6, in <module>
    from utils.transform import transform_weather
  File "/opt/airflow/dags/utils/transform.py", line 3, in <module>
    from logger import get_logger
ModuleNotFoundError: No module named 'logger'
[2026-02-12T21:17:01.954+0000] {processor.py:842} WARNING - No viable dags retrieved from /opt/airflow/dags/weather_pipeline_dag.py
[2026-02-12T21:17:02.013+0000] {processor.py:183} INFO - Processing /opt/airflow/dags/weather_pipeline_dag.py took 0.749 seconds
[2026-02-12T21:17:32.670+0000] {processor.py:161} INFO - Started process (PID=271) to work on /opt/airflow/dags/weather_pipeline_dag.py
[2026-02-12T21:17:32.674+0000] {processor.py:830} INFO - Processing file /opt/airflow/dags/weather_pipeline_dag.py for tasks to queue
[2026-02-12T21:17:32.677+0000] {logging_mixin.py:188} INFO - [2026-02-12T21:17:32.676+0000] {dagbag.py:538} INFO - Filling up the DagBag from /opt/airflow/dags/weather_pipeline_dag.py
[2026-02-12T21:17:33.417+0000] {logging_mixin.py:188} INFO - [2026-02-12T21:17:33.395+0000] {dagbag.py:348} ERROR - Failed to import: /opt/airflow/dags/weather_pipeline_dag.py
Traceback (most recent call last):
  File "/home/airflow/.local/lib/python3.8/site-packages/airflow/models/dagbag.py", line 344, in parse
    loader.exec_module(new_module)
  File "<frozen importlib._bootstrap_external>", line 843, in exec_module
  File "<frozen importlib._bootstrap>", line 219, in _call_with_frames_removed
  File "/opt/airflow/dags/weather_pipeline_dag.py", line 6, in <module>
    from utils.transform import transform_weather
  File "/opt/airflow/dags/utils/transform.py", line 3, in <module>
    from logger import get_logger
ModuleNotFoundError: No module named 'logger'
[2026-02-12T21:17:33.424+0000] {processor.py:842} WARNING - No viable dags retrieved from /opt/airflow/dags/weather_pipeline_dag.py
[2026-02-12T21:17:33.493+0000] {processor.py:183} INFO - Processing /opt/airflow/dags/weather_pipeline_dag.py took 0.831 seconds
[2026-02-12T21:18:04.211+0000] {processor.py:161} INFO - Started process (PID=277) to work on /opt/airflow/dags/weather_pipeline_dag.py
[2026-02-12T21:18:04.217+0000] {processor.py:830} INFO - Processing file /opt/airflow/dags/weather_pipeline_dag.py for tasks to queue
[2026-02-12T21:18:04.225+0000] {logging_mixin.py:188} INFO - [2026-02-12T21:18:04.223+0000] {dagbag.py:538} INFO - Filling up the DagBag from /opt/airflow/dags/weather_pipeline_dag.py
[2026-02-12T21:18:05.445+0000] {logging_mixin.py:188} INFO - [2026-02-12T21:18:05.418+0000] {dagbag.py:348} ERROR - Failed to import: /opt/airflow/dags/weather_pipeline_dag.py
Traceback (most recent call last):
  File "/home/airflow/.local/lib/python3.8/site-packages/airflow/models/dagbag.py", line 344, in parse
    loader.exec_module(new_module)
  File "<frozen importlib._bootstrap_external>", line 843, in exec_module
  File "<frozen importlib._bootstrap>", line 219, in _call_with_frames_removed
  File "/opt/airflow/dags/weather_pipeline_dag.py", line 6, in <module>
    from utils.transform import transform_weather
  File "/opt/airflow/dags/utils/transform.py", line 3, in <module>
    from logger import get_logger
ModuleNotFoundError: No module named 'logger'
[2026-02-12T21:18:05.452+0000] {processor.py:842} WARNING - No viable dags retrieved from /opt/airflow/dags/weather_pipeline_dag.py
[2026-02-12T21:18:05.543+0000] {processor.py:183} INFO - Processing /opt/airflow/dags/weather_pipeline_dag.py took 1.282 seconds
[2026-02-12T21:18:35.688+0000] {processor.py:161} INFO - Started process (PID=283) to work on /opt/airflow/dags/weather_pipeline_dag.py
[2026-02-12T21:18:35.691+0000] {processor.py:830} INFO - Processing file /opt/airflow/dags/weather_pipeline_dag.py for tasks to queue
[2026-02-12T21:18:35.694+0000] {logging_mixin.py:188} INFO - [2026-02-12T21:18:35.693+0000] {dagbag.py:538} INFO - Filling up the DagBag from /opt/airflow/dags/weather_pipeline_dag.py
[2026-02-12T21:18:36.387+0000] {logging_mixin.py:188} INFO - [2026-02-12T21:18:36.366+0000] {dagbag.py:348} ERROR - Failed to import: /opt/airflow/dags/weather_pipeline_dag.py
Traceback (most recent call last):
  File "/home/airflow/.local/lib/python3.8/site-packages/airflow/models/dagbag.py", line 344, in parse
    loader.exec_module(new_module)
  File "<frozen importlib._bootstrap_external>", line 843, in exec_module
  File "<frozen importlib._bootstrap>", line 219, in _call_with_frames_removed
  File "/opt/airflow/dags/weather_pipeline_dag.py", line 6, in <module>
    from utils.transform import transform_weather
  File "/opt/airflow/dags/utils/transform.py", line 3, in <module>
    from logger import get_logger
ModuleNotFoundError: No module named 'logger'
[2026-02-12T21:18:36.394+0000] {processor.py:842} WARNING - No viable dags retrieved from /opt/airflow/dags/weather_pipeline_dag.py
[2026-02-12T21:18:36.452+0000] {processor.py:183} INFO - Processing /opt/airflow/dags/weather_pipeline_dag.py took 0.772 seconds
[2026-02-12T21:19:07.015+0000] {processor.py:161} INFO - Started process (PID=289) to work on /opt/airflow/dags/weather_pipeline_dag.py
[2026-02-12T21:19:07.019+0000] {processor.py:830} INFO - Processing file /opt/airflow/dags/weather_pipeline_dag.py for tasks to queue
[2026-02-12T21:19:07.022+0000] {logging_mixin.py:188} INFO - [2026-02-12T21:19:07.021+0000] {dagbag.py:538} INFO - Filling up the DagBag from /opt/airflow/dags/weather_pipeline_dag.py
[2026-02-12T21:19:07.721+0000] {logging_mixin.py:188} INFO - [2026-02-12T21:19:07.703+0000] {dagbag.py:348} ERROR - Failed to import: /opt/airflow/dags/weather_pipeline_dag.py
Traceback (most recent call last):
  File "/home/airflow/.local/lib/python3.8/site-packages/airflow/models/dagbag.py", line 344, in parse
    loader.exec_module(new_module)
  File "<frozen importlib._bootstrap_external>", line 843, in exec_module
  File "<frozen importlib._bootstrap>", line 219, in _call_with_frames_removed
  File "/opt/airflow/dags/weather_pipeline_dag.py", line 6, in <module>
    from utils.transform import transform_weather
  File "/opt/airflow/dags/utils/transform.py", line 3, in <module>
    from logger import get_logger
ModuleNotFoundError: No module named 'logger'
[2026-02-12T21:19:07.727+0000] {processor.py:842} WARNING - No viable dags retrieved from /opt/airflow/dags/weather_pipeline_dag.py
[2026-02-12T21:19:07.788+0000] {processor.py:183} INFO - Processing /opt/airflow/dags/weather_pipeline_dag.py took 0.780 seconds
[2026-02-12T21:19:38.278+0000] {processor.py:161} INFO - Started process (PID=295) to work on /opt/airflow/dags/weather_pipeline_dag.py
[2026-02-12T21:19:38.282+0000] {processor.py:830} INFO - Processing file /opt/airflow/dags/weather_pipeline_dag.py for tasks to queue
[2026-02-12T21:19:38.285+0000] {logging_mixin.py:188} INFO - [2026-02-12T21:19:38.284+0000] {dagbag.py:538} INFO - Filling up the DagBag from /opt/airflow/dags/weather_pipeline_dag.py
[2026-02-12T21:19:39.041+0000] {logging_mixin.py:188} INFO - [2026-02-12T21:19:39.020+0000] {dagbag.py:348} ERROR - Failed to import: /opt/airflow/dags/weather_pipeline_dag.py
Traceback (most recent call last):
  File "/home/airflow/.local/lib/python3.8/site-packages/airflow/models/dagbag.py", line 344, in parse
    loader.exec_module(new_module)
  File "<frozen importlib._bootstrap_external>", line 843, in exec_module
  File "<frozen importlib._bootstrap>", line 219, in _call_with_frames_removed
  File "/opt/airflow/dags/weather_pipeline_dag.py", line 6, in <module>
    from utils.transform import transform_weather
  File "/opt/airflow/dags/utils/transform.py", line 3, in <module>
    from logger import get_logger
ModuleNotFoundError: No module named 'logger'
[2026-02-12T21:19:39.048+0000] {processor.py:842} WARNING - No viable dags retrieved from /opt/airflow/dags/weather_pipeline_dag.py
[2026-02-12T21:19:39.111+0000] {processor.py:183} INFO - Processing /opt/airflow/dags/weather_pipeline_dag.py took 0.841 seconds
[2026-02-12T21:20:09.591+0000] {processor.py:161} INFO - Started process (PID=301) to work on /opt/airflow/dags/weather_pipeline_dag.py
[2026-02-12T21:20:09.594+0000] {processor.py:830} INFO - Processing file /opt/airflow/dags/weather_pipeline_dag.py for tasks to queue
[2026-02-12T21:20:09.597+0000] {logging_mixin.py:188} INFO - [2026-02-12T21:20:09.597+0000] {dagbag.py:538} INFO - Filling up the DagBag from /opt/airflow/dags/weather_pipeline_dag.py
[2026-02-12T21:20:10.429+0000] {logging_mixin.py:188} INFO - [2026-02-12T21:20:10.407+0000] {dagbag.py:348} ERROR - Failed to import: /opt/airflow/dags/weather_pipeline_dag.py
Traceback (most recent call last):
  File "/home/airflow/.local/lib/python3.8/site-packages/airflow/models/dagbag.py", line 344, in parse
    loader.exec_module(new_module)
  File "<frozen importlib._bootstrap_external>", line 843, in exec_module
  File "<frozen importlib._bootstrap>", line 219, in _call_with_frames_removed
  File "/opt/airflow/dags/weather_pipeline_dag.py", line 6, in <module>
    from utils.transform import transform_weather
  File "/opt/airflow/dags/utils/transform.py", line 3, in <module>
    from logger import get_logger
ModuleNotFoundError: No module named 'logger'
[2026-02-12T21:20:10.437+0000] {processor.py:842} WARNING - No viable dags retrieved from /opt/airflow/dags/weather_pipeline_dag.py
[2026-02-12T21:20:10.498+0000] {processor.py:183} INFO - Processing /opt/airflow/dags/weather_pipeline_dag.py took 0.913 seconds
[2026-02-12T21:20:41.044+0000] {processor.py:161} INFO - Started process (PID=307) to work on /opt/airflow/dags/weather_pipeline_dag.py
[2026-02-12T21:20:41.048+0000] {processor.py:830} INFO - Processing file /opt/airflow/dags/weather_pipeline_dag.py for tasks to queue
[2026-02-12T21:20:41.051+0000] {logging_mixin.py:188} INFO - [2026-02-12T21:20:41.050+0000] {dagbag.py:538} INFO - Filling up the DagBag from /opt/airflow/dags/weather_pipeline_dag.py
[2026-02-12T21:20:41.767+0000] {logging_mixin.py:188} INFO - [2026-02-12T21:20:41.751+0000] {dagbag.py:348} ERROR - Failed to import: /opt/airflow/dags/weather_pipeline_dag.py
Traceback (most recent call last):
  File "/home/airflow/.local/lib/python3.8/site-packages/airflow/models/dagbag.py", line 344, in parse
    loader.exec_module(new_module)
  File "<frozen importlib._bootstrap_external>", line 843, in exec_module
  File "<frozen importlib._bootstrap>", line 219, in _call_with_frames_removed
  File "/opt/airflow/dags/weather_pipeline_dag.py", line 6, in <module>
    from utils.transform import transform_weather
  File "/opt/airflow/dags/utils/transform.py", line 3, in <module>
    from logger import get_logger
ModuleNotFoundError: No module named 'logger'
[2026-02-12T21:20:41.772+0000] {processor.py:842} WARNING - No viable dags retrieved from /opt/airflow/dags/weather_pipeline_dag.py
[2026-02-12T21:20:41.825+0000] {processor.py:183} INFO - Processing /opt/airflow/dags/weather_pipeline_dag.py took 0.788 seconds
[2026-02-12T21:21:12.365+0000] {processor.py:161} INFO - Started process (PID=313) to work on /opt/airflow/dags/weather_pipeline_dag.py
[2026-02-12T21:21:12.368+0000] {processor.py:830} INFO - Processing file /opt/airflow/dags/weather_pipeline_dag.py for tasks to queue
[2026-02-12T21:21:12.371+0000] {logging_mixin.py:188} INFO - [2026-02-12T21:21:12.370+0000] {dagbag.py:538} INFO - Filling up the DagBag from /opt/airflow/dags/weather_pipeline_dag.py
[2026-02-12T21:21:13.121+0000] {logging_mixin.py:188} INFO - [2026-02-12T21:21:13.102+0000] {dagbag.py:348} ERROR - Failed to import: /opt/airflow/dags/weather_pipeline_dag.py
Traceback (most recent call last):
  File "/home/airflow/.local/lib/python3.8/site-packages/airflow/models/dagbag.py", line 344, in parse
    loader.exec_module(new_module)
  File "<frozen importlib._bootstrap_external>", line 843, in exec_module
  File "<frozen importlib._bootstrap>", line 219, in _call_with_frames_removed
  File "/opt/airflow/dags/weather_pipeline_dag.py", line 6, in <module>
    from utils.transform import transform_weather
  File "/opt/airflow/dags/utils/transform.py", line 3, in <module>
    from logger import get_logger
ModuleNotFoundError: No module named 'logger'
[2026-02-12T21:21:13.127+0000] {processor.py:842} WARNING - No viable dags retrieved from /opt/airflow/dags/weather_pipeline_dag.py
[2026-02-12T21:21:13.180+0000] {processor.py:183} INFO - Processing /opt/airflow/dags/weather_pipeline_dag.py took 0.822 seconds
[2026-02-12T21:21:43.627+0000] {processor.py:161} INFO - Started process (PID=319) to work on /opt/airflow/dags/weather_pipeline_dag.py
[2026-02-12T21:21:43.629+0000] {processor.py:830} INFO - Processing file /opt/airflow/dags/weather_pipeline_dag.py for tasks to queue
[2026-02-12T21:21:43.631+0000] {logging_mixin.py:188} INFO - [2026-02-12T21:21:43.630+0000] {dagbag.py:538} INFO - Filling up the DagBag from /opt/airflow/dags/weather_pipeline_dag.py
[2026-02-12T21:21:44.167+0000] {logging_mixin.py:188} INFO - [2026-02-12T21:21:44.149+0000] {dagbag.py:348} ERROR - Failed to import: /opt/airflow/dags/weather_pipeline_dag.py
Traceback (most recent call last):
  File "/home/airflow/.local/lib/python3.8/site-packages/airflow/models/dagbag.py", line 344, in parse
    loader.exec_module(new_module)
  File "<frozen importlib._bootstrap_external>", line 843, in exec_module
  File "<frozen importlib._bootstrap>", line 219, in _call_with_frames_removed
  File "/opt/airflow/dags/weather_pipeline_dag.py", line 6, in <module>
    from utils.transform import transform_weather
  File "/opt/airflow/dags/utils/transform.py", line 3, in <module>
    from logger import get_logger
ModuleNotFoundError: No module named 'logger'
[2026-02-12T21:21:44.173+0000] {processor.py:842} WARNING - No viable dags retrieved from /opt/airflow/dags/weather_pipeline_dag.py
[2026-02-12T21:21:44.218+0000] {processor.py:183} INFO - Processing /opt/airflow/dags/weather_pipeline_dag.py took 0.596 seconds
[2026-02-12T21:22:14.614+0000] {processor.py:161} INFO - Started process (PID=325) to work on /opt/airflow/dags/weather_pipeline_dag.py
[2026-02-12T21:22:14.617+0000] {processor.py:830} INFO - Processing file /opt/airflow/dags/weather_pipeline_dag.py for tasks to queue
[2026-02-12T21:22:14.619+0000] {logging_mixin.py:188} INFO - [2026-02-12T21:22:14.618+0000] {dagbag.py:538} INFO - Filling up the DagBag from /opt/airflow/dags/weather_pipeline_dag.py
[2026-02-12T21:22:15.248+0000] {logging_mixin.py:188} INFO - [2026-02-12T21:22:15.231+0000] {dagbag.py:348} ERROR - Failed to import: /opt/airflow/dags/weather_pipeline_dag.py
Traceback (most recent call last):
  File "/home/airflow/.local/lib/python3.8/site-packages/airflow/models/dagbag.py", line 344, in parse
    loader.exec_module(new_module)
  File "<frozen importlib._bootstrap_external>", line 843, in exec_module
  File "<frozen importlib._bootstrap>", line 219, in _call_with_frames_removed
  File "/opt/airflow/dags/weather_pipeline_dag.py", line 6, in <module>
    from utils.transform import transform_weather
  File "/opt/airflow/dags/utils/transform.py", line 3, in <module>
    from logger import get_logger
ModuleNotFoundError: No module named 'logger'
[2026-02-12T21:22:15.254+0000] {processor.py:842} WARNING - No viable dags retrieved from /opt/airflow/dags/weather_pipeline_dag.py
[2026-02-12T21:22:15.302+0000] {processor.py:183} INFO - Processing /opt/airflow/dags/weather_pipeline_dag.py took 0.697 seconds
[2026-02-12T21:22:45.618+0000] {processor.py:161} INFO - Started process (PID=331) to work on /opt/airflow/dags/weather_pipeline_dag.py
[2026-02-12T21:22:45.622+0000] {processor.py:830} INFO - Processing file /opt/airflow/dags/weather_pipeline_dag.py for tasks to queue
[2026-02-12T21:22:45.625+0000] {logging_mixin.py:188} INFO - [2026-02-12T21:22:45.624+0000] {dagbag.py:538} INFO - Filling up the DagBag from /opt/airflow/dags/weather_pipeline_dag.py
[2026-02-12T21:22:46.424+0000] {logging_mixin.py:188} INFO - [2026-02-12T21:22:46.401+0000] {dagbag.py:348} ERROR - Failed to import: /opt/airflow/dags/weather_pipeline_dag.py
Traceback (most recent call last):
  File "/home/airflow/.local/lib/python3.8/site-packages/airflow/models/dagbag.py", line 344, in parse
    loader.exec_module(new_module)
  File "<frozen importlib._bootstrap_external>", line 843, in exec_module
  File "<frozen importlib._bootstrap>", line 219, in _call_with_frames_removed
  File "/opt/airflow/dags/weather_pipeline_dag.py", line 6, in <module>
    from utils.transform import transform_weather
  File "/opt/airflow/dags/utils/transform.py", line 3, in <module>
    from logger import get_logger
ModuleNotFoundError: No module named 'logger'
[2026-02-12T21:22:46.429+0000] {processor.py:842} WARNING - No viable dags retrieved from /opt/airflow/dags/weather_pipeline_dag.py
[2026-02-12T21:22:46.478+0000] {processor.py:183} INFO - Processing /opt/airflow/dags/weather_pipeline_dag.py took 0.867 seconds
[2026-02-12T21:23:16.979+0000] {processor.py:161} INFO - Started process (PID=337) to work on /opt/airflow/dags/weather_pipeline_dag.py
[2026-02-12T21:23:16.982+0000] {processor.py:830} INFO - Processing file /opt/airflow/dags/weather_pipeline_dag.py for tasks to queue
[2026-02-12T21:23:16.984+0000] {logging_mixin.py:188} INFO - [2026-02-12T21:23:16.983+0000] {dagbag.py:538} INFO - Filling up the DagBag from /opt/airflow/dags/weather_pipeline_dag.py
[2026-02-12T21:23:17.544+0000] {logging_mixin.py:188} INFO - [2026-02-12T21:23:17.530+0000] {dagbag.py:348} ERROR - Failed to import: /opt/airflow/dags/weather_pipeline_dag.py
Traceback (most recent call last):
  File "/home/airflow/.local/lib/python3.8/site-packages/airflow/models/dagbag.py", line 344, in parse
    loader.exec_module(new_module)
  File "<frozen importlib._bootstrap_external>", line 843, in exec_module
  File "<frozen importlib._bootstrap>", line 219, in _call_with_frames_removed
  File "/opt/airflow/dags/weather_pipeline_dag.py", line 6, in <module>
    from utils.transform import transform_weather
  File "/opt/airflow/dags/utils/transform.py", line 3, in <module>
    from logger import get_logger
ModuleNotFoundError: No module named 'logger'
[2026-02-12T21:23:17.549+0000] {processor.py:842} WARNING - No viable dags retrieved from /opt/airflow/dags/weather_pipeline_dag.py
[2026-02-12T21:23:17.591+0000] {processor.py:183} INFO - Processing /opt/airflow/dags/weather_pipeline_dag.py took 0.618 seconds
[2026-02-12T21:23:48.058+0000] {processor.py:161} INFO - Started process (PID=343) to work on /opt/airflow/dags/weather_pipeline_dag.py
[2026-02-12T21:23:48.062+0000] {processor.py:830} INFO - Processing file /opt/airflow/dags/weather_pipeline_dag.py for tasks to queue
[2026-02-12T21:23:48.064+0000] {logging_mixin.py:188} INFO - [2026-02-12T21:23:48.064+0000] {dagbag.py:538} INFO - Filling up the DagBag from /opt/airflow/dags/weather_pipeline_dag.py
[2026-02-12T21:23:48.800+0000] {logging_mixin.py:188} INFO - [2026-02-12T21:23:48.780+0000] {dagbag.py:348} ERROR - Failed to import: /opt/airflow/dags/weather_pipeline_dag.py
Traceback (most recent call last):
  File "/home/airflow/.local/lib/python3.8/site-packages/airflow/models/dagbag.py", line 344, in parse
    loader.exec_module(new_module)
  File "<frozen importlib._bootstrap_external>", line 843, in exec_module
  File "<frozen importlib._bootstrap>", line 219, in _call_with_frames_removed
  File "/opt/airflow/dags/weather_pipeline_dag.py", line 6, in <module>
    from utils.transform import transform_weather
  File "/opt/airflow/dags/utils/transform.py", line 3, in <module>
    from logger import get_logger
ModuleNotFoundError: No module named 'logger'
[2026-02-12T21:23:48.805+0000] {processor.py:842} WARNING - No viable dags retrieved from /opt/airflow/dags/weather_pipeline_dag.py
[2026-02-12T21:23:48.866+0000] {processor.py:183} INFO - Processing /opt/airflow/dags/weather_pipeline_dag.py took 0.817 seconds
[2026-02-12T21:24:19.319+0000] {processor.py:161} INFO - Started process (PID=349) to work on /opt/airflow/dags/weather_pipeline_dag.py
[2026-02-12T21:24:19.322+0000] {processor.py:830} INFO - Processing file /opt/airflow/dags/weather_pipeline_dag.py for tasks to queue
[2026-02-12T21:24:19.324+0000] {logging_mixin.py:188} INFO - [2026-02-12T21:24:19.324+0000] {dagbag.py:538} INFO - Filling up the DagBag from /opt/airflow/dags/weather_pipeline_dag.py
[2026-02-12T21:24:20.044+0000] {logging_mixin.py:188} INFO - [2026-02-12T21:24:20.025+0000] {dagbag.py:348} ERROR - Failed to import: /opt/airflow/dags/weather_pipeline_dag.py
Traceback (most recent call last):
  File "/home/airflow/.local/lib/python3.8/site-packages/airflow/models/dagbag.py", line 344, in parse
    loader.exec_module(new_module)
  File "<frozen importlib._bootstrap_external>", line 843, in exec_module
  File "<frozen importlib._bootstrap>", line 219, in _call_with_frames_removed
  File "/opt/airflow/dags/weather_pipeline_dag.py", line 6, in <module>
    from utils.transform import transform_weather
  File "/opt/airflow/dags/utils/transform.py", line 3, in <module>
    from logger import get_logger
ModuleNotFoundError: No module named 'logger'
[2026-02-12T21:24:20.049+0000] {processor.py:842} WARNING - No viable dags retrieved from /opt/airflow/dags/weather_pipeline_dag.py
[2026-02-12T21:24:20.113+0000] {processor.py:183} INFO - Processing /opt/airflow/dags/weather_pipeline_dag.py took 0.802 seconds
[2026-02-12T21:24:50.567+0000] {processor.py:161} INFO - Started process (PID=355) to work on /opt/airflow/dags/weather_pipeline_dag.py
[2026-02-12T21:24:50.569+0000] {processor.py:830} INFO - Processing file /opt/airflow/dags/weather_pipeline_dag.py for tasks to queue
[2026-02-12T21:24:50.572+0000] {logging_mixin.py:188} INFO - [2026-02-12T21:24:50.571+0000] {dagbag.py:538} INFO - Filling up the DagBag from /opt/airflow/dags/weather_pipeline_dag.py
[2026-02-12T21:24:51.304+0000] {logging_mixin.py:188} INFO - [2026-02-12T21:24:51.279+0000] {dagbag.py:348} ERROR - Failed to import: /opt/airflow/dags/weather_pipeline_dag.py
Traceback (most recent call last):
  File "/home/airflow/.local/lib/python3.8/site-packages/airflow/models/dagbag.py", line 344, in parse
    loader.exec_module(new_module)
  File "<frozen importlib._bootstrap_external>", line 843, in exec_module
  File "<frozen importlib._bootstrap>", line 219, in _call_with_frames_removed
  File "/opt/airflow/dags/weather_pipeline_dag.py", line 6, in <module>
    from utils.transform import transform_weather
  File "/opt/airflow/dags/utils/transform.py", line 3, in <module>
    from logger import get_logger
ModuleNotFoundError: No module named 'logger'
[2026-02-12T21:24:51.310+0000] {processor.py:842} WARNING - No viable dags retrieved from /opt/airflow/dags/weather_pipeline_dag.py
[2026-02-12T21:24:51.364+0000] {processor.py:183} INFO - Processing /opt/airflow/dags/weather_pipeline_dag.py took 0.804 seconds
[2026-02-12T21:25:21.892+0000] {processor.py:161} INFO - Started process (PID=361) to work on /opt/airflow/dags/weather_pipeline_dag.py
[2026-02-12T21:25:21.895+0000] {processor.py:830} INFO - Processing file /opt/airflow/dags/weather_pipeline_dag.py for tasks to queue
[2026-02-12T21:25:21.899+0000] {logging_mixin.py:188} INFO - [2026-02-12T21:25:21.898+0000] {dagbag.py:538} INFO - Filling up the DagBag from /opt/airflow/dags/weather_pipeline_dag.py
[2026-02-12T21:25:22.722+0000] {logging_mixin.py:188} INFO - [2026-02-12T21:25:22.699+0000] {dagbag.py:348} ERROR - Failed to import: /opt/airflow/dags/weather_pipeline_dag.py
Traceback (most recent call last):
  File "/home/airflow/.local/lib/python3.8/site-packages/airflow/models/dagbag.py", line 344, in parse
    loader.exec_module(new_module)
  File "<frozen importlib._bootstrap_external>", line 843, in exec_module
  File "<frozen importlib._bootstrap>", line 219, in _call_with_frames_removed
  File "/opt/airflow/dags/weather_pipeline_dag.py", line 6, in <module>
    from utils.transform import transform_weather
  File "/opt/airflow/dags/utils/transform.py", line 3, in <module>
    from logger import get_logger
ModuleNotFoundError: No module named 'logger'
[2026-02-12T21:25:22.732+0000] {processor.py:842} WARNING - No viable dags retrieved from /opt/airflow/dags/weather_pipeline_dag.py
[2026-02-12T21:25:22.794+0000] {processor.py:183} INFO - Processing /opt/airflow/dags/weather_pipeline_dag.py took 0.911 seconds
[2026-02-12T21:25:53.291+0000] {processor.py:161} INFO - Started process (PID=367) to work on /opt/airflow/dags/weather_pipeline_dag.py
[2026-02-12T21:25:53.294+0000] {processor.py:830} INFO - Processing file /opt/airflow/dags/weather_pipeline_dag.py for tasks to queue
[2026-02-12T21:25:53.297+0000] {logging_mixin.py:188} INFO - [2026-02-12T21:25:53.296+0000] {dagbag.py:538} INFO - Filling up the DagBag from /opt/airflow/dags/weather_pipeline_dag.py
[2026-02-12T21:25:53.987+0000] {logging_mixin.py:188} INFO - [2026-02-12T21:25:53.969+0000] {dagbag.py:348} ERROR - Failed to import: /opt/airflow/dags/weather_pipeline_dag.py
Traceback (most recent call last):
  File "/home/airflow/.local/lib/python3.8/site-packages/airflow/models/dagbag.py", line 344, in parse
    loader.exec_module(new_module)
  File "<frozen importlib._bootstrap_external>", line 843, in exec_module
  File "<frozen importlib._bootstrap>", line 219, in _call_with_frames_removed
  File "/opt/airflow/dags/weather_pipeline_dag.py", line 6, in <module>
    from utils.transform import transform_weather
  File "/opt/airflow/dags/utils/transform.py", line 3, in <module>
    from logger import get_logger
ModuleNotFoundError: No module named 'logger'
[2026-02-12T21:25:53.993+0000] {processor.py:842} WARNING - No viable dags retrieved from /opt/airflow/dags/weather_pipeline_dag.py
[2026-02-12T21:25:54.054+0000] {processor.py:183} INFO - Processing /opt/airflow/dags/weather_pipeline_dag.py took 0.771 seconds
[2026-02-12T21:26:24.567+0000] {processor.py:161} INFO - Started process (PID=373) to work on /opt/airflow/dags/weather_pipeline_dag.py
[2026-02-12T21:26:24.571+0000] {processor.py:830} INFO - Processing file /opt/airflow/dags/weather_pipeline_dag.py for tasks to queue
[2026-02-12T21:26:24.575+0000] {logging_mixin.py:188} INFO - [2026-02-12T21:26:24.574+0000] {dagbag.py:538} INFO - Filling up the DagBag from /opt/airflow/dags/weather_pipeline_dag.py
[2026-02-12T21:26:25.320+0000] {logging_mixin.py:188} INFO - [2026-02-12T21:26:25.295+0000] {dagbag.py:348} ERROR - Failed to import: /opt/airflow/dags/weather_pipeline_dag.py
Traceback (most recent call last):
  File "/home/airflow/.local/lib/python3.8/site-packages/airflow/models/dagbag.py", line 344, in parse
    loader.exec_module(new_module)
  File "<frozen importlib._bootstrap_external>", line 843, in exec_module
  File "<frozen importlib._bootstrap>", line 219, in _call_with_frames_removed
  File "/opt/airflow/dags/weather_pipeline_dag.py", line 6, in <module>
    from utils.transform import transform_weather
  File "/opt/airflow/dags/utils/transform.py", line 3, in <module>
    from logger import get_logger
ModuleNotFoundError: No module named 'logger'
[2026-02-12T21:26:25.327+0000] {processor.py:842} WARNING - No viable dags retrieved from /opt/airflow/dags/weather_pipeline_dag.py
[2026-02-12T21:26:25.379+0000] {processor.py:183} INFO - Processing /opt/airflow/dags/weather_pipeline_dag.py took 0.820 seconds
[2026-02-12T21:26:55.830+0000] {processor.py:161} INFO - Started process (PID=379) to work on /opt/airflow/dags/weather_pipeline_dag.py
[2026-02-12T21:26:55.833+0000] {processor.py:830} INFO - Processing file /opt/airflow/dags/weather_pipeline_dag.py for tasks to queue
[2026-02-12T21:26:55.836+0000] {logging_mixin.py:188} INFO - [2026-02-12T21:26:55.835+0000] {dagbag.py:538} INFO - Filling up the DagBag from /opt/airflow/dags/weather_pipeline_dag.py
[2026-02-12T21:26:56.575+0000] {logging_mixin.py:188} INFO - [2026-02-12T21:26:56.558+0000] {dagbag.py:348} ERROR - Failed to import: /opt/airflow/dags/weather_pipeline_dag.py
Traceback (most recent call last):
  File "/home/airflow/.local/lib/python3.8/site-packages/airflow/models/dagbag.py", line 344, in parse
    loader.exec_module(new_module)
  File "<frozen importlib._bootstrap_external>", line 843, in exec_module
  File "<frozen importlib._bootstrap>", line 219, in _call_with_frames_removed
  File "/opt/airflow/dags/weather_pipeline_dag.py", line 6, in <module>
    from utils.transform import transform_weather
  File "/opt/airflow/dags/utils/transform.py", line 3, in <module>
    from logger import get_logger
ModuleNotFoundError: No module named 'logger'
[2026-02-12T21:26:56.582+0000] {processor.py:842} WARNING - No viable dags retrieved from /opt/airflow/dags/weather_pipeline_dag.py
[2026-02-12T21:26:56.641+0000] {processor.py:183} INFO - Processing /opt/airflow/dags/weather_pipeline_dag.py took 0.819 seconds
[2026-02-12T21:27:27.105+0000] {processor.py:161} INFO - Started process (PID=385) to work on /opt/airflow/dags/weather_pipeline_dag.py
[2026-02-12T21:27:27.108+0000] {processor.py:830} INFO - Processing file /opt/airflow/dags/weather_pipeline_dag.py for tasks to queue
[2026-02-12T21:27:27.110+0000] {logging_mixin.py:188} INFO - [2026-02-12T21:27:27.109+0000] {dagbag.py:538} INFO - Filling up the DagBag from /opt/airflow/dags/weather_pipeline_dag.py
[2026-02-12T21:27:27.758+0000] {logging_mixin.py:188} INFO - [2026-02-12T21:27:27.739+0000] {dagbag.py:348} ERROR - Failed to import: /opt/airflow/dags/weather_pipeline_dag.py
Traceback (most recent call last):
  File "/home/airflow/.local/lib/python3.8/site-packages/airflow/models/dagbag.py", line 344, in parse
    loader.exec_module(new_module)
  File "<frozen importlib._bootstrap_external>", line 843, in exec_module
  File "<frozen importlib._bootstrap>", line 219, in _call_with_frames_removed
  File "/opt/airflow/dags/weather_pipeline_dag.py", line 6, in <module>
    from utils.transform import transform_weather
  File "/opt/airflow/dags/utils/transform.py", line 3, in <module>
    from logger import get_logger
ModuleNotFoundError: No module named 'logger'
[2026-02-12T21:27:27.764+0000] {processor.py:842} WARNING - No viable dags retrieved from /opt/airflow/dags/weather_pipeline_dag.py
[2026-02-12T21:27:27.817+0000] {processor.py:183} INFO - Processing /opt/airflow/dags/weather_pipeline_dag.py took 0.719 seconds
[2026-02-12T21:27:57.980+0000] {processor.py:161} INFO - Started process (PID=391) to work on /opt/airflow/dags/weather_pipeline_dag.py
[2026-02-12T21:27:57.984+0000] {processor.py:830} INFO - Processing file /opt/airflow/dags/weather_pipeline_dag.py for tasks to queue
[2026-02-12T21:27:57.987+0000] {logging_mixin.py:188} INFO - [2026-02-12T21:27:57.986+0000] {dagbag.py:538} INFO - Filling up the DagBag from /opt/airflow/dags/weather_pipeline_dag.py
[2026-02-12T21:27:58.840+0000] {logging_mixin.py:188} INFO - [2026-02-12T21:27:58.814+0000] {dagbag.py:348} ERROR - Failed to import: /opt/airflow/dags/weather_pipeline_dag.py
Traceback (most recent call last):
  File "/home/airflow/.local/lib/python3.8/site-packages/airflow/models/dagbag.py", line 344, in parse
    loader.exec_module(new_module)
  File "<frozen importlib._bootstrap_external>", line 843, in exec_module
  File "<frozen importlib._bootstrap>", line 219, in _call_with_frames_removed
  File "/opt/airflow/dags/weather_pipeline_dag.py", line 6, in <module>
    from utils.transform import transform_weather
  File "/opt/airflow/dags/utils/transform.py", line 3, in <module>
    from logger import get_logger
ModuleNotFoundError: No module named 'logger'
[2026-02-12T21:27:58.848+0000] {processor.py:842} WARNING - No viable dags retrieved from /opt/airflow/dags/weather_pipeline_dag.py
[2026-02-12T21:27:58.927+0000] {processor.py:183} INFO - Processing /opt/airflow/dags/weather_pipeline_dag.py took 0.957 seconds
[2026-02-12T21:28:29.422+0000] {processor.py:161} INFO - Started process (PID=397) to work on /opt/airflow/dags/weather_pipeline_dag.py
[2026-02-12T21:28:29.425+0000] {processor.py:830} INFO - Processing file /opt/airflow/dags/weather_pipeline_dag.py for tasks to queue
[2026-02-12T21:28:29.428+0000] {logging_mixin.py:188} INFO - [2026-02-12T21:28:29.427+0000] {dagbag.py:538} INFO - Filling up the DagBag from /opt/airflow/dags/weather_pipeline_dag.py
[2026-02-12T21:28:30.107+0000] {logging_mixin.py:188} INFO - [2026-02-12T21:28:30.087+0000] {dagbag.py:348} ERROR - Failed to import: /opt/airflow/dags/weather_pipeline_dag.py
Traceback (most recent call last):
  File "/home/airflow/.local/lib/python3.8/site-packages/airflow/models/dagbag.py", line 344, in parse
    loader.exec_module(new_module)
  File "<frozen importlib._bootstrap_external>", line 843, in exec_module
  File "<frozen importlib._bootstrap>", line 219, in _call_with_frames_removed
  File "/opt/airflow/dags/weather_pipeline_dag.py", line 6, in <module>
    from utils.transform import transform_weather
  File "/opt/airflow/dags/utils/transform.py", line 3, in <module>
    from logger import get_logger
ModuleNotFoundError: No module named 'logger'
[2026-02-12T21:28:30.113+0000] {processor.py:842} WARNING - No viable dags retrieved from /opt/airflow/dags/weather_pipeline_dag.py
[2026-02-12T21:28:30.168+0000] {processor.py:183} INFO - Processing /opt/airflow/dags/weather_pipeline_dag.py took 0.753 seconds
[2026-02-12T21:29:00.578+0000] {processor.py:161} INFO - Started process (PID=403) to work on /opt/airflow/dags/weather_pipeline_dag.py
[2026-02-12T21:29:00.581+0000] {processor.py:830} INFO - Processing file /opt/airflow/dags/weather_pipeline_dag.py for tasks to queue
[2026-02-12T21:29:00.583+0000] {logging_mixin.py:188} INFO - [2026-02-12T21:29:00.582+0000] {dagbag.py:538} INFO - Filling up the DagBag from /opt/airflow/dags/weather_pipeline_dag.py
[2026-02-12T21:29:01.507+0000] {logging_mixin.py:188} INFO - [2026-02-12T21:29:01.456+0000] {dagbag.py:348} ERROR - Failed to import: /opt/airflow/dags/weather_pipeline_dag.py
Traceback (most recent call last):
  File "/home/airflow/.local/lib/python3.8/site-packages/airflow/models/dagbag.py", line 344, in parse
    loader.exec_module(new_module)
  File "<frozen importlib._bootstrap_external>", line 843, in exec_module
  File "<frozen importlib._bootstrap>", line 219, in _call_with_frames_removed
  File "/opt/airflow/dags/weather_pipeline_dag.py", line 6, in <module>
    from utils.transform import transform_weather
  File "/opt/airflow/dags/utils/transform.py", line 3, in <module>
    from logger import get_logger
ModuleNotFoundError: No module named 'logger'
[2026-02-12T21:29:01.515+0000] {processor.py:842} WARNING - No viable dags retrieved from /opt/airflow/dags/weather_pipeline_dag.py
[2026-02-12T21:29:01.664+0000] {processor.py:183} INFO - Processing /opt/airflow/dags/weather_pipeline_dag.py took 1.093 seconds
[2026-02-12T21:29:32.249+0000] {processor.py:161} INFO - Started process (PID=409) to work on /opt/airflow/dags/weather_pipeline_dag.py
[2026-02-12T21:29:32.269+0000] {processor.py:830} INFO - Processing file /opt/airflow/dags/weather_pipeline_dag.py for tasks to queue
[2026-02-12T21:29:32.281+0000] {logging_mixin.py:188} INFO - [2026-02-12T21:29:32.278+0000] {dagbag.py:538} INFO - Filling up the DagBag from /opt/airflow/dags/weather_pipeline_dag.py
[2026-02-12T21:29:33.948+0000] {logging_mixin.py:188} INFO - [2026-02-12T21:29:33.903+0000] {dagbag.py:348} ERROR - Failed to import: /opt/airflow/dags/weather_pipeline_dag.py
Traceback (most recent call last):
  File "/home/airflow/.local/lib/python3.8/site-packages/airflow/models/dagbag.py", line 344, in parse
    loader.exec_module(new_module)
  File "<frozen importlib._bootstrap_external>", line 843, in exec_module
  File "<frozen importlib._bootstrap>", line 219, in _call_with_frames_removed
  File "/opt/airflow/dags/weather_pipeline_dag.py", line 6, in <module>
    from utils.transform import transform_weather
  File "/opt/airflow/dags/utils/transform.py", line 3, in <module>
    from logger import get_logger
ModuleNotFoundError: No module named 'logger'
[2026-02-12T21:29:33.957+0000] {processor.py:842} WARNING - No viable dags retrieved from /opt/airflow/dags/weather_pipeline_dag.py
[2026-02-12T21:29:34.143+0000] {processor.py:183} INFO - Processing /opt/airflow/dags/weather_pipeline_dag.py took 2.009 seconds
[2026-02-12T21:31:49.172+0000] {processor.py:161} INFO - Started process (PID=175) to work on /opt/airflow/dags/weather_pipeline_dag.py
[2026-02-12T21:31:49.178+0000] {processor.py:830} INFO - Processing file /opt/airflow/dags/weather_pipeline_dag.py for tasks to queue
[2026-02-12T21:31:49.182+0000] {logging_mixin.py:188} INFO - [2026-02-12T21:31:49.181+0000] {dagbag.py:538} INFO - Filling up the DagBag from /opt/airflow/dags/weather_pipeline_dag.py
[2026-02-12T21:31:51.844+0000] {logging_mixin.py:188} INFO - [2026-02-12T21:31:51.830+0000] {dagbag.py:348} ERROR - Failed to import: /opt/airflow/dags/weather_pipeline_dag.py
Traceback (most recent call last):
  File "/home/airflow/.local/lib/python3.8/site-packages/airflow/models/dagbag.py", line 344, in parse
    loader.exec_module(new_module)
  File "<frozen importlib._bootstrap_external>", line 843, in exec_module
  File "<frozen importlib._bootstrap>", line 219, in _call_with_frames_removed
  File "/opt/airflow/dags/weather_pipeline_dag.py", line 6, in <module>
    from utils.transform import transform_weather
  File "/opt/airflow/dags/utils/transform.py", line 3, in <module>
    from logger import get_logger
ModuleNotFoundError: No module named 'logger'
[2026-02-12T21:31:51.849+0000] {processor.py:842} WARNING - No viable dags retrieved from /opt/airflow/dags/weather_pipeline_dag.py
[2026-02-12T21:31:51.922+0000] {processor.py:183} INFO - Processing /opt/airflow/dags/weather_pipeline_dag.py took 2.778 seconds
[2026-02-12T21:32:22.421+0000] {processor.py:161} INFO - Started process (PID=181) to work on /opt/airflow/dags/weather_pipeline_dag.py
[2026-02-12T21:32:22.426+0000] {processor.py:830} INFO - Processing file /opt/airflow/dags/weather_pipeline_dag.py for tasks to queue
[2026-02-12T21:32:22.432+0000] {logging_mixin.py:188} INFO - [2026-02-12T21:32:22.430+0000] {dagbag.py:538} INFO - Filling up the DagBag from /opt/airflow/dags/weather_pipeline_dag.py
[2026-02-12T21:32:24.297+0000] {logging_mixin.py:188} INFO - [2026-02-12T21:32:24.254+0000] {dagbag.py:348} ERROR - Failed to import: /opt/airflow/dags/weather_pipeline_dag.py
Traceback (most recent call last):
  File "/home/airflow/.local/lib/python3.8/site-packages/airflow/models/dagbag.py", line 344, in parse
    loader.exec_module(new_module)
  File "<frozen importlib._bootstrap_external>", line 843, in exec_module
  File "<frozen importlib._bootstrap>", line 219, in _call_with_frames_removed
  File "/opt/airflow/dags/weather_pipeline_dag.py", line 6, in <module>
    from utils.transform import transform_weather
  File "/opt/airflow/dags/utils/transform.py", line 3, in <module>
    from logger import get_logger
ModuleNotFoundError: No module named 'logger'
[2026-02-12T21:32:24.305+0000] {processor.py:842} WARNING - No viable dags retrieved from /opt/airflow/dags/weather_pipeline_dag.py
[2026-02-12T21:32:24.481+0000] {processor.py:183} INFO - Processing /opt/airflow/dags/weather_pipeline_dag.py took 2.078 seconds
[2026-02-12T21:33:20.646+0000] {processor.py:161} INFO - Started process (PID=176) to work on /opt/airflow/dags/weather_pipeline_dag.py
[2026-02-12T21:33:20.649+0000] {processor.py:830} INFO - Processing file /opt/airflow/dags/weather_pipeline_dag.py for tasks to queue
[2026-02-12T21:33:20.653+0000] {logging_mixin.py:188} INFO - [2026-02-12T21:33:20.652+0000] {dagbag.py:538} INFO - Filling up the DagBag from /opt/airflow/dags/weather_pipeline_dag.py
[2026-02-12T21:33:23.299+0000] {logging_mixin.py:188} INFO - [2026-02-12T21:33:23.274+0000] {dagbag.py:348} ERROR - Failed to import: /opt/airflow/dags/weather_pipeline_dag.py
Traceback (most recent call last):
  File "/home/airflow/.local/lib/python3.8/site-packages/airflow/models/dagbag.py", line 344, in parse
    loader.exec_module(new_module)
  File "<frozen importlib._bootstrap_external>", line 843, in exec_module
  File "<frozen importlib._bootstrap>", line 219, in _call_with_frames_removed
  File "/opt/airflow/dags/weather_pipeline_dag.py", line 6, in <module>
    from utils.transform import transform_weather
  File "/opt/airflow/dags/utils/transform.py", line 3, in <module>
    from logger import get_logger
ModuleNotFoundError: No module named 'logger'
[2026-02-12T21:33:23.307+0000] {processor.py:842} WARNING - No viable dags retrieved from /opt/airflow/dags/weather_pipeline_dag.py
[2026-02-12T21:33:23.391+0000] {processor.py:183} INFO - Processing /opt/airflow/dags/weather_pipeline_dag.py took 2.754 seconds
[2026-02-12T21:33:54.000+0000] {processor.py:161} INFO - Started process (PID=182) to work on /opt/airflow/dags/weather_pipeline_dag.py
[2026-02-12T21:33:54.004+0000] {processor.py:830} INFO - Processing file /opt/airflow/dags/weather_pipeline_dag.py for tasks to queue
[2026-02-12T21:33:54.008+0000] {logging_mixin.py:188} INFO - [2026-02-12T21:33:54.006+0000] {dagbag.py:538} INFO - Filling up the DagBag from /opt/airflow/dags/weather_pipeline_dag.py
[2026-02-12T21:33:54.991+0000] {logging_mixin.py:188} INFO - [2026-02-12T21:33:54.961+0000] {dagbag.py:348} ERROR - Failed to import: /opt/airflow/dags/weather_pipeline_dag.py
Traceback (most recent call last):
  File "/home/airflow/.local/lib/python3.8/site-packages/airflow/models/dagbag.py", line 344, in parse
    loader.exec_module(new_module)
  File "<frozen importlib._bootstrap_external>", line 843, in exec_module
  File "<frozen importlib._bootstrap>", line 219, in _call_with_frames_removed
  File "/opt/airflow/dags/weather_pipeline_dag.py", line 6, in <module>
    from utils.transform import transform_weather
  File "/opt/airflow/dags/utils/transform.py", line 3, in <module>
    from logger import get_logger
ModuleNotFoundError: No module named 'logger'
[2026-02-12T21:33:55.000+0000] {processor.py:842} WARNING - No viable dags retrieved from /opt/airflow/dags/weather_pipeline_dag.py
[2026-02-12T21:33:55.116+0000] {processor.py:183} INFO - Processing /opt/airflow/dags/weather_pipeline_dag.py took 1.126 seconds
[2026-02-12T21:34:25.525+0000] {processor.py:161} INFO - Started process (PID=188) to work on /opt/airflow/dags/weather_pipeline_dag.py
[2026-02-12T21:34:25.530+0000] {processor.py:830} INFO - Processing file /opt/airflow/dags/weather_pipeline_dag.py for tasks to queue
[2026-02-12T21:34:25.535+0000] {logging_mixin.py:188} INFO - [2026-02-12T21:34:25.534+0000] {dagbag.py:538} INFO - Filling up the DagBag from /opt/airflow/dags/weather_pipeline_dag.py
[2026-02-12T21:34:26.644+0000] {logging_mixin.py:188} INFO - [2026-02-12T21:34:26.605+0000] {dagbag.py:348} ERROR - Failed to import: /opt/airflow/dags/weather_pipeline_dag.py
Traceback (most recent call last):
  File "/home/airflow/.local/lib/python3.8/site-packages/airflow/models/dagbag.py", line 344, in parse
    loader.exec_module(new_module)
  File "<frozen importlib._bootstrap_external>", line 843, in exec_module
  File "<frozen importlib._bootstrap>", line 219, in _call_with_frames_removed
  File "/opt/airflow/dags/weather_pipeline_dag.py", line 6, in <module>
    from utils.transform import transform_weather
  File "/opt/airflow/dags/utils/transform.py", line 3, in <module>
    from logger import get_logger
ModuleNotFoundError: No module named 'logger'
[2026-02-12T21:34:26.657+0000] {processor.py:842} WARNING - No viable dags retrieved from /opt/airflow/dags/weather_pipeline_dag.py
[2026-02-12T21:34:26.775+0000] {processor.py:183} INFO - Processing /opt/airflow/dags/weather_pipeline_dag.py took 1.266 seconds
[2026-02-12T21:34:57.434+0000] {processor.py:161} INFO - Started process (PID=194) to work on /opt/airflow/dags/weather_pipeline_dag.py
[2026-02-12T21:34:57.461+0000] {processor.py:830} INFO - Processing file /opt/airflow/dags/weather_pipeline_dag.py for tasks to queue
[2026-02-12T21:34:57.478+0000] {logging_mixin.py:188} INFO - [2026-02-12T21:34:57.465+0000] {dagbag.py:538} INFO - Filling up the DagBag from /opt/airflow/dags/weather_pipeline_dag.py
[2026-02-12T21:34:58.545+0000] {logging_mixin.py:188} INFO - [2026-02-12T21:34:58.515+0000] {dagbag.py:348} ERROR - Failed to import: /opt/airflow/dags/weather_pipeline_dag.py
Traceback (most recent call last):
  File "/home/airflow/.local/lib/python3.8/site-packages/airflow/models/dagbag.py", line 344, in parse
    loader.exec_module(new_module)
  File "<frozen importlib._bootstrap_external>", line 843, in exec_module
  File "<frozen importlib._bootstrap>", line 219, in _call_with_frames_removed
  File "/opt/airflow/dags/weather_pipeline_dag.py", line 6, in <module>
    from utils.transform import transform_weather
  File "/opt/airflow/dags/utils/transform.py", line 3, in <module>
    from logger import get_logger
ModuleNotFoundError: No module named 'logger'
[2026-02-12T21:34:58.552+0000] {processor.py:842} WARNING - No viable dags retrieved from /opt/airflow/dags/weather_pipeline_dag.py
[2026-02-12T21:34:58.619+0000] {processor.py:183} INFO - Processing /opt/airflow/dags/weather_pipeline_dag.py took 1.210 seconds
[2026-02-12T21:35:28.947+0000] {processor.py:161} INFO - Started process (PID=200) to work on /opt/airflow/dags/weather_pipeline_dag.py
[2026-02-12T21:35:28.952+0000] {processor.py:830} INFO - Processing file /opt/airflow/dags/weather_pipeline_dag.py for tasks to queue
[2026-02-12T21:35:28.958+0000] {logging_mixin.py:188} INFO - [2026-02-12T21:35:28.956+0000] {dagbag.py:538} INFO - Filling up the DagBag from /opt/airflow/dags/weather_pipeline_dag.py
[2026-02-12T21:35:30.071+0000] {logging_mixin.py:188} INFO - [2026-02-12T21:35:30.040+0000] {dagbag.py:348} ERROR - Failed to import: /opt/airflow/dags/weather_pipeline_dag.py
Traceback (most recent call last):
  File "/home/airflow/.local/lib/python3.8/site-packages/airflow/models/dagbag.py", line 344, in parse
    loader.exec_module(new_module)
  File "<frozen importlib._bootstrap_external>", line 843, in exec_module
  File "<frozen importlib._bootstrap>", line 219, in _call_with_frames_removed
  File "/opt/airflow/dags/weather_pipeline_dag.py", line 6, in <module>
    from utils.transform import transform_weather
  File "/opt/airflow/dags/utils/transform.py", line 3, in <module>
    from logger import get_logger
ModuleNotFoundError: No module named 'logger'
[2026-02-12T21:35:30.078+0000] {processor.py:842} WARNING - No viable dags retrieved from /opt/airflow/dags/weather_pipeline_dag.py
[2026-02-12T21:35:30.149+0000] {processor.py:183} INFO - Processing /opt/airflow/dags/weather_pipeline_dag.py took 1.221 seconds
[2026-02-12T21:36:00.461+0000] {processor.py:161} INFO - Started process (PID=206) to work on /opt/airflow/dags/weather_pipeline_dag.py
[2026-02-12T21:36:00.465+0000] {processor.py:830} INFO - Processing file /opt/airflow/dags/weather_pipeline_dag.py for tasks to queue
[2026-02-12T21:36:00.468+0000] {logging_mixin.py:188} INFO - [2026-02-12T21:36:00.468+0000] {dagbag.py:538} INFO - Filling up the DagBag from /opt/airflow/dags/weather_pipeline_dag.py
[2026-02-12T21:36:01.443+0000] {logging_mixin.py:188} INFO - [2026-02-12T21:36:01.414+0000] {dagbag.py:348} ERROR - Failed to import: /opt/airflow/dags/weather_pipeline_dag.py
Traceback (most recent call last):
  File "/home/airflow/.local/lib/python3.8/site-packages/airflow/models/dagbag.py", line 344, in parse
    loader.exec_module(new_module)
  File "<frozen importlib._bootstrap_external>", line 843, in exec_module
  File "<frozen importlib._bootstrap>", line 219, in _call_with_frames_removed
  File "/opt/airflow/dags/weather_pipeline_dag.py", line 6, in <module>
    from utils.transform import transform_weather
  File "/opt/airflow/dags/utils/transform.py", line 3, in <module>
    from logger import get_logger
ModuleNotFoundError: No module named 'logger'
[2026-02-12T21:36:01.450+0000] {processor.py:842} WARNING - No viable dags retrieved from /opt/airflow/dags/weather_pipeline_dag.py
[2026-02-12T21:36:01.547+0000] {processor.py:183} INFO - Processing /opt/airflow/dags/weather_pipeline_dag.py took 1.102 seconds
[2026-02-12T21:36:32.242+0000] {processor.py:161} INFO - Started process (PID=212) to work on /opt/airflow/dags/weather_pipeline_dag.py
[2026-02-12T21:36:32.246+0000] {processor.py:830} INFO - Processing file /opt/airflow/dags/weather_pipeline_dag.py for tasks to queue
[2026-02-12T21:36:32.250+0000] {logging_mixin.py:188} INFO - [2026-02-12T21:36:32.249+0000] {dagbag.py:538} INFO - Filling up the DagBag from /opt/airflow/dags/weather_pipeline_dag.py
[2026-02-12T21:36:33.236+0000] {logging_mixin.py:188} INFO - [2026-02-12T21:36:33.207+0000] {dagbag.py:348} ERROR - Failed to import: /opt/airflow/dags/weather_pipeline_dag.py
Traceback (most recent call last):
  File "/home/airflow/.local/lib/python3.8/site-packages/airflow/models/dagbag.py", line 344, in parse
    loader.exec_module(new_module)
  File "<frozen importlib._bootstrap_external>", line 843, in exec_module
  File "<frozen importlib._bootstrap>", line 219, in _call_with_frames_removed
  File "/opt/airflow/dags/weather_pipeline_dag.py", line 6, in <module>
    from utils.transform import transform_weather
  File "/opt/airflow/dags/utils/transform.py", line 3, in <module>
    from logger import get_logger
ModuleNotFoundError: No module named 'logger'
[2026-02-12T21:36:33.244+0000] {processor.py:842} WARNING - No viable dags retrieved from /opt/airflow/dags/weather_pipeline_dag.py
[2026-02-12T21:36:33.331+0000] {processor.py:183} INFO - Processing /opt/airflow/dags/weather_pipeline_dag.py took 1.097 seconds
[2026-02-12T21:37:03.793+0000] {processor.py:161} INFO - Started process (PID=218) to work on /opt/airflow/dags/weather_pipeline_dag.py
[2026-02-12T21:37:03.805+0000] {processor.py:830} INFO - Processing file /opt/airflow/dags/weather_pipeline_dag.py for tasks to queue
[2026-02-12T21:37:03.813+0000] {logging_mixin.py:188} INFO - [2026-02-12T21:37:03.810+0000] {dagbag.py:538} INFO - Filling up the DagBag from /opt/airflow/dags/weather_pipeline_dag.py
[2026-02-12T21:37:04.654+0000] {logging_mixin.py:188} INFO - [2026-02-12T21:37:04.631+0000] {dagbag.py:348} ERROR - Failed to import: /opt/airflow/dags/weather_pipeline_dag.py
Traceback (most recent call last):
  File "/home/airflow/.local/lib/python3.8/site-packages/airflow/models/dagbag.py", line 344, in parse
    loader.exec_module(new_module)
  File "<frozen importlib._bootstrap_external>", line 843, in exec_module
  File "<frozen importlib._bootstrap>", line 219, in _call_with_frames_removed
  File "/opt/airflow/dags/weather_pipeline_dag.py", line 6, in <module>
    from utils.transform import transform_weather
  File "/opt/airflow/dags/utils/transform.py", line 3, in <module>
    from logger import get_logger
ModuleNotFoundError: No module named 'logger'
[2026-02-12T21:37:04.662+0000] {processor.py:842} WARNING - No viable dags retrieved from /opt/airflow/dags/weather_pipeline_dag.py
[2026-02-12T21:37:04.731+0000] {processor.py:183} INFO - Processing /opt/airflow/dags/weather_pipeline_dag.py took 0.955 seconds
[2026-02-12T21:37:35.213+0000] {processor.py:161} INFO - Started process (PID=224) to work on /opt/airflow/dags/weather_pipeline_dag.py
[2026-02-12T21:37:35.216+0000] {processor.py:830} INFO - Processing file /opt/airflow/dags/weather_pipeline_dag.py for tasks to queue
[2026-02-12T21:37:35.219+0000] {logging_mixin.py:188} INFO - [2026-02-12T21:37:35.218+0000] {dagbag.py:538} INFO - Filling up the DagBag from /opt/airflow/dags/weather_pipeline_dag.py
[2026-02-12T21:37:36.076+0000] {logging_mixin.py:188} INFO - [2026-02-12T21:37:36.051+0000] {dagbag.py:348} ERROR - Failed to import: /opt/airflow/dags/weather_pipeline_dag.py
Traceback (most recent call last):
  File "/home/airflow/.local/lib/python3.8/site-packages/airflow/models/dagbag.py", line 344, in parse
    loader.exec_module(new_module)
  File "<frozen importlib._bootstrap_external>", line 843, in exec_module
  File "<frozen importlib._bootstrap>", line 219, in _call_with_frames_removed
  File "/opt/airflow/dags/weather_pipeline_dag.py", line 6, in <module>
    from utils.transform import transform_weather
  File "/opt/airflow/dags/utils/transform.py", line 3, in <module>
    from logger import get_logger
ModuleNotFoundError: No module named 'logger'
[2026-02-12T21:37:36.083+0000] {processor.py:842} WARNING - No viable dags retrieved from /opt/airflow/dags/weather_pipeline_dag.py
[2026-02-12T21:37:36.160+0000] {processor.py:183} INFO - Processing /opt/airflow/dags/weather_pipeline_dag.py took 0.957 seconds
[2026-02-12T21:38:06.757+0000] {processor.py:161} INFO - Started process (PID=230) to work on /opt/airflow/dags/weather_pipeline_dag.py
[2026-02-12T21:38:06.762+0000] {processor.py:830} INFO - Processing file /opt/airflow/dags/weather_pipeline_dag.py for tasks to queue
[2026-02-12T21:38:06.766+0000] {logging_mixin.py:188} INFO - [2026-02-12T21:38:06.765+0000] {dagbag.py:538} INFO - Filling up the DagBag from /opt/airflow/dags/weather_pipeline_dag.py
[2026-02-12T21:38:07.636+0000] {logging_mixin.py:188} INFO - [2026-02-12T21:38:07.611+0000] {dagbag.py:348} ERROR - Failed to import: /opt/airflow/dags/weather_pipeline_dag.py
Traceback (most recent call last):
  File "/home/airflow/.local/lib/python3.8/site-packages/airflow/models/dagbag.py", line 344, in parse
    loader.exec_module(new_module)
  File "<frozen importlib._bootstrap_external>", line 843, in exec_module
  File "<frozen importlib._bootstrap>", line 219, in _call_with_frames_removed
  File "/opt/airflow/dags/weather_pipeline_dag.py", line 6, in <module>
    from utils.transform import transform_weather
  File "/opt/airflow/dags/utils/transform.py", line 3, in <module>
    from logger import get_logger
ModuleNotFoundError: No module named 'logger'
[2026-02-12T21:38:07.644+0000] {processor.py:842} WARNING - No viable dags retrieved from /opt/airflow/dags/weather_pipeline_dag.py
[2026-02-12T21:38:07.719+0000] {processor.py:183} INFO - Processing /opt/airflow/dags/weather_pipeline_dag.py took 0.971 seconds
[2026-02-12T21:38:38.811+0000] {processor.py:161} INFO - Started process (PID=236) to work on /opt/airflow/dags/weather_pipeline_dag.py
[2026-02-12T21:38:38.814+0000] {processor.py:830} INFO - Processing file /opt/airflow/dags/weather_pipeline_dag.py for tasks to queue
[2026-02-12T21:38:38.818+0000] {logging_mixin.py:188} INFO - [2026-02-12T21:38:38.817+0000] {dagbag.py:538} INFO - Filling up the DagBag from /opt/airflow/dags/weather_pipeline_dag.py
[2026-02-12T21:38:39.715+0000] {logging_mixin.py:188} INFO - [2026-02-12T21:38:39.679+0000] {dagbag.py:348} ERROR - Failed to import: /opt/airflow/dags/weather_pipeline_dag.py
Traceback (most recent call last):
  File "/home/airflow/.local/lib/python3.8/site-packages/airflow/models/dagbag.py", line 344, in parse
    loader.exec_module(new_module)
  File "<frozen importlib._bootstrap_external>", line 843, in exec_module
  File "<frozen importlib._bootstrap>", line 219, in _call_with_frames_removed
  File "/opt/airflow/dags/weather_pipeline_dag.py", line 6, in <module>
    from utils.transform import transform_weather
  File "/opt/airflow/dags/utils/transform.py", line 3, in <module>
    from logger import get_logger
ModuleNotFoundError: No module named 'logger'
[2026-02-12T21:38:39.723+0000] {processor.py:842} WARNING - No viable dags retrieved from /opt/airflow/dags/weather_pipeline_dag.py
[2026-02-12T21:38:39.796+0000] {processor.py:183} INFO - Processing /opt/airflow/dags/weather_pipeline_dag.py took 0.995 seconds
[2026-02-12T21:39:10.619+0000] {processor.py:161} INFO - Started process (PID=242) to work on /opt/airflow/dags/weather_pipeline_dag.py
[2026-02-12T21:39:10.622+0000] {processor.py:830} INFO - Processing file /opt/airflow/dags/weather_pipeline_dag.py for tasks to queue
[2026-02-12T21:39:10.625+0000] {logging_mixin.py:188} INFO - [2026-02-12T21:39:10.624+0000] {dagbag.py:538} INFO - Filling up the DagBag from /opt/airflow/dags/weather_pipeline_dag.py
[2026-02-12T21:39:11.583+0000] {logging_mixin.py:188} INFO - [2026-02-12T21:39:11.557+0000] {dagbag.py:348} ERROR - Failed to import: /opt/airflow/dags/weather_pipeline_dag.py
Traceback (most recent call last):
  File "/home/airflow/.local/lib/python3.8/site-packages/airflow/models/dagbag.py", line 344, in parse
    loader.exec_module(new_module)
  File "<frozen importlib._bootstrap_external>", line 843, in exec_module
  File "<frozen importlib._bootstrap>", line 219, in _call_with_frames_removed
  File "/opt/airflow/dags/weather_pipeline_dag.py", line 6, in <module>
    from utils.transform import transform_weather
  File "/opt/airflow/dags/utils/transform.py", line 3, in <module>
    from logger import get_logger
ModuleNotFoundError: No module named 'logger'
[2026-02-12T21:39:11.590+0000] {processor.py:842} WARNING - No viable dags retrieved from /opt/airflow/dags/weather_pipeline_dag.py
[2026-02-12T21:39:11.660+0000] {processor.py:183} INFO - Processing /opt/airflow/dags/weather_pipeline_dag.py took 1.049 seconds
[2026-02-12T21:39:42.190+0000] {processor.py:161} INFO - Started process (PID=248) to work on /opt/airflow/dags/weather_pipeline_dag.py
[2026-02-12T21:39:42.195+0000] {processor.py:830} INFO - Processing file /opt/airflow/dags/weather_pipeline_dag.py for tasks to queue
[2026-02-12T21:39:42.199+0000] {logging_mixin.py:188} INFO - [2026-02-12T21:39:42.198+0000] {dagbag.py:538} INFO - Filling up the DagBag from /opt/airflow/dags/weather_pipeline_dag.py
[2026-02-12T21:39:43.222+0000] {logging_mixin.py:188} INFO - [2026-02-12T21:39:43.198+0000] {dagbag.py:348} ERROR - Failed to import: /opt/airflow/dags/weather_pipeline_dag.py
Traceback (most recent call last):
  File "/home/airflow/.local/lib/python3.8/site-packages/airflow/models/dagbag.py", line 344, in parse
    loader.exec_module(new_module)
  File "<frozen importlib._bootstrap_external>", line 843, in exec_module
  File "<frozen importlib._bootstrap>", line 219, in _call_with_frames_removed
  File "/opt/airflow/dags/weather_pipeline_dag.py", line 6, in <module>
    from utils.transform import transform_weather
  File "/opt/airflow/dags/utils/transform.py", line 3, in <module>
    from logger import get_logger
ModuleNotFoundError: No module named 'logger'
[2026-02-12T21:39:43.230+0000] {processor.py:842} WARNING - No viable dags retrieved from /opt/airflow/dags/weather_pipeline_dag.py
[2026-02-12T21:39:43.314+0000] {processor.py:183} INFO - Processing /opt/airflow/dags/weather_pipeline_dag.py took 1.139 seconds
[2026-02-12T21:40:13.773+0000] {processor.py:161} INFO - Started process (PID=254) to work on /opt/airflow/dags/weather_pipeline_dag.py
[2026-02-12T21:40:13.777+0000] {processor.py:830} INFO - Processing file /opt/airflow/dags/weather_pipeline_dag.py for tasks to queue
[2026-02-12T21:40:13.780+0000] {logging_mixin.py:188} INFO - [2026-02-12T21:40:13.779+0000] {dagbag.py:538} INFO - Filling up the DagBag from /opt/airflow/dags/weather_pipeline_dag.py
[2026-02-12T21:40:14.635+0000] {logging_mixin.py:188} INFO - [2026-02-12T21:40:14.610+0000] {dagbag.py:348} ERROR - Failed to import: /opt/airflow/dags/weather_pipeline_dag.py
Traceback (most recent call last):
  File "/home/airflow/.local/lib/python3.8/site-packages/airflow/models/dagbag.py", line 344, in parse
    loader.exec_module(new_module)
  File "<frozen importlib._bootstrap_external>", line 843, in exec_module
  File "<frozen importlib._bootstrap>", line 219, in _call_with_frames_removed
  File "/opt/airflow/dags/weather_pipeline_dag.py", line 6, in <module>
    from utils.transform import transform_weather
  File "/opt/airflow/dags/utils/transform.py", line 3, in <module>
    from logger import get_logger
ModuleNotFoundError: No module named 'logger'
[2026-02-12T21:40:14.644+0000] {processor.py:842} WARNING - No viable dags retrieved from /opt/airflow/dags/weather_pipeline_dag.py
[2026-02-12T21:40:14.728+0000] {processor.py:183} INFO - Processing /opt/airflow/dags/weather_pipeline_dag.py took 0.969 seconds
[2026-02-12T21:40:45.265+0000] {processor.py:161} INFO - Started process (PID=260) to work on /opt/airflow/dags/weather_pipeline_dag.py
[2026-02-12T21:40:45.269+0000] {processor.py:830} INFO - Processing file /opt/airflow/dags/weather_pipeline_dag.py for tasks to queue
[2026-02-12T21:40:45.273+0000] {logging_mixin.py:188} INFO - [2026-02-12T21:40:45.272+0000] {dagbag.py:538} INFO - Filling up the DagBag from /opt/airflow/dags/weather_pipeline_dag.py
[2026-02-12T21:40:46.254+0000] {logging_mixin.py:188} INFO - [2026-02-12T21:40:46.230+0000] {dagbag.py:348} ERROR - Failed to import: /opt/airflow/dags/weather_pipeline_dag.py
Traceback (most recent call last):
  File "/home/airflow/.local/lib/python3.8/site-packages/airflow/models/dagbag.py", line 344, in parse
    loader.exec_module(new_module)
  File "<frozen importlib._bootstrap_external>", line 843, in exec_module
  File "<frozen importlib._bootstrap>", line 219, in _call_with_frames_removed
  File "/opt/airflow/dags/weather_pipeline_dag.py", line 6, in <module>
    from utils.transform import transform_weather
  File "/opt/airflow/dags/utils/transform.py", line 3, in <module>
    from logger import get_logger
ModuleNotFoundError: No module named 'logger'
[2026-02-12T21:40:46.261+0000] {processor.py:842} WARNING - No viable dags retrieved from /opt/airflow/dags/weather_pipeline_dag.py
[2026-02-12T21:40:46.339+0000] {processor.py:183} INFO - Processing /opt/airflow/dags/weather_pipeline_dag.py took 1.085 seconds
[2026-02-12T21:41:16.951+0000] {processor.py:161} INFO - Started process (PID=266) to work on /opt/airflow/dags/weather_pipeline_dag.py
[2026-02-12T21:41:16.955+0000] {processor.py:830} INFO - Processing file /opt/airflow/dags/weather_pipeline_dag.py for tasks to queue
[2026-02-12T21:41:16.959+0000] {logging_mixin.py:188} INFO - [2026-02-12T21:41:16.959+0000] {dagbag.py:538} INFO - Filling up the DagBag from /opt/airflow/dags/weather_pipeline_dag.py
[2026-02-12T21:41:17.924+0000] {logging_mixin.py:188} INFO - [2026-02-12T21:41:17.901+0000] {dagbag.py:348} ERROR - Failed to import: /opt/airflow/dags/weather_pipeline_dag.py
Traceback (most recent call last):
  File "/home/airflow/.local/lib/python3.8/site-packages/airflow/models/dagbag.py", line 344, in parse
    loader.exec_module(new_module)
  File "<frozen importlib._bootstrap_external>", line 843, in exec_module
  File "<frozen importlib._bootstrap>", line 219, in _call_with_frames_removed
  File "/opt/airflow/dags/weather_pipeline_dag.py", line 6, in <module>
    from utils.transform import transform_weather
  File "/opt/airflow/dags/utils/transform.py", line 3, in <module>
    from logger import get_logger
ModuleNotFoundError: No module named 'logger'
[2026-02-12T21:41:17.933+0000] {processor.py:842} WARNING - No viable dags retrieved from /opt/airflow/dags/weather_pipeline_dag.py
[2026-02-12T21:41:18.010+0000] {processor.py:183} INFO - Processing /opt/airflow/dags/weather_pipeline_dag.py took 1.071 seconds
[2026-02-12T21:41:48.427+0000] {processor.py:161} INFO - Started process (PID=272) to work on /opt/airflow/dags/weather_pipeline_dag.py
[2026-02-12T21:41:48.431+0000] {processor.py:830} INFO - Processing file /opt/airflow/dags/weather_pipeline_dag.py for tasks to queue
[2026-02-12T21:41:48.435+0000] {logging_mixin.py:188} INFO - [2026-02-12T21:41:48.434+0000] {dagbag.py:538} INFO - Filling up the DagBag from /opt/airflow/dags/weather_pipeline_dag.py
[2026-02-12T21:41:49.423+0000] {logging_mixin.py:188} INFO - [2026-02-12T21:41:49.393+0000] {dagbag.py:348} ERROR - Failed to import: /opt/airflow/dags/weather_pipeline_dag.py
Traceback (most recent call last):
  File "/home/airflow/.local/lib/python3.8/site-packages/airflow/models/dagbag.py", line 344, in parse
    loader.exec_module(new_module)
  File "<frozen importlib._bootstrap_external>", line 843, in exec_module
  File "<frozen importlib._bootstrap>", line 219, in _call_with_frames_removed
  File "/opt/airflow/dags/weather_pipeline_dag.py", line 6, in <module>
    from utils.transform import transform_weather
  File "/opt/airflow/dags/utils/transform.py", line 3, in <module>
    from logger import get_logger
ModuleNotFoundError: No module named 'logger'
[2026-02-12T21:41:49.432+0000] {processor.py:842} WARNING - No viable dags retrieved from /opt/airflow/dags/weather_pipeline_dag.py
[2026-02-12T21:41:49.518+0000] {processor.py:183} INFO - Processing /opt/airflow/dags/weather_pipeline_dag.py took 1.103 seconds
[2026-02-12T21:42:20.024+0000] {processor.py:161} INFO - Started process (PID=278) to work on /opt/airflow/dags/weather_pipeline_dag.py
[2026-02-12T21:42:20.028+0000] {processor.py:830} INFO - Processing file /opt/airflow/dags/weather_pipeline_dag.py for tasks to queue
[2026-02-12T21:42:20.030+0000] {logging_mixin.py:188} INFO - [2026-02-12T21:42:20.030+0000] {dagbag.py:538} INFO - Filling up the DagBag from /opt/airflow/dags/weather_pipeline_dag.py
[2026-02-12T21:42:21.036+0000] {logging_mixin.py:188} INFO - [2026-02-12T21:42:21.014+0000] {dagbag.py:348} ERROR - Failed to import: /opt/airflow/dags/weather_pipeline_dag.py
Traceback (most recent call last):
  File "/home/airflow/.local/lib/python3.8/site-packages/airflow/models/dagbag.py", line 344, in parse
    loader.exec_module(new_module)
  File "<frozen importlib._bootstrap_external>", line 843, in exec_module
  File "<frozen importlib._bootstrap>", line 219, in _call_with_frames_removed
  File "/opt/airflow/dags/weather_pipeline_dag.py", line 6, in <module>
    from utils.transform import transform_weather
  File "/opt/airflow/dags/utils/transform.py", line 3, in <module>
    from logger import get_logger
ModuleNotFoundError: No module named 'logger'
[2026-02-12T21:42:21.043+0000] {processor.py:842} WARNING - No viable dags retrieved from /opt/airflow/dags/weather_pipeline_dag.py
[2026-02-12T21:42:21.126+0000] {processor.py:183} INFO - Processing /opt/airflow/dags/weather_pipeline_dag.py took 1.112 seconds
[2026-02-12T21:42:51.467+0000] {processor.py:161} INFO - Started process (PID=284) to work on /opt/airflow/dags/weather_pipeline_dag.py
[2026-02-12T21:42:51.471+0000] {processor.py:830} INFO - Processing file /opt/airflow/dags/weather_pipeline_dag.py for tasks to queue
[2026-02-12T21:42:51.474+0000] {logging_mixin.py:188} INFO - [2026-02-12T21:42:51.474+0000] {dagbag.py:538} INFO - Filling up the DagBag from /opt/airflow/dags/weather_pipeline_dag.py
[2026-02-12T21:42:52.448+0000] {logging_mixin.py:188} INFO - [2026-02-12T21:42:52.422+0000] {dagbag.py:348} ERROR - Failed to import: /opt/airflow/dags/weather_pipeline_dag.py
Traceback (most recent call last):
  File "/home/airflow/.local/lib/python3.8/site-packages/airflow/models/dagbag.py", line 344, in parse
    loader.exec_module(new_module)
  File "<frozen importlib._bootstrap_external>", line 843, in exec_module
  File "<frozen importlib._bootstrap>", line 219, in _call_with_frames_removed
  File "/opt/airflow/dags/weather_pipeline_dag.py", line 6, in <module>
    from utils.transform import transform_weather
  File "/opt/airflow/dags/utils/transform.py", line 3, in <module>
    from logger import get_logger
ModuleNotFoundError: No module named 'logger'
[2026-02-12T21:42:52.456+0000] {processor.py:842} WARNING - No viable dags retrieved from /opt/airflow/dags/weather_pipeline_dag.py
[2026-02-12T21:42:52.517+0000] {processor.py:183} INFO - Processing /opt/airflow/dags/weather_pipeline_dag.py took 1.067 seconds
[2026-02-12T21:43:23.604+0000] {processor.py:161} INFO - Started process (PID=290) to work on /opt/airflow/dags/weather_pipeline_dag.py
[2026-02-12T21:43:23.608+0000] {processor.py:830} INFO - Processing file /opt/airflow/dags/weather_pipeline_dag.py for tasks to queue
[2026-02-12T21:43:23.611+0000] {logging_mixin.py:188} INFO - [2026-02-12T21:43:23.610+0000] {dagbag.py:538} INFO - Filling up the DagBag from /opt/airflow/dags/weather_pipeline_dag.py
[2026-02-12T21:43:24.622+0000] {logging_mixin.py:188} INFO - [2026-02-12T21:43:24.597+0000] {dagbag.py:348} ERROR - Failed to import: /opt/airflow/dags/weather_pipeline_dag.py
Traceback (most recent call last):
  File "/home/airflow/.local/lib/python3.8/site-packages/airflow/models/dagbag.py", line 344, in parse
    loader.exec_module(new_module)
  File "<frozen importlib._bootstrap_external>", line 843, in exec_module
  File "<frozen importlib._bootstrap>", line 219, in _call_with_frames_removed
  File "/opt/airflow/dags/weather_pipeline_dag.py", line 6, in <module>
    from utils.transform import transform_weather
  File "/opt/airflow/dags/utils/transform.py", line 3, in <module>
    from logger import get_logger
ModuleNotFoundError: No module named 'logger'
[2026-02-12T21:43:24.629+0000] {processor.py:842} WARNING - No viable dags retrieved from /opt/airflow/dags/weather_pipeline_dag.py
[2026-02-12T21:43:24.700+0000] {processor.py:183} INFO - Processing /opt/airflow/dags/weather_pipeline_dag.py took 1.106 seconds
[2026-02-12T21:43:55.147+0000] {processor.py:161} INFO - Started process (PID=296) to work on /opt/airflow/dags/weather_pipeline_dag.py
[2026-02-12T21:43:55.152+0000] {processor.py:830} INFO - Processing file /opt/airflow/dags/weather_pipeline_dag.py for tasks to queue
[2026-02-12T21:43:55.156+0000] {logging_mixin.py:188} INFO - [2026-02-12T21:43:55.155+0000] {dagbag.py:538} INFO - Filling up the DagBag from /opt/airflow/dags/weather_pipeline_dag.py
[2026-02-12T21:43:56.242+0000] {logging_mixin.py:188} INFO - [2026-02-12T21:43:56.213+0000] {dagbag.py:348} ERROR - Failed to import: /opt/airflow/dags/weather_pipeline_dag.py
Traceback (most recent call last):
  File "/home/airflow/.local/lib/python3.8/site-packages/airflow/models/dagbag.py", line 344, in parse
    loader.exec_module(new_module)
  File "<frozen importlib._bootstrap_external>", line 843, in exec_module
  File "<frozen importlib._bootstrap>", line 219, in _call_with_frames_removed
  File "/opt/airflow/dags/weather_pipeline_dag.py", line 6, in <module>
    from utils.transform import transform_weather
  File "/opt/airflow/dags/utils/transform.py", line 3, in <module>
    from logger import get_logger
ModuleNotFoundError: No module named 'logger'
[2026-02-12T21:43:56.249+0000] {processor.py:842} WARNING - No viable dags retrieved from /opt/airflow/dags/weather_pipeline_dag.py
[2026-02-12T21:43:56.485+0000] {processor.py:183} INFO - Processing /opt/airflow/dags/weather_pipeline_dag.py took 1.350 seconds
[2026-02-12T21:44:27.040+0000] {processor.py:161} INFO - Started process (PID=302) to work on /opt/airflow/dags/weather_pipeline_dag.py
[2026-02-12T21:44:27.052+0000] {processor.py:830} INFO - Processing file /opt/airflow/dags/weather_pipeline_dag.py for tasks to queue
[2026-02-12T21:44:27.081+0000] {logging_mixin.py:188} INFO - [2026-02-12T21:44:27.076+0000] {dagbag.py:538} INFO - Filling up the DagBag from /opt/airflow/dags/weather_pipeline_dag.py
[2026-02-12T21:44:30.387+0000] {logging_mixin.py:188} INFO - [2026-02-12T21:44:30.349+0000] {dagbag.py:348} ERROR - Failed to import: /opt/airflow/dags/weather_pipeline_dag.py
Traceback (most recent call last):
  File "/home/airflow/.local/lib/python3.8/site-packages/airflow/models/dagbag.py", line 344, in parse
    loader.exec_module(new_module)
  File "<frozen importlib._bootstrap_external>", line 843, in exec_module
  File "<frozen importlib._bootstrap>", line 219, in _call_with_frames_removed
  File "/opt/airflow/dags/weather_pipeline_dag.py", line 6, in <module>
    from utils.transform import transform_weather
  File "/opt/airflow/dags/utils/transform.py", line 3, in <module>
    from logger import get_logger
ModuleNotFoundError: No module named 'logger'
[2026-02-12T21:44:30.398+0000] {processor.py:842} WARNING - No viable dags retrieved from /opt/airflow/dags/weather_pipeline_dag.py
[2026-02-12T21:44:30.504+0000] {processor.py:183} INFO - Processing /opt/airflow/dags/weather_pipeline_dag.py took 3.583 seconds
[2026-02-12T21:45:00.890+0000] {processor.py:161} INFO - Started process (PID=308) to work on /opt/airflow/dags/weather_pipeline_dag.py
[2026-02-12T21:45:00.908+0000] {processor.py:830} INFO - Processing file /opt/airflow/dags/weather_pipeline_dag.py for tasks to queue
[2026-02-12T21:45:00.919+0000] {logging_mixin.py:188} INFO - [2026-02-12T21:45:00.915+0000] {dagbag.py:538} INFO - Filling up the DagBag from /opt/airflow/dags/weather_pipeline_dag.py
[2026-02-12T21:45:04.476+0000] {logging_mixin.py:188} INFO - [2026-02-12T21:45:04.387+0000] {dagbag.py:348} ERROR - Failed to import: /opt/airflow/dags/weather_pipeline_dag.py
Traceback (most recent call last):
  File "/home/airflow/.local/lib/python3.8/site-packages/airflow/models/dagbag.py", line 344, in parse
    loader.exec_module(new_module)
  File "<frozen importlib._bootstrap_external>", line 843, in exec_module
  File "<frozen importlib._bootstrap>", line 219, in _call_with_frames_removed
  File "/opt/airflow/dags/weather_pipeline_dag.py", line 6, in <module>
    from utils.transform import transform_weather
  File "/opt/airflow/dags/utils/transform.py", line 3, in <module>
    from logger import get_logger
ModuleNotFoundError: No module named 'logger'
[2026-02-12T21:45:04.490+0000] {processor.py:842} WARNING - No viable dags retrieved from /opt/airflow/dags/weather_pipeline_dag.py
[2026-02-12T21:45:04.777+0000] {processor.py:183} INFO - Processing /opt/airflow/dags/weather_pipeline_dag.py took 4.027 seconds
[2026-02-12T21:45:35.803+0000] {processor.py:161} INFO - Started process (PID=314) to work on /opt/airflow/dags/weather_pipeline_dag.py
[2026-02-12T21:45:35.848+0000] {processor.py:830} INFO - Processing file /opt/airflow/dags/weather_pipeline_dag.py for tasks to queue
[2026-02-12T21:45:35.873+0000] {logging_mixin.py:188} INFO - [2026-02-12T21:45:35.866+0000] {dagbag.py:538} INFO - Filling up the DagBag from /opt/airflow/dags/weather_pipeline_dag.py
[2026-02-12T21:45:40.825+0000] {logging_mixin.py:188} INFO - [2026-02-12T21:45:40.684+0000] {dagbag.py:348} ERROR - Failed to import: /opt/airflow/dags/weather_pipeline_dag.py
Traceback (most recent call last):
  File "/home/airflow/.local/lib/python3.8/site-packages/airflow/models/dagbag.py", line 344, in parse
    loader.exec_module(new_module)
  File "<frozen importlib._bootstrap_external>", line 843, in exec_module
  File "<frozen importlib._bootstrap>", line 219, in _call_with_frames_removed
  File "/opt/airflow/dags/weather_pipeline_dag.py", line 6, in <module>
    from utils.transform import transform_weather
  File "/opt/airflow/dags/utils/transform.py", line 3, in <module>
    from logger import get_logger
ModuleNotFoundError: No module named 'logger'
[2026-02-12T21:45:40.848+0000] {processor.py:842} WARNING - No viable dags retrieved from /opt/airflow/dags/weather_pipeline_dag.py
[2026-02-12T21:45:41.166+0000] {processor.py:183} INFO - Processing /opt/airflow/dags/weather_pipeline_dag.py took 5.383 seconds
[2026-02-12T21:46:11.486+0000] {processor.py:161} INFO - Started process (PID=320) to work on /opt/airflow/dags/weather_pipeline_dag.py
[2026-02-12T21:46:11.489+0000] {processor.py:830} INFO - Processing file /opt/airflow/dags/weather_pipeline_dag.py for tasks to queue
[2026-02-12T21:46:11.493+0000] {logging_mixin.py:188} INFO - [2026-02-12T21:46:11.493+0000] {dagbag.py:538} INFO - Filling up the DagBag from /opt/airflow/dags/weather_pipeline_dag.py
[2026-02-12T21:46:12.604+0000] {logging_mixin.py:188} INFO - [2026-02-12T21:46:12.577+0000] {dagbag.py:348} ERROR - Failed to import: /opt/airflow/dags/weather_pipeline_dag.py
Traceback (most recent call last):
  File "/home/airflow/.local/lib/python3.8/site-packages/airflow/models/dagbag.py", line 344, in parse
    loader.exec_module(new_module)
  File "<frozen importlib._bootstrap_external>", line 843, in exec_module
  File "<frozen importlib._bootstrap>", line 219, in _call_with_frames_removed
  File "/opt/airflow/dags/weather_pipeline_dag.py", line 6, in <module>
    from utils.transform import transform_weather
  File "/opt/airflow/dags/utils/transform.py", line 3, in <module>
    from logger import get_logger
ModuleNotFoundError: No module named 'logger'
[2026-02-12T21:46:12.614+0000] {processor.py:842} WARNING - No viable dags retrieved from /opt/airflow/dags/weather_pipeline_dag.py
[2026-02-12T21:46:12.710+0000] {processor.py:183} INFO - Processing /opt/airflow/dags/weather_pipeline_dag.py took 1.237 seconds
[2026-02-12T21:46:43.004+0000] {processor.py:161} INFO - Started process (PID=326) to work on /opt/airflow/dags/weather_pipeline_dag.py
[2026-02-12T21:46:43.026+0000] {processor.py:830} INFO - Processing file /opt/airflow/dags/weather_pipeline_dag.py for tasks to queue
[2026-02-12T21:46:43.065+0000] {logging_mixin.py:188} INFO - [2026-02-12T21:46:43.028+0000] {dagbag.py:538} INFO - Filling up the DagBag from /opt/airflow/dags/weather_pipeline_dag.py
[2026-02-12T21:46:45.327+0000] {logging_mixin.py:188} INFO - [2026-02-12T21:46:45.281+0000] {dagbag.py:348} ERROR - Failed to import: /opt/airflow/dags/weather_pipeline_dag.py
Traceback (most recent call last):
  File "/home/airflow/.local/lib/python3.8/site-packages/airflow/models/dagbag.py", line 344, in parse
    loader.exec_module(new_module)
  File "<frozen importlib._bootstrap_external>", line 843, in exec_module
  File "<frozen importlib._bootstrap>", line 219, in _call_with_frames_removed
  File "/opt/airflow/dags/weather_pipeline_dag.py", line 6, in <module>
    from utils.transform import transform_weather
  File "/opt/airflow/dags/utils/transform.py", line 3, in <module>
    from logger import get_logger
ModuleNotFoundError: No module named 'logger'
[2026-02-12T21:46:45.342+0000] {processor.py:842} WARNING - No viable dags retrieved from /opt/airflow/dags/weather_pipeline_dag.py
[2026-02-12T21:46:45.793+0000] {processor.py:183} INFO - Processing /opt/airflow/dags/weather_pipeline_dag.py took 2.838 seconds
[2026-02-12T21:47:21.137+0000] {processor.py:161} INFO - Started process (PID=332) to work on /opt/airflow/dags/weather_pipeline_dag.py
[2026-02-12T21:47:21.160+0000] {processor.py:830} INFO - Processing file /opt/airflow/dags/weather_pipeline_dag.py for tasks to queue
[2026-02-12T21:47:21.176+0000] {logging_mixin.py:188} INFO - [2026-02-12T21:47:21.170+0000] {dagbag.py:538} INFO - Filling up the DagBag from /opt/airflow/dags/weather_pipeline_dag.py
[2026-02-12T21:47:26.401+0000] {logging_mixin.py:188} INFO - [2026-02-12T21:47:25.939+0000] {dagbag.py:348} ERROR - Failed to import: /opt/airflow/dags/weather_pipeline_dag.py
Traceback (most recent call last):
  File "/home/airflow/.local/lib/python3.8/site-packages/airflow/models/dagbag.py", line 344, in parse
    loader.exec_module(new_module)
  File "<frozen importlib._bootstrap_external>", line 843, in exec_module
  File "<frozen importlib._bootstrap>", line 219, in _call_with_frames_removed
  File "/opt/airflow/dags/weather_pipeline_dag.py", line 6, in <module>
    from utils.transform import transform_weather
  File "/opt/airflow/dags/utils/transform.py", line 3, in <module>
    from logger import get_logger
ModuleNotFoundError: No module named 'logger'
[2026-02-12T21:47:26.409+0000] {processor.py:842} WARNING - No viable dags retrieved from /opt/airflow/dags/weather_pipeline_dag.py
[2026-02-12T21:47:27.481+0000] {processor.py:183} INFO - Processing /opt/airflow/dags/weather_pipeline_dag.py took 6.367 seconds
[2026-02-12T21:47:57.919+0000] {processor.py:161} INFO - Started process (PID=338) to work on /opt/airflow/dags/weather_pipeline_dag.py
[2026-02-12T21:47:57.923+0000] {processor.py:830} INFO - Processing file /opt/airflow/dags/weather_pipeline_dag.py for tasks to queue
[2026-02-12T21:47:57.931+0000] {logging_mixin.py:188} INFO - [2026-02-12T21:47:57.926+0000] {dagbag.py:538} INFO - Filling up the DagBag from /opt/airflow/dags/weather_pipeline_dag.py
[2026-02-12T21:47:59.002+0000] {logging_mixin.py:188} INFO - [2026-02-12T21:47:58.976+0000] {dagbag.py:348} ERROR - Failed to import: /opt/airflow/dags/weather_pipeline_dag.py
Traceback (most recent call last):
  File "/home/airflow/.local/lib/python3.8/site-packages/airflow/models/dagbag.py", line 344, in parse
    loader.exec_module(new_module)
  File "<frozen importlib._bootstrap_external>", line 843, in exec_module
  File "<frozen importlib._bootstrap>", line 219, in _call_with_frames_removed
  File "/opt/airflow/dags/weather_pipeline_dag.py", line 6, in <module>
    from utils.transform import transform_weather
  File "/opt/airflow/dags/utils/transform.py", line 3, in <module>
    from logger import get_logger
ModuleNotFoundError: No module named 'logger'
[2026-02-12T21:47:59.010+0000] {processor.py:842} WARNING - No viable dags retrieved from /opt/airflow/dags/weather_pipeline_dag.py
[2026-02-12T21:47:59.075+0000] {processor.py:183} INFO - Processing /opt/airflow/dags/weather_pipeline_dag.py took 1.172 seconds
[2026-02-12T21:48:56.737+0000] {processor.py:186} INFO - Started process (PID=175) to work on /opt/airflow/dags/weather_pipeline_dag.py
[2026-02-12T21:48:56.743+0000] {processor.py:914} INFO - Processing file /opt/airflow/dags/weather_pipeline_dag.py for tasks to queue
[2026-02-12T21:48:56.750+0000] {logging_mixin.py:190} INFO - [2026-02-12T21:48:56.748+0000] {dagbag.py:588} INFO - Filling up the DagBag from /opt/airflow/dags/weather_pipeline_dag.py
[2026-02-12T21:49:00.582+0000] {logging_mixin.py:190} INFO - [2026-02-12T21:49:00.558+0000] {dagbag.py:387} ERROR - Failed to import: /opt/airflow/dags/weather_pipeline_dag.py
Traceback (most recent call last):
  File "/home/airflow/.local/lib/python3.10/site-packages/airflow/models/dagbag.py", line 383, in parse
    loader.exec_module(new_module)
  File "<frozen importlib._bootstrap_external>", line 883, in exec_module
  File "<frozen importlib._bootstrap>", line 241, in _call_with_frames_removed
  File "/opt/airflow/dags/weather_pipeline_dag.py", line 6, in <module>
    from utils.transform import transform_weather
  File "/opt/airflow/dags/utils/transform.py", line 3, in <module>
    from logger import get_logger
ModuleNotFoundError: No module named 'logger'
[2026-02-12T21:49:00.590+0000] {processor.py:927} WARNING - No viable dags retrieved from /opt/airflow/dags/weather_pipeline_dag.py
[2026-02-12T21:49:00.650+0000] {processor.py:208} INFO - Processing /opt/airflow/dags/weather_pipeline_dag.py took 3.932 seconds
[2026-02-12T21:49:31.378+0000] {processor.py:186} INFO - Started process (PID=181) to work on /opt/airflow/dags/weather_pipeline_dag.py
[2026-02-12T21:49:31.381+0000] {processor.py:914} INFO - Processing file /opt/airflow/dags/weather_pipeline_dag.py for tasks to queue
[2026-02-12T21:49:31.388+0000] {logging_mixin.py:190} INFO - [2026-02-12T21:49:31.387+0000] {dagbag.py:588} INFO - Filling up the DagBag from /opt/airflow/dags/weather_pipeline_dag.py
[2026-02-12T21:49:32.666+0000] {logging_mixin.py:190} INFO - [2026-02-12T21:49:32.645+0000] {dagbag.py:387} ERROR - Failed to import: /opt/airflow/dags/weather_pipeline_dag.py
Traceback (most recent call last):
  File "/home/airflow/.local/lib/python3.10/site-packages/airflow/models/dagbag.py", line 383, in parse
    loader.exec_module(new_module)
  File "<frozen importlib._bootstrap_external>", line 883, in exec_module
  File "<frozen importlib._bootstrap>", line 241, in _call_with_frames_removed
  File "/opt/airflow/dags/weather_pipeline_dag.py", line 6, in <module>
    from utils.transform import transform_weather
  File "/opt/airflow/dags/utils/transform.py", line 3, in <module>
    from logger import get_logger
ModuleNotFoundError: No module named 'logger'
[2026-02-12T21:49:32.674+0000] {processor.py:927} WARNING - No viable dags retrieved from /opt/airflow/dags/weather_pipeline_dag.py
[2026-02-12T21:49:32.733+0000] {processor.py:208} INFO - Processing /opt/airflow/dags/weather_pipeline_dag.py took 1.371 seconds
[2026-02-12T21:50:03.044+0000] {processor.py:186} INFO - Started process (PID=187) to work on /opt/airflow/dags/weather_pipeline_dag.py
[2026-02-12T21:50:03.048+0000] {processor.py:914} INFO - Processing file /opt/airflow/dags/weather_pipeline_dag.py for tasks to queue
[2026-02-12T21:50:03.056+0000] {logging_mixin.py:190} INFO - [2026-02-12T21:50:03.054+0000] {dagbag.py:588} INFO - Filling up the DagBag from /opt/airflow/dags/weather_pipeline_dag.py
[2026-02-12T21:50:04.397+0000] {logging_mixin.py:190} INFO - [2026-02-12T21:50:04.373+0000] {dagbag.py:387} ERROR - Failed to import: /opt/airflow/dags/weather_pipeline_dag.py
Traceback (most recent call last):
  File "/home/airflow/.local/lib/python3.10/site-packages/airflow/models/dagbag.py", line 383, in parse
    loader.exec_module(new_module)
  File "<frozen importlib._bootstrap_external>", line 883, in exec_module
  File "<frozen importlib._bootstrap>", line 241, in _call_with_frames_removed
  File "/opt/airflow/dags/weather_pipeline_dag.py", line 6, in <module>
    from utils.transform import transform_weather
  File "/opt/airflow/dags/utils/transform.py", line 3, in <module>
    from logger import get_logger
ModuleNotFoundError: No module named 'logger'
[2026-02-12T21:50:04.405+0000] {processor.py:927} WARNING - No viable dags retrieved from /opt/airflow/dags/weather_pipeline_dag.py
[2026-02-12T21:50:04.470+0000] {processor.py:208} INFO - Processing /opt/airflow/dags/weather_pipeline_dag.py took 1.453 seconds
[2026-02-12T21:50:35.390+0000] {processor.py:186} INFO - Started process (PID=193) to work on /opt/airflow/dags/weather_pipeline_dag.py
[2026-02-12T21:50:35.395+0000] {processor.py:914} INFO - Processing file /opt/airflow/dags/weather_pipeline_dag.py for tasks to queue
[2026-02-12T21:50:35.404+0000] {logging_mixin.py:190} INFO - [2026-02-12T21:50:35.403+0000] {dagbag.py:588} INFO - Filling up the DagBag from /opt/airflow/dags/weather_pipeline_dag.py
[2026-02-12T21:50:36.561+0000] {logging_mixin.py:190} INFO - [2026-02-12T21:50:36.544+0000] {dagbag.py:387} ERROR - Failed to import: /opt/airflow/dags/weather_pipeline_dag.py
Traceback (most recent call last):
  File "/home/airflow/.local/lib/python3.10/site-packages/airflow/models/dagbag.py", line 383, in parse
    loader.exec_module(new_module)
  File "<frozen importlib._bootstrap_external>", line 883, in exec_module
  File "<frozen importlib._bootstrap>", line 241, in _call_with_frames_removed
  File "/opt/airflow/dags/weather_pipeline_dag.py", line 6, in <module>
    from utils.transform import transform_weather
  File "/opt/airflow/dags/utils/transform.py", line 3, in <module>
    from logger import get_logger
ModuleNotFoundError: No module named 'logger'
[2026-02-12T21:50:36.567+0000] {processor.py:927} WARNING - No viable dags retrieved from /opt/airflow/dags/weather_pipeline_dag.py
[2026-02-12T21:50:36.620+0000] {processor.py:208} INFO - Processing /opt/airflow/dags/weather_pipeline_dag.py took 1.258 seconds
[2026-02-12T21:51:07.026+0000] {processor.py:186} INFO - Started process (PID=199) to work on /opt/airflow/dags/weather_pipeline_dag.py
[2026-02-12T21:51:07.030+0000] {processor.py:914} INFO - Processing file /opt/airflow/dags/weather_pipeline_dag.py for tasks to queue
[2026-02-12T21:51:07.037+0000] {logging_mixin.py:190} INFO - [2026-02-12T21:51:07.036+0000] {dagbag.py:588} INFO - Filling up the DagBag from /opt/airflow/dags/weather_pipeline_dag.py
[2026-02-12T21:51:08.444+0000] {logging_mixin.py:190} INFO - [2026-02-12T21:51:08.426+0000] {dagbag.py:387} ERROR - Failed to import: /opt/airflow/dags/weather_pipeline_dag.py
Traceback (most recent call last):
  File "/home/airflow/.local/lib/python3.10/site-packages/airflow/models/dagbag.py", line 383, in parse
    loader.exec_module(new_module)
  File "<frozen importlib._bootstrap_external>", line 883, in exec_module
  File "<frozen importlib._bootstrap>", line 241, in _call_with_frames_removed
  File "/opt/airflow/dags/weather_pipeline_dag.py", line 6, in <module>
    from utils.transform import transform_weather
  File "/opt/airflow/dags/utils/transform.py", line 3, in <module>
    from logger import get_logger
ModuleNotFoundError: No module named 'logger'
[2026-02-12T21:51:08.451+0000] {processor.py:927} WARNING - No viable dags retrieved from /opt/airflow/dags/weather_pipeline_dag.py
[2026-02-12T21:51:08.503+0000] {processor.py:208} INFO - Processing /opt/airflow/dags/weather_pipeline_dag.py took 1.500 seconds
[2026-02-12T21:51:38.716+0000] {processor.py:186} INFO - Started process (PID=205) to work on /opt/airflow/dags/weather_pipeline_dag.py
[2026-02-12T21:51:38.719+0000] {processor.py:914} INFO - Processing file /opt/airflow/dags/weather_pipeline_dag.py for tasks to queue
[2026-02-12T21:51:38.727+0000] {logging_mixin.py:190} INFO - [2026-02-12T21:51:38.726+0000] {dagbag.py:588} INFO - Filling up the DagBag from /opt/airflow/dags/weather_pipeline_dag.py
[2026-02-12T21:51:40.041+0000] {logging_mixin.py:190} INFO - [2026-02-12T21:51:40.011+0000] {dagbag.py:387} ERROR - Failed to import: /opt/airflow/dags/weather_pipeline_dag.py
Traceback (most recent call last):
  File "/home/airflow/.local/lib/python3.10/site-packages/airflow/models/dagbag.py", line 383, in parse
    loader.exec_module(new_module)
  File "<frozen importlib._bootstrap_external>", line 883, in exec_module
  File "<frozen importlib._bootstrap>", line 241, in _call_with_frames_removed
  File "/opt/airflow/dags/weather_pipeline_dag.py", line 6, in <module>
    from utils.transform import transform_weather
  File "/opt/airflow/dags/utils/transform.py", line 3, in <module>
    from logger import get_logger
ModuleNotFoundError: No module named 'logger'
[2026-02-12T21:51:40.053+0000] {processor.py:927} WARNING - No viable dags retrieved from /opt/airflow/dags/weather_pipeline_dag.py
[2026-02-12T21:51:40.130+0000] {processor.py:208} INFO - Processing /opt/airflow/dags/weather_pipeline_dag.py took 1.436 seconds
[2026-02-12T21:52:10.705+0000] {processor.py:186} INFO - Started process (PID=211) to work on /opt/airflow/dags/weather_pipeline_dag.py
[2026-02-12T21:52:10.708+0000] {processor.py:914} INFO - Processing file /opt/airflow/dags/weather_pipeline_dag.py for tasks to queue
[2026-02-12T21:52:10.716+0000] {logging_mixin.py:190} INFO - [2026-02-12T21:52:10.715+0000] {dagbag.py:588} INFO - Filling up the DagBag from /opt/airflow/dags/weather_pipeline_dag.py
[2026-02-12T21:52:12.213+0000] {logging_mixin.py:190} INFO - [2026-02-12T21:52:12.186+0000] {dagbag.py:387} ERROR - Failed to import: /opt/airflow/dags/weather_pipeline_dag.py
Traceback (most recent call last):
  File "/home/airflow/.local/lib/python3.10/site-packages/airflow/models/dagbag.py", line 383, in parse
    loader.exec_module(new_module)
  File "<frozen importlib._bootstrap_external>", line 883, in exec_module
  File "<frozen importlib._bootstrap>", line 241, in _call_with_frames_removed
  File "/opt/airflow/dags/weather_pipeline_dag.py", line 6, in <module>
    from utils.transform import transform_weather
  File "/opt/airflow/dags/utils/transform.py", line 3, in <module>
    from logger import get_logger
ModuleNotFoundError: No module named 'logger'
[2026-02-12T21:52:12.224+0000] {processor.py:927} WARNING - No viable dags retrieved from /opt/airflow/dags/weather_pipeline_dag.py
[2026-02-12T21:52:12.308+0000] {processor.py:208} INFO - Processing /opt/airflow/dags/weather_pipeline_dag.py took 1.553 seconds
[2026-02-12T21:52:43.067+0000] {processor.py:186} INFO - Started process (PID=217) to work on /opt/airflow/dags/weather_pipeline_dag.py
[2026-02-12T21:52:43.071+0000] {processor.py:914} INFO - Processing file /opt/airflow/dags/weather_pipeline_dag.py for tasks to queue
[2026-02-12T21:52:43.078+0000] {logging_mixin.py:190} INFO - [2026-02-12T21:52:43.077+0000] {dagbag.py:588} INFO - Filling up the DagBag from /opt/airflow/dags/weather_pipeline_dag.py
[2026-02-12T21:52:44.530+0000] {logging_mixin.py:190} INFO - [2026-02-12T21:52:44.506+0000] {dagbag.py:387} ERROR - Failed to import: /opt/airflow/dags/weather_pipeline_dag.py
Traceback (most recent call last):
  File "/home/airflow/.local/lib/python3.10/site-packages/airflow/models/dagbag.py", line 383, in parse
    loader.exec_module(new_module)
  File "<frozen importlib._bootstrap_external>", line 883, in exec_module
  File "<frozen importlib._bootstrap>", line 241, in _call_with_frames_removed
  File "/opt/airflow/dags/weather_pipeline_dag.py", line 6, in <module>
    from utils.transform import transform_weather
  File "/opt/airflow/dags/utils/transform.py", line 3, in <module>
    from logger import get_logger
ModuleNotFoundError: No module named 'logger'
[2026-02-12T21:52:44.538+0000] {processor.py:927} WARNING - No viable dags retrieved from /opt/airflow/dags/weather_pipeline_dag.py
[2026-02-12T21:52:44.593+0000] {processor.py:208} INFO - Processing /opt/airflow/dags/weather_pipeline_dag.py took 1.549 seconds
[2026-02-12T21:53:14.992+0000] {processor.py:186} INFO - Started process (PID=223) to work on /opt/airflow/dags/weather_pipeline_dag.py
[2026-02-12T21:53:14.995+0000] {processor.py:914} INFO - Processing file /opt/airflow/dags/weather_pipeline_dag.py for tasks to queue
[2026-02-12T21:53:15.002+0000] {logging_mixin.py:190} INFO - [2026-02-12T21:53:15.001+0000] {dagbag.py:588} INFO - Filling up the DagBag from /opt/airflow/dags/weather_pipeline_dag.py
[2026-02-12T21:53:16.438+0000] {logging_mixin.py:190} INFO - [2026-02-12T21:53:16.412+0000] {dagbag.py:387} ERROR - Failed to import: /opt/airflow/dags/weather_pipeline_dag.py
Traceback (most recent call last):
  File "/home/airflow/.local/lib/python3.10/site-packages/airflow/models/dagbag.py", line 383, in parse
    loader.exec_module(new_module)
  File "<frozen importlib._bootstrap_external>", line 883, in exec_module
  File "<frozen importlib._bootstrap>", line 241, in _call_with_frames_removed
  File "/opt/airflow/dags/weather_pipeline_dag.py", line 6, in <module>
    from utils.transform import transform_weather
  File "/opt/airflow/dags/utils/transform.py", line 3, in <module>
    from logger import get_logger
ModuleNotFoundError: No module named 'logger'
[2026-02-12T21:53:16.446+0000] {processor.py:927} WARNING - No viable dags retrieved from /opt/airflow/dags/weather_pipeline_dag.py
[2026-02-12T21:53:16.502+0000] {processor.py:208} INFO - Processing /opt/airflow/dags/weather_pipeline_dag.py took 1.530 seconds
[2026-02-12T21:53:46.950+0000] {processor.py:186} INFO - Started process (PID=229) to work on /opt/airflow/dags/weather_pipeline_dag.py
[2026-02-12T21:53:46.955+0000] {processor.py:914} INFO - Processing file /opt/airflow/dags/weather_pipeline_dag.py for tasks to queue
[2026-02-12T21:53:46.965+0000] {logging_mixin.py:190} INFO - [2026-02-12T21:53:46.964+0000] {dagbag.py:588} INFO - Filling up the DagBag from /opt/airflow/dags/weather_pipeline_dag.py
[2026-02-12T21:53:48.225+0000] {logging_mixin.py:190} INFO - [2026-02-12T21:53:48.205+0000] {dagbag.py:387} ERROR - Failed to import: /opt/airflow/dags/weather_pipeline_dag.py
Traceback (most recent call last):
  File "/home/airflow/.local/lib/python3.10/site-packages/airflow/models/dagbag.py", line 383, in parse
    loader.exec_module(new_module)
  File "<frozen importlib._bootstrap_external>", line 883, in exec_module
  File "<frozen importlib._bootstrap>", line 241, in _call_with_frames_removed
  File "/opt/airflow/dags/weather_pipeline_dag.py", line 6, in <module>
    from utils.transform import transform_weather
  File "/opt/airflow/dags/utils/transform.py", line 3, in <module>
    from logger import get_logger
ModuleNotFoundError: No module named 'logger'
[2026-02-12T21:53:48.232+0000] {processor.py:927} WARNING - No viable dags retrieved from /opt/airflow/dags/weather_pipeline_dag.py
[2026-02-12T21:53:48.285+0000] {processor.py:208} INFO - Processing /opt/airflow/dags/weather_pipeline_dag.py took 1.359 seconds
[2026-02-12T21:54:18.707+0000] {processor.py:186} INFO - Started process (PID=235) to work on /opt/airflow/dags/weather_pipeline_dag.py
[2026-02-12T21:54:18.712+0000] {processor.py:914} INFO - Processing file /opt/airflow/dags/weather_pipeline_dag.py for tasks to queue
[2026-02-12T21:54:18.721+0000] {logging_mixin.py:190} INFO - [2026-02-12T21:54:18.719+0000] {dagbag.py:588} INFO - Filling up the DagBag from /opt/airflow/dags/weather_pipeline_dag.py
[2026-02-12T21:54:20.200+0000] {logging_mixin.py:190} INFO - [2026-02-12T21:54:20.178+0000] {dagbag.py:387} ERROR - Failed to import: /opt/airflow/dags/weather_pipeline_dag.py
Traceback (most recent call last):
  File "/home/airflow/.local/lib/python3.10/site-packages/airflow/models/dagbag.py", line 383, in parse
    loader.exec_module(new_module)
  File "<frozen importlib._bootstrap_external>", line 883, in exec_module
  File "<frozen importlib._bootstrap>", line 241, in _call_with_frames_removed
  File "/opt/airflow/dags/weather_pipeline_dag.py", line 6, in <module>
    from utils.transform import transform_weather
  File "/opt/airflow/dags/utils/transform.py", line 3, in <module>
    from logger import get_logger
ModuleNotFoundError: No module named 'logger'
[2026-02-12T21:54:20.209+0000] {processor.py:927} WARNING - No viable dags retrieved from /opt/airflow/dags/weather_pipeline_dag.py
[2026-02-12T21:54:20.289+0000] {processor.py:208} INFO - Processing /opt/airflow/dags/weather_pipeline_dag.py took 1.643 seconds
[2026-02-12T21:54:50.606+0000] {processor.py:186} INFO - Started process (PID=241) to work on /opt/airflow/dags/weather_pipeline_dag.py
[2026-02-12T21:54:50.612+0000] {processor.py:914} INFO - Processing file /opt/airflow/dags/weather_pipeline_dag.py for tasks to queue
[2026-02-12T21:54:50.621+0000] {logging_mixin.py:190} INFO - [2026-02-12T21:54:50.619+0000] {dagbag.py:588} INFO - Filling up the DagBag from /opt/airflow/dags/weather_pipeline_dag.py
[2026-02-12T21:54:52.110+0000] {logging_mixin.py:190} INFO - [2026-02-12T21:54:52.075+0000] {dagbag.py:387} ERROR - Failed to import: /opt/airflow/dags/weather_pipeline_dag.py
Traceback (most recent call last):
  File "/home/airflow/.local/lib/python3.10/site-packages/airflow/models/dagbag.py", line 383, in parse
    loader.exec_module(new_module)
  File "<frozen importlib._bootstrap_external>", line 883, in exec_module
  File "<frozen importlib._bootstrap>", line 241, in _call_with_frames_removed
  File "/opt/airflow/dags/weather_pipeline_dag.py", line 6, in <module>
    from utils.transform import transform_weather
  File "/opt/airflow/dags/utils/transform.py", line 3, in <module>
    from logger import get_logger
ModuleNotFoundError: No module named 'logger'
[2026-02-12T21:54:52.121+0000] {processor.py:927} WARNING - No viable dags retrieved from /opt/airflow/dags/weather_pipeline_dag.py
[2026-02-12T21:54:52.190+0000] {processor.py:208} INFO - Processing /opt/airflow/dags/weather_pipeline_dag.py took 1.603 seconds
[2026-02-12T21:55:22.704+0000] {processor.py:186} INFO - Started process (PID=247) to work on /opt/airflow/dags/weather_pipeline_dag.py
[2026-02-12T21:55:22.707+0000] {processor.py:914} INFO - Processing file /opt/airflow/dags/weather_pipeline_dag.py for tasks to queue
[2026-02-12T21:55:22.713+0000] {logging_mixin.py:190} INFO - [2026-02-12T21:55:22.713+0000] {dagbag.py:588} INFO - Filling up the DagBag from /opt/airflow/dags/weather_pipeline_dag.py
[2026-02-12T21:55:24.157+0000] {logging_mixin.py:190} INFO - [2026-02-12T21:55:24.133+0000] {dagbag.py:387} ERROR - Failed to import: /opt/airflow/dags/weather_pipeline_dag.py
Traceback (most recent call last):
  File "/home/airflow/.local/lib/python3.10/site-packages/airflow/models/dagbag.py", line 383, in parse
    loader.exec_module(new_module)
  File "<frozen importlib._bootstrap_external>", line 883, in exec_module
  File "<frozen importlib._bootstrap>", line 241, in _call_with_frames_removed
  File "/opt/airflow/dags/weather_pipeline_dag.py", line 6, in <module>
    from utils.transform import transform_weather
  File "/opt/airflow/dags/utils/transform.py", line 3, in <module>
    from logger import get_logger
ModuleNotFoundError: No module named 'logger'
[2026-02-12T21:55:24.166+0000] {processor.py:927} WARNING - No viable dags retrieved from /opt/airflow/dags/weather_pipeline_dag.py
[2026-02-12T21:55:24.226+0000] {processor.py:208} INFO - Processing /opt/airflow/dags/weather_pipeline_dag.py took 1.540 seconds
[2026-02-12T21:55:54.510+0000] {processor.py:186} INFO - Started process (PID=253) to work on /opt/airflow/dags/weather_pipeline_dag.py
[2026-02-12T21:55:54.514+0000] {processor.py:914} INFO - Processing file /opt/airflow/dags/weather_pipeline_dag.py for tasks to queue
[2026-02-12T21:55:54.523+0000] {logging_mixin.py:190} INFO - [2026-02-12T21:55:54.521+0000] {dagbag.py:588} INFO - Filling up the DagBag from /opt/airflow/dags/weather_pipeline_dag.py
[2026-02-12T21:55:56.059+0000] {logging_mixin.py:190} INFO - [2026-02-12T21:55:56.032+0000] {dagbag.py:387} ERROR - Failed to import: /opt/airflow/dags/weather_pipeline_dag.py
Traceback (most recent call last):
  File "/home/airflow/.local/lib/python3.10/site-packages/airflow/models/dagbag.py", line 383, in parse
    loader.exec_module(new_module)
  File "<frozen importlib._bootstrap_external>", line 883, in exec_module
  File "<frozen importlib._bootstrap>", line 241, in _call_with_frames_removed
  File "/opt/airflow/dags/weather_pipeline_dag.py", line 6, in <module>
    from utils.transform import transform_weather
  File "/opt/airflow/dags/utils/transform.py", line 3, in <module>
    from logger import get_logger
ModuleNotFoundError: No module named 'logger'
[2026-02-12T21:55:56.069+0000] {processor.py:927} WARNING - No viable dags retrieved from /opt/airflow/dags/weather_pipeline_dag.py
[2026-02-12T21:55:56.136+0000] {processor.py:208} INFO - Processing /opt/airflow/dags/weather_pipeline_dag.py took 1.653 seconds
[2026-02-12T21:56:26.476+0000] {processor.py:186} INFO - Started process (PID=259) to work on /opt/airflow/dags/weather_pipeline_dag.py
[2026-02-12T21:56:26.480+0000] {processor.py:914} INFO - Processing file /opt/airflow/dags/weather_pipeline_dag.py for tasks to queue
[2026-02-12T21:56:26.488+0000] {logging_mixin.py:190} INFO - [2026-02-12T21:56:26.487+0000] {dagbag.py:588} INFO - Filling up the DagBag from /opt/airflow/dags/weather_pipeline_dag.py
[2026-02-12T21:56:28.012+0000] {logging_mixin.py:190} INFO - [2026-02-12T21:56:27.990+0000] {dagbag.py:387} ERROR - Failed to import: /opt/airflow/dags/weather_pipeline_dag.py
Traceback (most recent call last):
  File "/home/airflow/.local/lib/python3.10/site-packages/airflow/models/dagbag.py", line 383, in parse
    loader.exec_module(new_module)
  File "<frozen importlib._bootstrap_external>", line 883, in exec_module
  File "<frozen importlib._bootstrap>", line 241, in _call_with_frames_removed
  File "/opt/airflow/dags/weather_pipeline_dag.py", line 6, in <module>
    from utils.transform import transform_weather
  File "/opt/airflow/dags/utils/transform.py", line 3, in <module>
    from logger import get_logger
ModuleNotFoundError: No module named 'logger'
[2026-02-12T21:56:28.019+0000] {processor.py:927} WARNING - No viable dags retrieved from /opt/airflow/dags/weather_pipeline_dag.py
[2026-02-12T21:56:28.084+0000] {processor.py:208} INFO - Processing /opt/airflow/dags/weather_pipeline_dag.py took 1.635 seconds
[2026-02-12T21:56:58.499+0000] {processor.py:186} INFO - Started process (PID=265) to work on /opt/airflow/dags/weather_pipeline_dag.py
[2026-02-12T21:56:58.505+0000] {processor.py:914} INFO - Processing file /opt/airflow/dags/weather_pipeline_dag.py for tasks to queue
[2026-02-12T21:56:58.516+0000] {logging_mixin.py:190} INFO - [2026-02-12T21:56:58.515+0000] {dagbag.py:588} INFO - Filling up the DagBag from /opt/airflow/dags/weather_pipeline_dag.py
[2026-02-12T21:57:07.874+0000] {logging_mixin.py:190} INFO - [2026-02-12T21:57:07.840+0000] {dagbag.py:387} ERROR - Failed to import: /opt/airflow/dags/weather_pipeline_dag.py
Traceback (most recent call last):
  File "/home/airflow/.local/lib/python3.10/site-packages/airflow/models/dagbag.py", line 383, in parse
    loader.exec_module(new_module)
  File "<frozen importlib._bootstrap_external>", line 883, in exec_module
  File "<frozen importlib._bootstrap>", line 241, in _call_with_frames_removed
  File "/opt/airflow/dags/weather_pipeline_dag.py", line 6, in <module>
    from utils.transform import transform_weather
  File "/opt/airflow/dags/utils/transform.py", line 3, in <module>
    from logger import get_logger
ModuleNotFoundError: No module named 'logger'
[2026-02-12T21:57:07.883+0000] {processor.py:927} WARNING - No viable dags retrieved from /opt/airflow/dags/weather_pipeline_dag.py
[2026-02-12T21:57:08.175+0000] {processor.py:208} INFO - Processing /opt/airflow/dags/weather_pipeline_dag.py took 9.706 seconds
[2026-02-12T21:57:39.275+0000] {processor.py:186} INFO - Started process (PID=271) to work on /opt/airflow/dags/weather_pipeline_dag.py
[2026-02-12T21:57:39.278+0000] {processor.py:914} INFO - Processing file /opt/airflow/dags/weather_pipeline_dag.py for tasks to queue
[2026-02-12T21:57:39.285+0000] {logging_mixin.py:190} INFO - [2026-02-12T21:57:39.284+0000] {dagbag.py:588} INFO - Filling up the DagBag from /opt/airflow/dags/weather_pipeline_dag.py
[2026-02-12T21:57:49.106+0000] {logging_mixin.py:190} INFO - [2026-02-12T21:57:49.061+0000] {dagbag.py:387} ERROR - Failed to import: /opt/airflow/dags/weather_pipeline_dag.py
Traceback (most recent call last):
  File "/home/airflow/.local/lib/python3.10/site-packages/airflow/models/dagbag.py", line 383, in parse
    loader.exec_module(new_module)
  File "<frozen importlib._bootstrap_external>", line 883, in exec_module
  File "<frozen importlib._bootstrap>", line 241, in _call_with_frames_removed
  File "/opt/airflow/dags/weather_pipeline_dag.py", line 6, in <module>
    from utils.transform import transform_weather
  File "/opt/airflow/dags/utils/transform.py", line 3, in <module>
    from logger import get_logger
ModuleNotFoundError: No module named 'logger'
[2026-02-12T21:57:49.115+0000] {processor.py:927} WARNING - No viable dags retrieved from /opt/airflow/dags/weather_pipeline_dag.py
[2026-02-12T21:57:49.357+0000] {processor.py:208} INFO - Processing /opt/airflow/dags/weather_pipeline_dag.py took 10.155 seconds
[2026-02-12T21:58:19.806+0000] {processor.py:186} INFO - Started process (PID=277) to work on /opt/airflow/dags/weather_pipeline_dag.py
[2026-02-12T21:58:19.809+0000] {processor.py:914} INFO - Processing file /opt/airflow/dags/weather_pipeline_dag.py for tasks to queue
[2026-02-12T21:58:19.817+0000] {logging_mixin.py:190} INFO - [2026-02-12T21:58:19.816+0000] {dagbag.py:588} INFO - Filling up the DagBag from /opt/airflow/dags/weather_pipeline_dag.py
[2026-02-12T21:58:24.165+0000] {logging_mixin.py:190} INFO - [2026-02-12T21:58:24.138+0000] {dagbag.py:387} ERROR - Failed to import: /opt/airflow/dags/weather_pipeline_dag.py
Traceback (most recent call last):
  File "/home/airflow/.local/lib/python3.10/site-packages/airflow/models/dagbag.py", line 383, in parse
    loader.exec_module(new_module)
  File "<frozen importlib._bootstrap_external>", line 883, in exec_module
  File "<frozen importlib._bootstrap>", line 241, in _call_with_frames_removed
  File "/opt/airflow/dags/weather_pipeline_dag.py", line 6, in <module>
    from utils.transform import transform_weather
  File "/opt/airflow/dags/utils/transform.py", line 3, in <module>
    from logger import get_logger
ModuleNotFoundError: No module named 'logger'
[2026-02-12T21:58:24.172+0000] {processor.py:927} WARNING - No viable dags retrieved from /opt/airflow/dags/weather_pipeline_dag.py
[2026-02-12T21:58:24.337+0000] {processor.py:208} INFO - Processing /opt/airflow/dags/weather_pipeline_dag.py took 4.569 seconds
[2026-02-12T21:58:54.944+0000] {processor.py:186} INFO - Started process (PID=283) to work on /opt/airflow/dags/weather_pipeline_dag.py
[2026-02-12T21:58:54.985+0000] {processor.py:914} INFO - Processing file /opt/airflow/dags/weather_pipeline_dag.py for tasks to queue
[2026-02-12T21:58:55.039+0000] {logging_mixin.py:190} INFO - [2026-02-12T21:58:55.037+0000] {dagbag.py:588} INFO - Filling up the DagBag from /opt/airflow/dags/weather_pipeline_dag.py
[2026-02-12T21:59:01.819+0000] {logging_mixin.py:190} INFO - [2026-02-12T21:59:01.790+0000] {dagbag.py:387} ERROR - Failed to import: /opt/airflow/dags/weather_pipeline_dag.py
Traceback (most recent call last):
  File "/home/airflow/.local/lib/python3.10/site-packages/airflow/models/dagbag.py", line 383, in parse
    loader.exec_module(new_module)
  File "<frozen importlib._bootstrap_external>", line 883, in exec_module
  File "<frozen importlib._bootstrap>", line 241, in _call_with_frames_removed
  File "/opt/airflow/dags/weather_pipeline_dag.py", line 6, in <module>
    from utils.transform import transform_weather
  File "/opt/airflow/dags/utils/transform.py", line 3, in <module>
    from logger import get_logger
ModuleNotFoundError: No module named 'logger'
[2026-02-12T21:59:01.827+0000] {processor.py:927} WARNING - No viable dags retrieved from /opt/airflow/dags/weather_pipeline_dag.py
[2026-02-12T21:59:01.911+0000] {processor.py:208} INFO - Processing /opt/airflow/dags/weather_pipeline_dag.py took 7.206 seconds
[2026-02-12T21:59:32.177+0000] {processor.py:186} INFO - Started process (PID=289) to work on /opt/airflow/dags/weather_pipeline_dag.py
[2026-02-12T21:59:32.184+0000] {processor.py:914} INFO - Processing file /opt/airflow/dags/weather_pipeline_dag.py for tasks to queue
[2026-02-12T21:59:32.194+0000] {logging_mixin.py:190} INFO - [2026-02-12T21:59:32.192+0000] {dagbag.py:588} INFO - Filling up the DagBag from /opt/airflow/dags/weather_pipeline_dag.py
[2026-02-12T21:59:33.523+0000] {logging_mixin.py:190} INFO - [2026-02-12T21:59:33.504+0000] {dagbag.py:387} ERROR - Failed to import: /opt/airflow/dags/weather_pipeline_dag.py
Traceback (most recent call last):
  File "/home/airflow/.local/lib/python3.10/site-packages/airflow/models/dagbag.py", line 383, in parse
    loader.exec_module(new_module)
  File "<frozen importlib._bootstrap_external>", line 883, in exec_module
  File "<frozen importlib._bootstrap>", line 241, in _call_with_frames_removed
  File "/opt/airflow/dags/weather_pipeline_dag.py", line 6, in <module>
    from utils.transform import transform_weather
  File "/opt/airflow/dags/utils/transform.py", line 3, in <module>
    from logger import get_logger
ModuleNotFoundError: No module named 'logger'
[2026-02-12T21:59:33.530+0000] {processor.py:927} WARNING - No viable dags retrieved from /opt/airflow/dags/weather_pipeline_dag.py
[2026-02-12T21:59:33.590+0000] {processor.py:208} INFO - Processing /opt/airflow/dags/weather_pipeline_dag.py took 1.450 seconds
[2026-02-12T22:00:04.256+0000] {processor.py:186} INFO - Started process (PID=295) to work on /opt/airflow/dags/weather_pipeline_dag.py
[2026-02-12T22:00:04.259+0000] {processor.py:914} INFO - Processing file /opt/airflow/dags/weather_pipeline_dag.py for tasks to queue
[2026-02-12T22:00:04.265+0000] {logging_mixin.py:190} INFO - [2026-02-12T22:00:04.264+0000] {dagbag.py:588} INFO - Filling up the DagBag from /opt/airflow/dags/weather_pipeline_dag.py
[2026-02-12T22:00:05.522+0000] {logging_mixin.py:190} INFO - [2026-02-12T22:00:05.498+0000] {dagbag.py:387} ERROR - Failed to import: /opt/airflow/dags/weather_pipeline_dag.py
Traceback (most recent call last):
  File "/home/airflow/.local/lib/python3.10/site-packages/airflow/models/dagbag.py", line 383, in parse
    loader.exec_module(new_module)
  File "<frozen importlib._bootstrap_external>", line 883, in exec_module
  File "<frozen importlib._bootstrap>", line 241, in _call_with_frames_removed
  File "/opt/airflow/dags/weather_pipeline_dag.py", line 6, in <module>
    from utils.transform import transform_weather
  File "/opt/airflow/dags/utils/transform.py", line 3, in <module>
    from logger import get_logger
ModuleNotFoundError: No module named 'logger'
[2026-02-12T22:00:05.531+0000] {processor.py:927} WARNING - No viable dags retrieved from /opt/airflow/dags/weather_pipeline_dag.py
[2026-02-12T22:00:05.650+0000] {processor.py:208} INFO - Processing /opt/airflow/dags/weather_pipeline_dag.py took 1.410 seconds
[2026-02-12T22:00:36.115+0000] {processor.py:186} INFO - Started process (PID=301) to work on /opt/airflow/dags/weather_pipeline_dag.py
[2026-02-12T22:00:36.119+0000] {processor.py:914} INFO - Processing file /opt/airflow/dags/weather_pipeline_dag.py for tasks to queue
[2026-02-12T22:00:36.126+0000] {logging_mixin.py:190} INFO - [2026-02-12T22:00:36.126+0000] {dagbag.py:588} INFO - Filling up the DagBag from /opt/airflow/dags/weather_pipeline_dag.py
[2026-02-12T22:00:37.547+0000] {logging_mixin.py:190} INFO - [2026-02-12T22:00:37.525+0000] {dagbag.py:387} ERROR - Failed to import: /opt/airflow/dags/weather_pipeline_dag.py
Traceback (most recent call last):
  File "/home/airflow/.local/lib/python3.10/site-packages/airflow/models/dagbag.py", line 383, in parse
    loader.exec_module(new_module)
  File "<frozen importlib._bootstrap_external>", line 883, in exec_module
  File "<frozen importlib._bootstrap>", line 241, in _call_with_frames_removed
  File "/opt/airflow/dags/weather_pipeline_dag.py", line 6, in <module>
    from utils.transform import transform_weather
  File "/opt/airflow/dags/utils/transform.py", line 3, in <module>
    from logger import get_logger
ModuleNotFoundError: No module named 'logger'
[2026-02-12T22:00:37.555+0000] {processor.py:927} WARNING - No viable dags retrieved from /opt/airflow/dags/weather_pipeline_dag.py
[2026-02-12T22:00:37.606+0000] {processor.py:208} INFO - Processing /opt/airflow/dags/weather_pipeline_dag.py took 1.751 seconds
[2026-02-12T22:01:08.127+0000] {processor.py:186} INFO - Started process (PID=307) to work on /opt/airflow/dags/weather_pipeline_dag.py
[2026-02-12T22:01:08.131+0000] {processor.py:914} INFO - Processing file /opt/airflow/dags/weather_pipeline_dag.py for tasks to queue
[2026-02-12T22:01:08.139+0000] {logging_mixin.py:190} INFO - [2026-02-12T22:01:08.138+0000] {dagbag.py:588} INFO - Filling up the DagBag from /opt/airflow/dags/weather_pipeline_dag.py
[2026-02-12T22:01:09.760+0000] {logging_mixin.py:190} INFO - [2026-02-12T22:01:09.734+0000] {dagbag.py:387} ERROR - Failed to import: /opt/airflow/dags/weather_pipeline_dag.py
Traceback (most recent call last):
  File "/home/airflow/.local/lib/python3.10/site-packages/airflow/models/dagbag.py", line 383, in parse
    loader.exec_module(new_module)
  File "<frozen importlib._bootstrap_external>", line 883, in exec_module
  File "<frozen importlib._bootstrap>", line 241, in _call_with_frames_removed
  File "/opt/airflow/dags/weather_pipeline_dag.py", line 6, in <module>
    from utils.transform import transform_weather
  File "/opt/airflow/dags/utils/transform.py", line 3, in <module>
    from logger import get_logger
ModuleNotFoundError: No module named 'logger'
[2026-02-12T22:01:09.768+0000] {processor.py:927} WARNING - No viable dags retrieved from /opt/airflow/dags/weather_pipeline_dag.py
[2026-02-12T22:01:09.820+0000] {processor.py:208} INFO - Processing /opt/airflow/dags/weather_pipeline_dag.py took 1.712 seconds
[2026-02-12T22:01:40.590+0000] {processor.py:186} INFO - Started process (PID=313) to work on /opt/airflow/dags/weather_pipeline_dag.py
[2026-02-12T22:01:40.594+0000] {processor.py:914} INFO - Processing file /opt/airflow/dags/weather_pipeline_dag.py for tasks to queue
[2026-02-12T22:01:40.603+0000] {logging_mixin.py:190} INFO - [2026-02-12T22:01:40.602+0000] {dagbag.py:588} INFO - Filling up the DagBag from /opt/airflow/dags/weather_pipeline_dag.py
[2026-02-12T22:01:42.042+0000] {logging_mixin.py:190} INFO - [2026-02-12T22:01:42.019+0000] {dagbag.py:387} ERROR - Failed to import: /opt/airflow/dags/weather_pipeline_dag.py
Traceback (most recent call last):
  File "/home/airflow/.local/lib/python3.10/site-packages/airflow/models/dagbag.py", line 383, in parse
    loader.exec_module(new_module)
  File "<frozen importlib._bootstrap_external>", line 883, in exec_module
  File "<frozen importlib._bootstrap>", line 241, in _call_with_frames_removed
  File "/opt/airflow/dags/weather_pipeline_dag.py", line 6, in <module>
    from utils.transform import transform_weather
  File "/opt/airflow/dags/utils/transform.py", line 3, in <module>
    from logger import get_logger
ModuleNotFoundError: No module named 'logger'
[2026-02-12T22:01:42.050+0000] {processor.py:927} WARNING - No viable dags retrieved from /opt/airflow/dags/weather_pipeline_dag.py
[2026-02-12T22:01:42.110+0000] {processor.py:208} INFO - Processing /opt/airflow/dags/weather_pipeline_dag.py took 1.540 seconds
[2026-02-12T22:02:12.609+0000] {processor.py:186} INFO - Started process (PID=319) to work on /opt/airflow/dags/weather_pipeline_dag.py
[2026-02-12T22:02:12.613+0000] {processor.py:914} INFO - Processing file /opt/airflow/dags/weather_pipeline_dag.py for tasks to queue
[2026-02-12T22:02:12.621+0000] {logging_mixin.py:190} INFO - [2026-02-12T22:02:12.620+0000] {dagbag.py:588} INFO - Filling up the DagBag from /opt/airflow/dags/weather_pipeline_dag.py
[2026-02-12T22:02:14.168+0000] {logging_mixin.py:190} INFO - [2026-02-12T22:02:14.146+0000] {dagbag.py:387} ERROR - Failed to import: /opt/airflow/dags/weather_pipeline_dag.py
Traceback (most recent call last):
  File "/home/airflow/.local/lib/python3.10/site-packages/airflow/models/dagbag.py", line 383, in parse
    loader.exec_module(new_module)
  File "<frozen importlib._bootstrap_external>", line 883, in exec_module
  File "<frozen importlib._bootstrap>", line 241, in _call_with_frames_removed
  File "/opt/airflow/dags/weather_pipeline_dag.py", line 6, in <module>
    from utils.transform import transform_weather
  File "/opt/airflow/dags/utils/transform.py", line 3, in <module>
    from logger import get_logger
ModuleNotFoundError: No module named 'logger'
[2026-02-12T22:02:14.176+0000] {processor.py:927} WARNING - No viable dags retrieved from /opt/airflow/dags/weather_pipeline_dag.py
[2026-02-12T22:02:14.241+0000] {processor.py:208} INFO - Processing /opt/airflow/dags/weather_pipeline_dag.py took 1.574 seconds
[2026-02-12T22:02:44.637+0000] {processor.py:186} INFO - Started process (PID=325) to work on /opt/airflow/dags/weather_pipeline_dag.py
[2026-02-12T22:02:44.641+0000] {processor.py:914} INFO - Processing file /opt/airflow/dags/weather_pipeline_dag.py for tasks to queue
[2026-02-12T22:02:44.649+0000] {logging_mixin.py:190} INFO - [2026-02-12T22:02:44.649+0000] {dagbag.py:588} INFO - Filling up the DagBag from /opt/airflow/dags/weather_pipeline_dag.py
[2026-02-12T22:02:45.914+0000] {logging_mixin.py:190} INFO - [2026-02-12T22:02:45.889+0000] {dagbag.py:387} ERROR - Failed to import: /opt/airflow/dags/weather_pipeline_dag.py
Traceback (most recent call last):
  File "/home/airflow/.local/lib/python3.10/site-packages/airflow/models/dagbag.py", line 383, in parse
    loader.exec_module(new_module)
  File "<frozen importlib._bootstrap_external>", line 883, in exec_module
  File "<frozen importlib._bootstrap>", line 241, in _call_with_frames_removed
  File "/opt/airflow/dags/weather_pipeline_dag.py", line 6, in <module>
    from utils.transform import transform_weather
  File "/opt/airflow/dags/utils/transform.py", line 3, in <module>
    from logger import get_logger
ModuleNotFoundError: No module named 'logger'
[2026-02-12T22:02:45.922+0000] {processor.py:927} WARNING - No viable dags retrieved from /opt/airflow/dags/weather_pipeline_dag.py
[2026-02-12T22:02:45.978+0000] {processor.py:208} INFO - Processing /opt/airflow/dags/weather_pipeline_dag.py took 1.366 seconds
[2026-02-12T22:03:16.718+0000] {processor.py:186} INFO - Started process (PID=331) to work on /opt/airflow/dags/weather_pipeline_dag.py
[2026-02-12T22:03:16.722+0000] {processor.py:914} INFO - Processing file /opt/airflow/dags/weather_pipeline_dag.py for tasks to queue
[2026-02-12T22:03:16.730+0000] {logging_mixin.py:190} INFO - [2026-02-12T22:03:16.729+0000] {dagbag.py:588} INFO - Filling up the DagBag from /opt/airflow/dags/weather_pipeline_dag.py
[2026-02-12T22:03:18.341+0000] {logging_mixin.py:190} INFO - [2026-02-12T22:03:18.315+0000] {dagbag.py:387} ERROR - Failed to import: /opt/airflow/dags/weather_pipeline_dag.py
Traceback (most recent call last):
  File "/home/airflow/.local/lib/python3.10/site-packages/airflow/models/dagbag.py", line 383, in parse
    loader.exec_module(new_module)
  File "<frozen importlib._bootstrap_external>", line 883, in exec_module
  File "<frozen importlib._bootstrap>", line 241, in _call_with_frames_removed
  File "/opt/airflow/dags/weather_pipeline_dag.py", line 6, in <module>
    from utils.transform import transform_weather
  File "/opt/airflow/dags/utils/transform.py", line 3, in <module>
    from logger import get_logger
ModuleNotFoundError: No module named 'logger'
[2026-02-12T22:03:18.349+0000] {processor.py:927} WARNING - No viable dags retrieved from /opt/airflow/dags/weather_pipeline_dag.py
[2026-02-12T22:03:18.407+0000] {processor.py:208} INFO - Processing /opt/airflow/dags/weather_pipeline_dag.py took 1.711 seconds
[2026-02-12T22:03:51.570+0000] {processor.py:186} INFO - Started process (PID=337) to work on /opt/airflow/dags/weather_pipeline_dag.py
[2026-02-12T22:03:51.588+0000] {processor.py:914} INFO - Processing file /opt/airflow/dags/weather_pipeline_dag.py for tasks to queue
[2026-02-12T22:03:51.614+0000] {logging_mixin.py:190} INFO - [2026-02-12T22:03:51.613+0000] {dagbag.py:588} INFO - Filling up the DagBag from /opt/airflow/dags/weather_pipeline_dag.py
[2026-02-12T22:03:53.296+0000] {logging_mixin.py:190} INFO - [2026-02-12T22:03:53.276+0000] {dagbag.py:387} ERROR - Failed to import: /opt/airflow/dags/weather_pipeline_dag.py
Traceback (most recent call last):
  File "/home/airflow/.local/lib/python3.10/site-packages/airflow/models/dagbag.py", line 383, in parse
    loader.exec_module(new_module)
  File "<frozen importlib._bootstrap_external>", line 883, in exec_module
  File "<frozen importlib._bootstrap>", line 241, in _call_with_frames_removed
  File "/opt/airflow/dags/weather_pipeline_dag.py", line 6, in <module>
    from utils.transform import transform_weather
  File "/opt/airflow/dags/utils/transform.py", line 3, in <module>
    from logger import get_logger
ModuleNotFoundError: No module named 'logger'
[2026-02-12T22:03:53.304+0000] {processor.py:927} WARNING - No viable dags retrieved from /opt/airflow/dags/weather_pipeline_dag.py
[2026-02-12T22:03:53.363+0000] {processor.py:208} INFO - Processing /opt/airflow/dags/weather_pipeline_dag.py took 1.818 seconds
[2026-02-12T22:04:24.111+0000] {processor.py:186} INFO - Started process (PID=343) to work on /opt/airflow/dags/weather_pipeline_dag.py
[2026-02-12T22:04:24.114+0000] {processor.py:914} INFO - Processing file /opt/airflow/dags/weather_pipeline_dag.py for tasks to queue
[2026-02-12T22:04:24.120+0000] {logging_mixin.py:190} INFO - [2026-02-12T22:04:24.119+0000] {dagbag.py:588} INFO - Filling up the DagBag from /opt/airflow/dags/weather_pipeline_dag.py
[2026-02-12T22:04:25.552+0000] {logging_mixin.py:190} INFO - [2026-02-12T22:04:25.529+0000] {dagbag.py:387} ERROR - Failed to import: /opt/airflow/dags/weather_pipeline_dag.py
Traceback (most recent call last):
  File "/home/airflow/.local/lib/python3.10/site-packages/airflow/models/dagbag.py", line 383, in parse
    loader.exec_module(new_module)
  File "<frozen importlib._bootstrap_external>", line 883, in exec_module
  File "<frozen importlib._bootstrap>", line 241, in _call_with_frames_removed
  File "/opt/airflow/dags/weather_pipeline_dag.py", line 6, in <module>
    from utils.transform import transform_weather
  File "/opt/airflow/dags/utils/transform.py", line 3, in <module>
    from logger import get_logger
ModuleNotFoundError: No module named 'logger'
[2026-02-12T22:04:25.561+0000] {processor.py:927} WARNING - No viable dags retrieved from /opt/airflow/dags/weather_pipeline_dag.py
[2026-02-12T22:04:25.612+0000] {processor.py:208} INFO - Processing /opt/airflow/dags/weather_pipeline_dag.py took 1.515 seconds
[2026-02-12T22:04:56.249+0000] {processor.py:186} INFO - Started process (PID=349) to work on /opt/airflow/dags/weather_pipeline_dag.py
[2026-02-12T22:04:56.292+0000] {processor.py:914} INFO - Processing file /opt/airflow/dags/weather_pipeline_dag.py for tasks to queue
[2026-02-12T22:04:56.347+0000] {logging_mixin.py:190} INFO - [2026-02-12T22:04:56.338+0000] {dagbag.py:588} INFO - Filling up the DagBag from /opt/airflow/dags/weather_pipeline_dag.py
[2026-02-12T22:05:01.442+0000] {logging_mixin.py:190} INFO - [2026-02-12T22:05:01.420+0000] {dagbag.py:387} ERROR - Failed to import: /opt/airflow/dags/weather_pipeline_dag.py
Traceback (most recent call last):
  File "/home/airflow/.local/lib/python3.10/site-packages/airflow/models/dagbag.py", line 383, in parse
    loader.exec_module(new_module)
  File "<frozen importlib._bootstrap_external>", line 883, in exec_module
  File "<frozen importlib._bootstrap>", line 241, in _call_with_frames_removed
  File "/opt/airflow/dags/weather_pipeline_dag.py", line 6, in <module>
    from utils.transform import transform_weather
  File "/opt/airflow/dags/utils/transform.py", line 3, in <module>
    from logger import get_logger
ModuleNotFoundError: No module named 'logger'
[2026-02-12T22:05:01.451+0000] {processor.py:927} WARNING - No viable dags retrieved from /opt/airflow/dags/weather_pipeline_dag.py
[2026-02-12T22:05:01.499+0000] {processor.py:208} INFO - Processing /opt/airflow/dags/weather_pipeline_dag.py took 5.399 seconds
[2026-02-12T22:05:31.810+0000] {processor.py:186} INFO - Started process (PID=355) to work on /opt/airflow/dags/weather_pipeline_dag.py
[2026-02-12T22:05:31.819+0000] {processor.py:914} INFO - Processing file /opt/airflow/dags/weather_pipeline_dag.py for tasks to queue
[2026-02-12T22:05:31.827+0000] {logging_mixin.py:190} INFO - [2026-02-12T22:05:31.826+0000] {dagbag.py:588} INFO - Filling up the DagBag from /opt/airflow/dags/weather_pipeline_dag.py
[2026-02-12T22:05:33.214+0000] {logging_mixin.py:190} INFO - [2026-02-12T22:05:33.176+0000] {dagbag.py:387} ERROR - Failed to import: /opt/airflow/dags/weather_pipeline_dag.py
Traceback (most recent call last):
  File "/home/airflow/.local/lib/python3.10/site-packages/airflow/models/dagbag.py", line 383, in parse
    loader.exec_module(new_module)
  File "<frozen importlib._bootstrap_external>", line 883, in exec_module
  File "<frozen importlib._bootstrap>", line 241, in _call_with_frames_removed
  File "/opt/airflow/dags/weather_pipeline_dag.py", line 6, in <module>
    from utils.transform import transform_weather
  File "/opt/airflow/dags/utils/transform.py", line 3, in <module>
    from logger import get_logger
ModuleNotFoundError: No module named 'logger'
[2026-02-12T22:05:33.226+0000] {processor.py:927} WARNING - No viable dags retrieved from /opt/airflow/dags/weather_pipeline_dag.py
[2026-02-12T22:05:33.318+0000] {processor.py:208} INFO - Processing /opt/airflow/dags/weather_pipeline_dag.py took 1.552 seconds
[2026-02-12T22:46:31.917+0000] {processor.py:186} INFO - Started process (PID=361) to work on /opt/airflow/dags/weather_pipeline_dag.py
[2026-02-12T22:46:31.925+0000] {processor.py:914} INFO - Processing file /opt/airflow/dags/weather_pipeline_dag.py for tasks to queue
[2026-02-12T22:46:31.946+0000] {logging_mixin.py:190} INFO - [2026-02-12T22:46:31.944+0000] {dagbag.py:588} INFO - Filling up the DagBag from /opt/airflow/dags/weather_pipeline_dag.py
[2026-02-12T22:46:34.001+0000] {logging_mixin.py:190} INFO - [2026-02-12T22:46:33.972+0000] {dagbag.py:387} ERROR - Failed to import: /opt/airflow/dags/weather_pipeline_dag.py
Traceback (most recent call last):
  File "/home/airflow/.local/lib/python3.10/site-packages/airflow/models/dagbag.py", line 383, in parse
    loader.exec_module(new_module)
  File "<frozen importlib._bootstrap_external>", line 883, in exec_module
  File "<frozen importlib._bootstrap>", line 241, in _call_with_frames_removed
  File "/opt/airflow/dags/weather_pipeline_dag.py", line 6, in <module>
    from utils.transform import transform_weather
  File "/opt/airflow/dags/utils/transform.py", line 3, in <module>
    from logger import get_logger
ModuleNotFoundError: No module named 'logger'
[2026-02-12T22:46:34.012+0000] {processor.py:927} WARNING - No viable dags retrieved from /opt/airflow/dags/weather_pipeline_dag.py
[2026-02-12T22:46:34.084+0000] {processor.py:208} INFO - Processing /opt/airflow/dags/weather_pipeline_dag.py took 2.215 seconds
