[2026-02-26T00:00:32.304+0000] {processor.py:186} INFO - Started process (PID=7040) to work on /opt/airflow/dags/weather_pipeline_dag.py
[2026-02-26T00:00:32.308+0000] {processor.py:914} INFO - Processing file /opt/airflow/dags/weather_pipeline_dag.py for tasks to queue
[2026-02-26T00:00:32.312+0000] {logging_mixin.py:190} INFO - [2026-02-26T00:00:32.311+0000] {dagbag.py:588} INFO - Filling up the DagBag from /opt/airflow/dags/weather_pipeline_dag.py
[2026-02-26T00:00:37.940+0000] {logging_mixin.py:190} INFO - [2026-02-26T00:00:37.939+0000] {warnings.py:109} WARNING - /home/airflow/.local/lib/python3.10/site-packages/snowflake/sqlalchemy/base.py:1068: SAWarning: The GenericFunction 'flatten' is already registered and is going to be overridden.
  functions.register_function("flatten", flatten)
[2026-02-26T00:00:38.825+0000] {logging_mixin.py:190} INFO - [2026-02-26T00:00:38.825+0000] {warnings.py:109} WARNING - /opt/airflow/dags/weather_pipeline_dag.py:39: RemovedInAirflow3Warning: Param `schedule_interval` is deprecated and will be removed in a future release. Please use `schedule` instead. 
  with DAG(
[2026-02-26T00:00:38.829+0000] {logging_mixin.py:190} INFO - [2026-02-26T00:00:38.829+0000] {warnings.py:109} WARNING - /opt/airflow/dags/weather_pipeline_dag.py:48: RemovedInAirflow3Warning: provide_context is deprecated as of 2.0 and is no longer required
  extract = PythonOperator(
[2026-02-26T00:00:38.832+0000] {logging_mixin.py:190} INFO - [2026-02-26T00:00:38.831+0000] {warnings.py:109} WARNING - /opt/airflow/dags/weather_pipeline_dag.py:54: RemovedInAirflow3Warning: provide_context is deprecated as of 2.0 and is no longer required
  transform = PythonOperator(
[2026-02-26T00:00:38.833+0000] {logging_mixin.py:190} INFO - [2026-02-26T00:00:38.833+0000] {warnings.py:109} WARNING - /opt/airflow/dags/weather_pipeline_dag.py:60: RemovedInAirflow3Warning: provide_context is deprecated as of 2.0 and is no longer required
  validate = PythonOperator(
[2026-02-26T00:00:38.835+0000] {logging_mixin.py:190} INFO - [2026-02-26T00:00:38.835+0000] {warnings.py:109} WARNING - /opt/airflow/dags/weather_pipeline_dag.py:66: RemovedInAirflow3Warning: provide_context is deprecated as of 2.0 and is no longer required
  load = PythonOperator(
[2026-02-26T00:00:38.843+0000] {processor.py:925} INFO - DAG(s) 'weather_etl_pipeline' retrieved from /opt/airflow/dags/weather_pipeline_dag.py
[2026-02-26T00:00:38.891+0000] {logging_mixin.py:190} INFO - 2026-02-26 00:00:38,891 | INFO | airflow.models.dag | Sync 1 DAGs
[2026-02-26T00:00:38.892+0000] {logging_mixin.py:190} INFO - [2026-02-26T00:00:38.891+0000] {dag.py:3239} INFO - Sync 1 DAGs
[2026-02-26T00:00:38.932+0000] {logging_mixin.py:190} INFO - 2026-02-26 00:00:38,932 | INFO | airflow.models.dag | Setting next_dagrun for weather_etl_pipeline to 2026-02-25 23:00:00+00:00, run_after=2026-02-26 00:00:00+00:00
[2026-02-26T00:00:38.934+0000] {logging_mixin.py:190} INFO - [2026-02-26T00:00:38.932+0000] {dag.py:4180} INFO - Setting next_dagrun for weather_etl_pipeline to 2026-02-25 23:00:00+00:00, run_after=2026-02-26 00:00:00+00:00
[2026-02-26T00:00:38.970+0000] {processor.py:208} INFO - Processing /opt/airflow/dags/weather_pipeline_dag.py took 6.691 seconds
[2026-02-26T00:01:09.440+0000] {processor.py:186} INFO - Started process (PID=7062) to work on /opt/airflow/dags/weather_pipeline_dag.py
[2026-02-26T00:01:09.443+0000] {processor.py:914} INFO - Processing file /opt/airflow/dags/weather_pipeline_dag.py for tasks to queue
[2026-02-26T00:01:09.446+0000] {logging_mixin.py:190} INFO - [2026-02-26T00:01:09.446+0000] {dagbag.py:588} INFO - Filling up the DagBag from /opt/airflow/dags/weather_pipeline_dag.py
[2026-02-26T00:01:14.341+0000] {logging_mixin.py:190} INFO - [2026-02-26T00:01:14.341+0000] {warnings.py:109} WARNING - /home/airflow/.local/lib/python3.10/site-packages/snowflake/sqlalchemy/base.py:1068: SAWarning: The GenericFunction 'flatten' is already registered and is going to be overridden.
  functions.register_function("flatten", flatten)
[2026-02-26T00:01:15.210+0000] {logging_mixin.py:190} INFO - [2026-02-26T00:01:15.209+0000] {warnings.py:109} WARNING - /opt/airflow/dags/weather_pipeline_dag.py:39: RemovedInAirflow3Warning: Param `schedule_interval` is deprecated and will be removed in a future release. Please use `schedule` instead. 
  with DAG(
[2026-02-26T00:01:15.213+0000] {logging_mixin.py:190} INFO - [2026-02-26T00:01:15.213+0000] {warnings.py:109} WARNING - /opt/airflow/dags/weather_pipeline_dag.py:48: RemovedInAirflow3Warning: provide_context is deprecated as of 2.0 and is no longer required
  extract = PythonOperator(
[2026-02-26T00:01:15.216+0000] {logging_mixin.py:190} INFO - [2026-02-26T00:01:15.215+0000] {warnings.py:109} WARNING - /opt/airflow/dags/weather_pipeline_dag.py:54: RemovedInAirflow3Warning: provide_context is deprecated as of 2.0 and is no longer required
  transform = PythonOperator(
[2026-02-26T00:01:15.217+0000] {logging_mixin.py:190} INFO - [2026-02-26T00:01:15.217+0000] {warnings.py:109} WARNING - /opt/airflow/dags/weather_pipeline_dag.py:60: RemovedInAirflow3Warning: provide_context is deprecated as of 2.0 and is no longer required
  validate = PythonOperator(
[2026-02-26T00:01:15.219+0000] {logging_mixin.py:190} INFO - [2026-02-26T00:01:15.219+0000] {warnings.py:109} WARNING - /opt/airflow/dags/weather_pipeline_dag.py:66: RemovedInAirflow3Warning: provide_context is deprecated as of 2.0 and is no longer required
  load = PythonOperator(
[2026-02-26T00:01:15.227+0000] {processor.py:925} INFO - DAG(s) 'weather_etl_pipeline' retrieved from /opt/airflow/dags/weather_pipeline_dag.py
[2026-02-26T00:01:15.273+0000] {logging_mixin.py:190} INFO - 2026-02-26 00:01:15,273 | INFO | airflow.models.dag | Sync 1 DAGs
[2026-02-26T00:01:15.275+0000] {logging_mixin.py:190} INFO - [2026-02-26T00:01:15.273+0000] {dag.py:3239} INFO - Sync 1 DAGs
[2026-02-26T00:01:15.309+0000] {logging_mixin.py:190} INFO - 2026-02-26 00:01:15,309 | INFO | airflow.models.dag | Setting next_dagrun for weather_etl_pipeline to 2026-02-25 23:00:00+00:00, run_after=2026-02-26 00:00:00+00:00
[2026-02-26T00:01:15.310+0000] {logging_mixin.py:190} INFO - [2026-02-26T00:01:15.309+0000] {dag.py:4180} INFO - Setting next_dagrun for weather_etl_pipeline to 2026-02-25 23:00:00+00:00, run_after=2026-02-26 00:00:00+00:00
[2026-02-26T00:01:15.343+0000] {processor.py:208} INFO - Processing /opt/airflow/dags/weather_pipeline_dag.py took 5.920 seconds
[2026-02-26T00:01:46.124+0000] {processor.py:186} INFO - Started process (PID=7084) to work on /opt/airflow/dags/weather_pipeline_dag.py
[2026-02-26T00:01:46.128+0000] {processor.py:914} INFO - Processing file /opt/airflow/dags/weather_pipeline_dag.py for tasks to queue
[2026-02-26T00:01:46.133+0000] {logging_mixin.py:190} INFO - [2026-02-26T00:01:46.132+0000] {dagbag.py:588} INFO - Filling up the DagBag from /opt/airflow/dags/weather_pipeline_dag.py
[2026-02-26T00:01:51.116+0000] {logging_mixin.py:190} INFO - [2026-02-26T00:01:51.115+0000] {warnings.py:109} WARNING - /home/airflow/.local/lib/python3.10/site-packages/snowflake/sqlalchemy/base.py:1068: SAWarning: The GenericFunction 'flatten' is already registered and is going to be overridden.
  functions.register_function("flatten", flatten)
[2026-02-26T00:01:52.165+0000] {logging_mixin.py:190} INFO - [2026-02-26T00:01:52.164+0000] {warnings.py:109} WARNING - /opt/airflow/dags/weather_pipeline_dag.py:39: RemovedInAirflow3Warning: Param `schedule_interval` is deprecated and will be removed in a future release. Please use `schedule` instead. 
  with DAG(
[2026-02-26T00:01:52.171+0000] {logging_mixin.py:190} INFO - [2026-02-26T00:01:52.171+0000] {warnings.py:109} WARNING - /opt/airflow/dags/weather_pipeline_dag.py:48: RemovedInAirflow3Warning: provide_context is deprecated as of 2.0 and is no longer required
  extract = PythonOperator(
[2026-02-26T00:01:52.174+0000] {logging_mixin.py:190} INFO - [2026-02-26T00:01:52.174+0000] {warnings.py:109} WARNING - /opt/airflow/dags/weather_pipeline_dag.py:54: RemovedInAirflow3Warning: provide_context is deprecated as of 2.0 and is no longer required
  transform = PythonOperator(
[2026-02-26T00:01:52.177+0000] {logging_mixin.py:190} INFO - [2026-02-26T00:01:52.176+0000] {warnings.py:109} WARNING - /opt/airflow/dags/weather_pipeline_dag.py:60: RemovedInAirflow3Warning: provide_context is deprecated as of 2.0 and is no longer required
  validate = PythonOperator(
[2026-02-26T00:01:52.179+0000] {logging_mixin.py:190} INFO - [2026-02-26T00:01:52.179+0000] {warnings.py:109} WARNING - /opt/airflow/dags/weather_pipeline_dag.py:66: RemovedInAirflow3Warning: provide_context is deprecated as of 2.0 and is no longer required
  load = PythonOperator(
[2026-02-26T00:01:52.194+0000] {processor.py:925} INFO - DAG(s) 'weather_etl_pipeline' retrieved from /opt/airflow/dags/weather_pipeline_dag.py
[2026-02-26T00:01:52.258+0000] {logging_mixin.py:190} INFO - 2026-02-26 00:01:52,257 | INFO | airflow.models.dag | Sync 1 DAGs
[2026-02-26T00:01:52.259+0000] {logging_mixin.py:190} INFO - [2026-02-26T00:01:52.257+0000] {dag.py:3239} INFO - Sync 1 DAGs
[2026-02-26T00:01:52.300+0000] {logging_mixin.py:190} INFO - 2026-02-26 00:01:52,300 | INFO | airflow.models.dag | Setting next_dagrun for weather_etl_pipeline to 2026-02-25 23:00:00+00:00, run_after=2026-02-26 00:00:00+00:00
[2026-02-26T00:01:52.302+0000] {logging_mixin.py:190} INFO - [2026-02-26T00:01:52.300+0000] {dag.py:4180} INFO - Setting next_dagrun for weather_etl_pipeline to 2026-02-25 23:00:00+00:00, run_after=2026-02-26 00:00:00+00:00
[2026-02-26T00:01:52.350+0000] {processor.py:208} INFO - Processing /opt/airflow/dags/weather_pipeline_dag.py took 6.249 seconds
[2026-02-26T00:02:22.814+0000] {processor.py:186} INFO - Started process (PID=7106) to work on /opt/airflow/dags/weather_pipeline_dag.py
[2026-02-26T00:02:22.819+0000] {processor.py:914} INFO - Processing file /opt/airflow/dags/weather_pipeline_dag.py for tasks to queue
[2026-02-26T00:02:22.828+0000] {logging_mixin.py:190} INFO - [2026-02-26T00:02:22.825+0000] {dagbag.py:588} INFO - Filling up the DagBag from /opt/airflow/dags/weather_pipeline_dag.py
[2026-02-26T00:02:27.824+0000] {logging_mixin.py:190} INFO - [2026-02-26T00:02:27.824+0000] {warnings.py:109} WARNING - /home/airflow/.local/lib/python3.10/site-packages/snowflake/sqlalchemy/base.py:1068: SAWarning: The GenericFunction 'flatten' is already registered and is going to be overridden.
  functions.register_function("flatten", flatten)
[2026-02-26T00:02:28.545+0000] {logging_mixin.py:190} INFO - [2026-02-26T00:02:28.545+0000] {warnings.py:109} WARNING - /opt/airflow/dags/weather_pipeline_dag.py:39: RemovedInAirflow3Warning: Param `schedule_interval` is deprecated and will be removed in a future release. Please use `schedule` instead. 
  with DAG(
[2026-02-26T00:02:28.549+0000] {logging_mixin.py:190} INFO - [2026-02-26T00:02:28.548+0000] {warnings.py:109} WARNING - /opt/airflow/dags/weather_pipeline_dag.py:48: RemovedInAirflow3Warning: provide_context is deprecated as of 2.0 and is no longer required
  extract = PythonOperator(
[2026-02-26T00:02:28.550+0000] {logging_mixin.py:190} INFO - [2026-02-26T00:02:28.550+0000] {warnings.py:109} WARNING - /opt/airflow/dags/weather_pipeline_dag.py:54: RemovedInAirflow3Warning: provide_context is deprecated as of 2.0 and is no longer required
  transform = PythonOperator(
[2026-02-26T00:02:28.552+0000] {logging_mixin.py:190} INFO - [2026-02-26T00:02:28.552+0000] {warnings.py:109} WARNING - /opt/airflow/dags/weather_pipeline_dag.py:60: RemovedInAirflow3Warning: provide_context is deprecated as of 2.0 and is no longer required
  validate = PythonOperator(
[2026-02-26T00:02:28.554+0000] {logging_mixin.py:190} INFO - [2026-02-26T00:02:28.553+0000] {warnings.py:109} WARNING - /opt/airflow/dags/weather_pipeline_dag.py:66: RemovedInAirflow3Warning: provide_context is deprecated as of 2.0 and is no longer required
  load = PythonOperator(
[2026-02-26T00:02:28.561+0000] {processor.py:925} INFO - DAG(s) 'weather_etl_pipeline' retrieved from /opt/airflow/dags/weather_pipeline_dag.py
[2026-02-26T00:02:28.601+0000] {logging_mixin.py:190} INFO - 2026-02-26 00:02:28,601 | INFO | airflow.models.dag | Sync 1 DAGs
[2026-02-26T00:02:28.602+0000] {logging_mixin.py:190} INFO - [2026-02-26T00:02:28.601+0000] {dag.py:3239} INFO - Sync 1 DAGs
[2026-02-26T00:02:28.632+0000] {logging_mixin.py:190} INFO - 2026-02-26 00:02:28,632 | INFO | airflow.models.dag | Setting next_dagrun for weather_etl_pipeline to 2026-02-25 23:00:00+00:00, run_after=2026-02-26 00:00:00+00:00
[2026-02-26T00:02:28.634+0000] {logging_mixin.py:190} INFO - [2026-02-26T00:02:28.632+0000] {dag.py:4180} INFO - Setting next_dagrun for weather_etl_pipeline to 2026-02-25 23:00:00+00:00, run_after=2026-02-26 00:00:00+00:00
[2026-02-26T00:02:28.671+0000] {processor.py:208} INFO - Processing /opt/airflow/dags/weather_pipeline_dag.py took 5.901 seconds
[2026-02-26T00:02:59.533+0000] {processor.py:186} INFO - Started process (PID=7128) to work on /opt/airflow/dags/weather_pipeline_dag.py
[2026-02-26T00:02:59.537+0000] {processor.py:914} INFO - Processing file /opt/airflow/dags/weather_pipeline_dag.py for tasks to queue
[2026-02-26T00:02:59.542+0000] {logging_mixin.py:190} INFO - [2026-02-26T00:02:59.540+0000] {dagbag.py:588} INFO - Filling up the DagBag from /opt/airflow/dags/weather_pipeline_dag.py
[2026-02-26T00:03:04.691+0000] {logging_mixin.py:190} INFO - [2026-02-26T00:03:04.690+0000] {warnings.py:109} WARNING - /home/airflow/.local/lib/python3.10/site-packages/snowflake/sqlalchemy/base.py:1068: SAWarning: The GenericFunction 'flatten' is already registered and is going to be overridden.
  functions.register_function("flatten", flatten)
[2026-02-26T00:03:05.626+0000] {logging_mixin.py:190} INFO - [2026-02-26T00:03:05.625+0000] {warnings.py:109} WARNING - /opt/airflow/dags/weather_pipeline_dag.py:39: RemovedInAirflow3Warning: Param `schedule_interval` is deprecated and will be removed in a future release. Please use `schedule` instead. 
  with DAG(
[2026-02-26T00:03:05.631+0000] {logging_mixin.py:190} INFO - [2026-02-26T00:03:05.630+0000] {warnings.py:109} WARNING - /opt/airflow/dags/weather_pipeline_dag.py:48: RemovedInAirflow3Warning: provide_context is deprecated as of 2.0 and is no longer required
  extract = PythonOperator(
[2026-02-26T00:03:05.634+0000] {logging_mixin.py:190} INFO - [2026-02-26T00:03:05.633+0000] {warnings.py:109} WARNING - /opt/airflow/dags/weather_pipeline_dag.py:54: RemovedInAirflow3Warning: provide_context is deprecated as of 2.0 and is no longer required
  transform = PythonOperator(
[2026-02-26T00:03:05.636+0000] {logging_mixin.py:190} INFO - [2026-02-26T00:03:05.635+0000] {warnings.py:109} WARNING - /opt/airflow/dags/weather_pipeline_dag.py:60: RemovedInAirflow3Warning: provide_context is deprecated as of 2.0 and is no longer required
  validate = PythonOperator(
[2026-02-26T00:03:05.638+0000] {logging_mixin.py:190} INFO - [2026-02-26T00:03:05.637+0000] {warnings.py:109} WARNING - /opt/airflow/dags/weather_pipeline_dag.py:66: RemovedInAirflow3Warning: provide_context is deprecated as of 2.0 and is no longer required
  load = PythonOperator(
[2026-02-26T00:03:05.649+0000] {processor.py:925} INFO - DAG(s) 'weather_etl_pipeline' retrieved from /opt/airflow/dags/weather_pipeline_dag.py
[2026-02-26T00:03:05.721+0000] {logging_mixin.py:190} INFO - 2026-02-26 00:03:05,721 | INFO | airflow.models.dag | Sync 1 DAGs
[2026-02-26T00:03:05.723+0000] {logging_mixin.py:190} INFO - [2026-02-26T00:03:05.721+0000] {dag.py:3239} INFO - Sync 1 DAGs
[2026-02-26T00:03:05.757+0000] {logging_mixin.py:190} INFO - 2026-02-26 00:03:05,756 | INFO | airflow.models.dag | Setting next_dagrun for weather_etl_pipeline to 2026-02-25 23:00:00+00:00, run_after=2026-02-26 00:00:00+00:00
[2026-02-26T00:03:05.758+0000] {logging_mixin.py:190} INFO - [2026-02-26T00:03:05.756+0000] {dag.py:4180} INFO - Setting next_dagrun for weather_etl_pipeline to 2026-02-25 23:00:00+00:00, run_after=2026-02-26 00:00:00+00:00
[2026-02-26T00:03:05.794+0000] {processor.py:208} INFO - Processing /opt/airflow/dags/weather_pipeline_dag.py took 6.284 seconds
[2026-02-26T00:03:36.373+0000] {processor.py:186} INFO - Started process (PID=7150) to work on /opt/airflow/dags/weather_pipeline_dag.py
[2026-02-26T00:03:36.377+0000] {processor.py:914} INFO - Processing file /opt/airflow/dags/weather_pipeline_dag.py for tasks to queue
[2026-02-26T00:03:36.381+0000] {logging_mixin.py:190} INFO - [2026-02-26T00:03:36.380+0000] {dagbag.py:588} INFO - Filling up the DagBag from /opt/airflow/dags/weather_pipeline_dag.py
[2026-02-26T00:03:44.853+0000] {logging_mixin.py:190} INFO - [2026-02-26T00:03:44.852+0000] {warnings.py:109} WARNING - /home/airflow/.local/lib/python3.10/site-packages/snowflake/sqlalchemy/base.py:1068: SAWarning: The GenericFunction 'flatten' is already registered and is going to be overridden.
  functions.register_function("flatten", flatten)
[2026-02-26T00:03:46.036+0000] {logging_mixin.py:190} INFO - [2026-02-26T00:03:46.036+0000] {warnings.py:109} WARNING - /opt/airflow/dags/weather_pipeline_dag.py:39: RemovedInAirflow3Warning: Param `schedule_interval` is deprecated and will be removed in a future release. Please use `schedule` instead. 
  with DAG(
[2026-02-26T00:03:46.040+0000] {logging_mixin.py:190} INFO - [2026-02-26T00:03:46.040+0000] {warnings.py:109} WARNING - /opt/airflow/dags/weather_pipeline_dag.py:48: RemovedInAirflow3Warning: provide_context is deprecated as of 2.0 and is no longer required
  extract = PythonOperator(
[2026-02-26T00:03:46.042+0000] {logging_mixin.py:190} INFO - [2026-02-26T00:03:46.042+0000] {warnings.py:109} WARNING - /opt/airflow/dags/weather_pipeline_dag.py:54: RemovedInAirflow3Warning: provide_context is deprecated as of 2.0 and is no longer required
  transform = PythonOperator(
[2026-02-26T00:03:46.044+0000] {logging_mixin.py:190} INFO - [2026-02-26T00:03:46.044+0000] {warnings.py:109} WARNING - /opt/airflow/dags/weather_pipeline_dag.py:60: RemovedInAirflow3Warning: provide_context is deprecated as of 2.0 and is no longer required
  validate = PythonOperator(
[2026-02-26T00:03:46.046+0000] {logging_mixin.py:190} INFO - [2026-02-26T00:03:46.045+0000] {warnings.py:109} WARNING - /opt/airflow/dags/weather_pipeline_dag.py:66: RemovedInAirflow3Warning: provide_context is deprecated as of 2.0 and is no longer required
  load = PythonOperator(
[2026-02-26T00:03:46.053+0000] {processor.py:925} INFO - DAG(s) 'weather_etl_pipeline' retrieved from /opt/airflow/dags/weather_pipeline_dag.py
[2026-02-26T00:03:46.102+0000] {logging_mixin.py:190} INFO - 2026-02-26 00:03:46,101 | INFO | airflow.models.dag | Sync 1 DAGs
[2026-02-26T00:03:46.103+0000] {logging_mixin.py:190} INFO - [2026-02-26T00:03:46.101+0000] {dag.py:3239} INFO - Sync 1 DAGs
[2026-02-26T00:03:46.137+0000] {logging_mixin.py:190} INFO - 2026-02-26 00:03:46,136 | INFO | airflow.models.dag | Setting next_dagrun for weather_etl_pipeline to 2026-02-25 23:00:00+00:00, run_after=2026-02-26 00:00:00+00:00
[2026-02-26T00:03:46.138+0000] {logging_mixin.py:190} INFO - [2026-02-26T00:03:46.136+0000] {dag.py:4180} INFO - Setting next_dagrun for weather_etl_pipeline to 2026-02-25 23:00:00+00:00, run_after=2026-02-26 00:00:00+00:00
[2026-02-26T00:03:46.172+0000] {processor.py:208} INFO - Processing /opt/airflow/dags/weather_pipeline_dag.py took 9.849 seconds
[2026-02-26T00:04:16.859+0000] {processor.py:186} INFO - Started process (PID=7172) to work on /opt/airflow/dags/weather_pipeline_dag.py
[2026-02-26T00:04:16.864+0000] {processor.py:914} INFO - Processing file /opt/airflow/dags/weather_pipeline_dag.py for tasks to queue
[2026-02-26T00:04:16.868+0000] {logging_mixin.py:190} INFO - [2026-02-26T00:04:16.867+0000] {dagbag.py:588} INFO - Filling up the DagBag from /opt/airflow/dags/weather_pipeline_dag.py
[2026-02-26T00:04:22.130+0000] {logging_mixin.py:190} INFO - [2026-02-26T00:04:22.128+0000] {warnings.py:109} WARNING - /home/airflow/.local/lib/python3.10/site-packages/snowflake/sqlalchemy/base.py:1068: SAWarning: The GenericFunction 'flatten' is already registered and is going to be overridden.
  functions.register_function("flatten", flatten)
[2026-02-26T00:04:23.633+0000] {logging_mixin.py:190} INFO - [2026-02-26T00:04:23.632+0000] {warnings.py:109} WARNING - /opt/airflow/dags/weather_pipeline_dag.py:39: RemovedInAirflow3Warning: Param `schedule_interval` is deprecated and will be removed in a future release. Please use `schedule` instead. 
  with DAG(
[2026-02-26T00:04:23.641+0000] {logging_mixin.py:190} INFO - [2026-02-26T00:04:23.640+0000] {warnings.py:109} WARNING - /opt/airflow/dags/weather_pipeline_dag.py:48: RemovedInAirflow3Warning: provide_context is deprecated as of 2.0 and is no longer required
  extract = PythonOperator(
[2026-02-26T00:04:23.644+0000] {logging_mixin.py:190} INFO - [2026-02-26T00:04:23.643+0000] {warnings.py:109} WARNING - /opt/airflow/dags/weather_pipeline_dag.py:54: RemovedInAirflow3Warning: provide_context is deprecated as of 2.0 and is no longer required
  transform = PythonOperator(
[2026-02-26T00:04:23.646+0000] {logging_mixin.py:190} INFO - [2026-02-26T00:04:23.646+0000] {warnings.py:109} WARNING - /opt/airflow/dags/weather_pipeline_dag.py:60: RemovedInAirflow3Warning: provide_context is deprecated as of 2.0 and is no longer required
  validate = PythonOperator(
[2026-02-26T00:04:23.648+0000] {logging_mixin.py:190} INFO - [2026-02-26T00:04:23.648+0000] {warnings.py:109} WARNING - /opt/airflow/dags/weather_pipeline_dag.py:66: RemovedInAirflow3Warning: provide_context is deprecated as of 2.0 and is no longer required
  load = PythonOperator(
[2026-02-26T00:04:23.665+0000] {processor.py:925} INFO - DAG(s) 'weather_etl_pipeline' retrieved from /opt/airflow/dags/weather_pipeline_dag.py
[2026-02-26T00:04:23.755+0000] {logging_mixin.py:190} INFO - 2026-02-26 00:04:23,755 | INFO | airflow.models.dag | Sync 1 DAGs
[2026-02-26T00:04:23.757+0000] {logging_mixin.py:190} INFO - [2026-02-26T00:04:23.755+0000] {dag.py:3239} INFO - Sync 1 DAGs
[2026-02-26T00:04:23.843+0000] {logging_mixin.py:190} INFO - 2026-02-26 00:04:23,843 | INFO | airflow.models.dag | Setting next_dagrun for weather_etl_pipeline to 2026-02-25 23:00:00+00:00, run_after=2026-02-26 00:00:00+00:00
[2026-02-26T00:04:23.845+0000] {logging_mixin.py:190} INFO - [2026-02-26T00:04:23.843+0000] {dag.py:4180} INFO - Setting next_dagrun for weather_etl_pipeline to 2026-02-25 23:00:00+00:00, run_after=2026-02-26 00:00:00+00:00
[2026-02-26T00:04:23.911+0000] {processor.py:208} INFO - Processing /opt/airflow/dags/weather_pipeline_dag.py took 7.075 seconds
[2026-02-26T00:04:54.768+0000] {processor.py:186} INFO - Started process (PID=7194) to work on /opt/airflow/dags/weather_pipeline_dag.py
[2026-02-26T00:04:54.776+0000] {processor.py:914} INFO - Processing file /opt/airflow/dags/weather_pipeline_dag.py for tasks to queue
[2026-02-26T00:04:54.786+0000] {logging_mixin.py:190} INFO - [2026-02-26T00:04:54.783+0000] {dagbag.py:588} INFO - Filling up the DagBag from /opt/airflow/dags/weather_pipeline_dag.py
[2026-02-26T00:05:02.922+0000] {logging_mixin.py:190} INFO - [2026-02-26T00:05:02.921+0000] {warnings.py:109} WARNING - /home/airflow/.local/lib/python3.10/site-packages/snowflake/sqlalchemy/base.py:1068: SAWarning: The GenericFunction 'flatten' is already registered and is going to be overridden.
  functions.register_function("flatten", flatten)
[2026-02-26T00:05:04.170+0000] {logging_mixin.py:190} INFO - [2026-02-26T00:05:04.170+0000] {warnings.py:109} WARNING - /opt/airflow/dags/weather_pipeline_dag.py:39: RemovedInAirflow3Warning: Param `schedule_interval` is deprecated and will be removed in a future release. Please use `schedule` instead. 
  with DAG(
[2026-02-26T00:05:04.175+0000] {logging_mixin.py:190} INFO - [2026-02-26T00:05:04.175+0000] {warnings.py:109} WARNING - /opt/airflow/dags/weather_pipeline_dag.py:48: RemovedInAirflow3Warning: provide_context is deprecated as of 2.0 and is no longer required
  extract = PythonOperator(
[2026-02-26T00:05:04.177+0000] {logging_mixin.py:190} INFO - [2026-02-26T00:05:04.177+0000] {warnings.py:109} WARNING - /opt/airflow/dags/weather_pipeline_dag.py:54: RemovedInAirflow3Warning: provide_context is deprecated as of 2.0 and is no longer required
  transform = PythonOperator(
[2026-02-26T00:05:04.179+0000] {logging_mixin.py:190} INFO - [2026-02-26T00:05:04.179+0000] {warnings.py:109} WARNING - /opt/airflow/dags/weather_pipeline_dag.py:60: RemovedInAirflow3Warning: provide_context is deprecated as of 2.0 and is no longer required
  validate = PythonOperator(
[2026-02-26T00:05:04.181+0000] {logging_mixin.py:190} INFO - [2026-02-26T00:05:04.180+0000] {warnings.py:109} WARNING - /opt/airflow/dags/weather_pipeline_dag.py:66: RemovedInAirflow3Warning: provide_context is deprecated as of 2.0 and is no longer required
  load = PythonOperator(
[2026-02-26T00:05:04.193+0000] {processor.py:925} INFO - DAG(s) 'weather_etl_pipeline' retrieved from /opt/airflow/dags/weather_pipeline_dag.py
[2026-02-26T00:05:04.386+0000] {logging_mixin.py:190} INFO - 2026-02-26 00:05:04,386 | INFO | airflow.models.dag | Sync 1 DAGs
[2026-02-26T00:05:04.387+0000] {logging_mixin.py:190} INFO - [2026-02-26T00:05:04.386+0000] {dag.py:3239} INFO - Sync 1 DAGs
[2026-02-26T00:05:04.468+0000] {logging_mixin.py:190} INFO - 2026-02-26 00:05:04,468 | INFO | airflow.models.dag | Setting next_dagrun for weather_etl_pipeline to 2026-02-25 23:00:00+00:00, run_after=2026-02-26 00:00:00+00:00
[2026-02-26T00:05:04.469+0000] {logging_mixin.py:190} INFO - [2026-02-26T00:05:04.468+0000] {dag.py:4180} INFO - Setting next_dagrun for weather_etl_pipeline to 2026-02-25 23:00:00+00:00, run_after=2026-02-26 00:00:00+00:00
[2026-02-26T00:05:04.522+0000] {processor.py:208} INFO - Processing /opt/airflow/dags/weather_pipeline_dag.py took 9.826 seconds
[2026-02-26T00:05:35.277+0000] {processor.py:186} INFO - Started process (PID=7216) to work on /opt/airflow/dags/weather_pipeline_dag.py
[2026-02-26T00:05:35.281+0000] {processor.py:914} INFO - Processing file /opt/airflow/dags/weather_pipeline_dag.py for tasks to queue
[2026-02-26T00:05:35.285+0000] {logging_mixin.py:190} INFO - [2026-02-26T00:05:35.284+0000] {dagbag.py:588} INFO - Filling up the DagBag from /opt/airflow/dags/weather_pipeline_dag.py
[2026-02-26T00:05:40.676+0000] {logging_mixin.py:190} INFO - [2026-02-26T00:05:40.675+0000] {warnings.py:109} WARNING - /home/airflow/.local/lib/python3.10/site-packages/snowflake/sqlalchemy/base.py:1068: SAWarning: The GenericFunction 'flatten' is already registered and is going to be overridden.
  functions.register_function("flatten", flatten)
[2026-02-26T00:05:41.499+0000] {logging_mixin.py:190} INFO - [2026-02-26T00:05:41.498+0000] {warnings.py:109} WARNING - /opt/airflow/dags/weather_pipeline_dag.py:39: RemovedInAirflow3Warning: Param `schedule_interval` is deprecated and will be removed in a future release. Please use `schedule` instead. 
  with DAG(
[2026-02-26T00:05:41.502+0000] {logging_mixin.py:190} INFO - [2026-02-26T00:05:41.502+0000] {warnings.py:109} WARNING - /opt/airflow/dags/weather_pipeline_dag.py:48: RemovedInAirflow3Warning: provide_context is deprecated as of 2.0 and is no longer required
  extract = PythonOperator(
[2026-02-26T00:05:41.504+0000] {logging_mixin.py:190} INFO - [2026-02-26T00:05:41.504+0000] {warnings.py:109} WARNING - /opt/airflow/dags/weather_pipeline_dag.py:54: RemovedInAirflow3Warning: provide_context is deprecated as of 2.0 and is no longer required
  transform = PythonOperator(
[2026-02-26T00:05:41.506+0000] {logging_mixin.py:190} INFO - [2026-02-26T00:05:41.505+0000] {warnings.py:109} WARNING - /opt/airflow/dags/weather_pipeline_dag.py:60: RemovedInAirflow3Warning: provide_context is deprecated as of 2.0 and is no longer required
  validate = PythonOperator(
[2026-02-26T00:05:41.507+0000] {logging_mixin.py:190} INFO - [2026-02-26T00:05:41.507+0000] {warnings.py:109} WARNING - /opt/airflow/dags/weather_pipeline_dag.py:66: RemovedInAirflow3Warning: provide_context is deprecated as of 2.0 and is no longer required
  load = PythonOperator(
[2026-02-26T00:05:41.513+0000] {processor.py:925} INFO - DAG(s) 'weather_etl_pipeline' retrieved from /opt/airflow/dags/weather_pipeline_dag.py
[2026-02-26T00:05:41.587+0000] {logging_mixin.py:190} INFO - 2026-02-26 00:05:41,587 | INFO | airflow.models.dag | Sync 1 DAGs
[2026-02-26T00:05:41.589+0000] {logging_mixin.py:190} INFO - [2026-02-26T00:05:41.587+0000] {dag.py:3239} INFO - Sync 1 DAGs
[2026-02-26T00:05:41.642+0000] {logging_mixin.py:190} INFO - 2026-02-26 00:05:41,642 | INFO | airflow.models.dag | Setting next_dagrun for weather_etl_pipeline to 2026-02-25 23:00:00+00:00, run_after=2026-02-26 00:00:00+00:00
[2026-02-26T00:05:41.644+0000] {logging_mixin.py:190} INFO - [2026-02-26T00:05:41.642+0000] {dag.py:4180} INFO - Setting next_dagrun for weather_etl_pipeline to 2026-02-25 23:00:00+00:00, run_after=2026-02-26 00:00:00+00:00
[2026-02-26T00:05:41.686+0000] {processor.py:208} INFO - Processing /opt/airflow/dags/weather_pipeline_dag.py took 6.367 seconds
[2026-02-26T00:06:12.515+0000] {processor.py:186} INFO - Started process (PID=7238) to work on /opt/airflow/dags/weather_pipeline_dag.py
[2026-02-26T00:06:12.520+0000] {processor.py:914} INFO - Processing file /opt/airflow/dags/weather_pipeline_dag.py for tasks to queue
[2026-02-26T00:06:12.525+0000] {logging_mixin.py:190} INFO - [2026-02-26T00:06:12.524+0000] {dagbag.py:588} INFO - Filling up the DagBag from /opt/airflow/dags/weather_pipeline_dag.py
[2026-02-26T00:06:17.585+0000] {logging_mixin.py:190} INFO - [2026-02-26T00:06:17.584+0000] {warnings.py:109} WARNING - /home/airflow/.local/lib/python3.10/site-packages/snowflake/sqlalchemy/base.py:1068: SAWarning: The GenericFunction 'flatten' is already registered and is going to be overridden.
  functions.register_function("flatten", flatten)
[2026-02-26T00:06:18.373+0000] {logging_mixin.py:190} INFO - [2026-02-26T00:06:18.372+0000] {warnings.py:109} WARNING - /opt/airflow/dags/weather_pipeline_dag.py:39: RemovedInAirflow3Warning: Param `schedule_interval` is deprecated and will be removed in a future release. Please use `schedule` instead. 
  with DAG(
[2026-02-26T00:06:18.382+0000] {logging_mixin.py:190} INFO - [2026-02-26T00:06:18.382+0000] {warnings.py:109} WARNING - /opt/airflow/dags/weather_pipeline_dag.py:48: RemovedInAirflow3Warning: provide_context is deprecated as of 2.0 and is no longer required
  extract = PythonOperator(
[2026-02-26T00:06:18.384+0000] {logging_mixin.py:190} INFO - [2026-02-26T00:06:18.384+0000] {warnings.py:109} WARNING - /opt/airflow/dags/weather_pipeline_dag.py:54: RemovedInAirflow3Warning: provide_context is deprecated as of 2.0 and is no longer required
  transform = PythonOperator(
[2026-02-26T00:06:18.386+0000] {logging_mixin.py:190} INFO - [2026-02-26T00:06:18.386+0000] {warnings.py:109} WARNING - /opt/airflow/dags/weather_pipeline_dag.py:60: RemovedInAirflow3Warning: provide_context is deprecated as of 2.0 and is no longer required
  validate = PythonOperator(
[2026-02-26T00:06:18.388+0000] {logging_mixin.py:190} INFO - [2026-02-26T00:06:18.387+0000] {warnings.py:109} WARNING - /opt/airflow/dags/weather_pipeline_dag.py:66: RemovedInAirflow3Warning: provide_context is deprecated as of 2.0 and is no longer required
  load = PythonOperator(
[2026-02-26T00:06:18.394+0000] {processor.py:925} INFO - DAG(s) 'weather_etl_pipeline' retrieved from /opt/airflow/dags/weather_pipeline_dag.py
[2026-02-26T00:06:18.441+0000] {logging_mixin.py:190} INFO - 2026-02-26 00:06:18,441 | INFO | airflow.models.dag | Sync 1 DAGs
[2026-02-26T00:06:18.442+0000] {logging_mixin.py:190} INFO - [2026-02-26T00:06:18.441+0000] {dag.py:3239} INFO - Sync 1 DAGs
[2026-02-26T00:06:18.475+0000] {logging_mixin.py:190} INFO - 2026-02-26 00:06:18,475 | INFO | airflow.models.dag | Setting next_dagrun for weather_etl_pipeline to 2026-02-25 23:00:00+00:00, run_after=2026-02-26 00:00:00+00:00
[2026-02-26T00:06:18.477+0000] {logging_mixin.py:190} INFO - [2026-02-26T00:06:18.475+0000] {dag.py:4180} INFO - Setting next_dagrun for weather_etl_pipeline to 2026-02-25 23:00:00+00:00, run_after=2026-02-26 00:00:00+00:00
[2026-02-26T00:06:18.514+0000] {processor.py:208} INFO - Processing /opt/airflow/dags/weather_pipeline_dag.py took 6.021 seconds
[2026-02-26T00:06:49.202+0000] {processor.py:186} INFO - Started process (PID=7260) to work on /opt/airflow/dags/weather_pipeline_dag.py
[2026-02-26T00:06:49.207+0000] {processor.py:914} INFO - Processing file /opt/airflow/dags/weather_pipeline_dag.py for tasks to queue
[2026-02-26T00:06:49.212+0000] {logging_mixin.py:190} INFO - [2026-02-26T00:06:49.211+0000] {dagbag.py:588} INFO - Filling up the DagBag from /opt/airflow/dags/weather_pipeline_dag.py
[2026-02-26T00:06:53.704+0000] {logging_mixin.py:190} INFO - [2026-02-26T00:06:53.703+0000] {warnings.py:109} WARNING - /home/airflow/.local/lib/python3.10/site-packages/snowflake/sqlalchemy/base.py:1068: SAWarning: The GenericFunction 'flatten' is already registered and is going to be overridden.
  functions.register_function("flatten", flatten)
[2026-02-26T00:06:54.546+0000] {logging_mixin.py:190} INFO - [2026-02-26T00:06:54.546+0000] {warnings.py:109} WARNING - /opt/airflow/dags/weather_pipeline_dag.py:39: RemovedInAirflow3Warning: Param `schedule_interval` is deprecated and will be removed in a future release. Please use `schedule` instead. 
  with DAG(
[2026-02-26T00:06:54.552+0000] {logging_mixin.py:190} INFO - [2026-02-26T00:06:54.551+0000] {warnings.py:109} WARNING - /opt/airflow/dags/weather_pipeline_dag.py:48: RemovedInAirflow3Warning: provide_context is deprecated as of 2.0 and is no longer required
  extract = PythonOperator(
[2026-02-26T00:06:54.554+0000] {logging_mixin.py:190} INFO - [2026-02-26T00:06:54.554+0000] {warnings.py:109} WARNING - /opt/airflow/dags/weather_pipeline_dag.py:54: RemovedInAirflow3Warning: provide_context is deprecated as of 2.0 and is no longer required
  transform = PythonOperator(
[2026-02-26T00:06:54.556+0000] {logging_mixin.py:190} INFO - [2026-02-26T00:06:54.555+0000] {warnings.py:109} WARNING - /opt/airflow/dags/weather_pipeline_dag.py:60: RemovedInAirflow3Warning: provide_context is deprecated as of 2.0 and is no longer required
  validate = PythonOperator(
[2026-02-26T00:06:54.557+0000] {logging_mixin.py:190} INFO - [2026-02-26T00:06:54.557+0000] {warnings.py:109} WARNING - /opt/airflow/dags/weather_pipeline_dag.py:66: RemovedInAirflow3Warning: provide_context is deprecated as of 2.0 and is no longer required
  load = PythonOperator(
[2026-02-26T00:06:54.570+0000] {processor.py:925} INFO - DAG(s) 'weather_etl_pipeline' retrieved from /opt/airflow/dags/weather_pipeline_dag.py
[2026-02-26T00:06:54.647+0000] {logging_mixin.py:190} INFO - 2026-02-26 00:06:54,647 | INFO | airflow.models.dag | Sync 1 DAGs
[2026-02-26T00:06:54.648+0000] {logging_mixin.py:190} INFO - [2026-02-26T00:06:54.647+0000] {dag.py:3239} INFO - Sync 1 DAGs
[2026-02-26T00:06:54.694+0000] {logging_mixin.py:190} INFO - 2026-02-26 00:06:54,694 | INFO | airflow.models.dag | Setting next_dagrun for weather_etl_pipeline to 2026-02-25 23:00:00+00:00, run_after=2026-02-26 00:00:00+00:00
[2026-02-26T00:06:54.695+0000] {logging_mixin.py:190} INFO - [2026-02-26T00:06:54.694+0000] {dag.py:4180} INFO - Setting next_dagrun for weather_etl_pipeline to 2026-02-25 23:00:00+00:00, run_after=2026-02-26 00:00:00+00:00
[2026-02-26T00:06:54.744+0000] {processor.py:208} INFO - Processing /opt/airflow/dags/weather_pipeline_dag.py took 5.570 seconds
[2026-02-26T00:07:25.625+0000] {processor.py:186} INFO - Started process (PID=7282) to work on /opt/airflow/dags/weather_pipeline_dag.py
[2026-02-26T00:07:25.628+0000] {processor.py:914} INFO - Processing file /opt/airflow/dags/weather_pipeline_dag.py for tasks to queue
[2026-02-26T00:07:25.634+0000] {logging_mixin.py:190} INFO - [2026-02-26T00:07:25.633+0000] {dagbag.py:588} INFO - Filling up the DagBag from /opt/airflow/dags/weather_pipeline_dag.py
[2026-02-26T00:07:30.715+0000] {logging_mixin.py:190} INFO - [2026-02-26T00:07:30.714+0000] {warnings.py:109} WARNING - /home/airflow/.local/lib/python3.10/site-packages/snowflake/sqlalchemy/base.py:1068: SAWarning: The GenericFunction 'flatten' is already registered and is going to be overridden.
  functions.register_function("flatten", flatten)
[2026-02-26T00:07:31.830+0000] {logging_mixin.py:190} INFO - [2026-02-26T00:07:31.830+0000] {warnings.py:109} WARNING - /opt/airflow/dags/weather_pipeline_dag.py:39: RemovedInAirflow3Warning: Param `schedule_interval` is deprecated and will be removed in a future release. Please use `schedule` instead. 
  with DAG(
[2026-02-26T00:07:31.834+0000] {logging_mixin.py:190} INFO - [2026-02-26T00:07:31.834+0000] {warnings.py:109} WARNING - /opt/airflow/dags/weather_pipeline_dag.py:48: RemovedInAirflow3Warning: provide_context is deprecated as of 2.0 and is no longer required
  extract = PythonOperator(
[2026-02-26T00:07:31.837+0000] {logging_mixin.py:190} INFO - [2026-02-26T00:07:31.837+0000] {warnings.py:109} WARNING - /opt/airflow/dags/weather_pipeline_dag.py:54: RemovedInAirflow3Warning: provide_context is deprecated as of 2.0 and is no longer required
  transform = PythonOperator(
[2026-02-26T00:07:31.839+0000] {logging_mixin.py:190} INFO - [2026-02-26T00:07:31.838+0000] {warnings.py:109} WARNING - /opt/airflow/dags/weather_pipeline_dag.py:60: RemovedInAirflow3Warning: provide_context is deprecated as of 2.0 and is no longer required
  validate = PythonOperator(
[2026-02-26T00:07:31.841+0000] {logging_mixin.py:190} INFO - [2026-02-26T00:07:31.840+0000] {warnings.py:109} WARNING - /opt/airflow/dags/weather_pipeline_dag.py:66: RemovedInAirflow3Warning: provide_context is deprecated as of 2.0 and is no longer required
  load = PythonOperator(
[2026-02-26T00:07:31.852+0000] {processor.py:925} INFO - DAG(s) 'weather_etl_pipeline' retrieved from /opt/airflow/dags/weather_pipeline_dag.py
[2026-02-26T00:07:31.919+0000] {logging_mixin.py:190} INFO - 2026-02-26 00:07:31,918 | INFO | airflow.models.dag | Sync 1 DAGs
[2026-02-26T00:07:31.920+0000] {logging_mixin.py:190} INFO - [2026-02-26T00:07:31.918+0000] {dag.py:3239} INFO - Sync 1 DAGs
[2026-02-26T00:07:31.965+0000] {logging_mixin.py:190} INFO - 2026-02-26 00:07:31,964 | INFO | airflow.models.dag | Setting next_dagrun for weather_etl_pipeline to 2026-02-25 23:00:00+00:00, run_after=2026-02-26 00:00:00+00:00
[2026-02-26T00:07:31.966+0000] {logging_mixin.py:190} INFO - [2026-02-26T00:07:31.964+0000] {dag.py:4180} INFO - Setting next_dagrun for weather_etl_pipeline to 2026-02-25 23:00:00+00:00, run_after=2026-02-26 00:00:00+00:00
[2026-02-26T00:07:32.009+0000] {processor.py:208} INFO - Processing /opt/airflow/dags/weather_pipeline_dag.py took 6.404 seconds
[2026-02-26T00:08:02.526+0000] {processor.py:186} INFO - Started process (PID=7304) to work on /opt/airflow/dags/weather_pipeline_dag.py
[2026-02-26T00:08:02.530+0000] {processor.py:914} INFO - Processing file /opt/airflow/dags/weather_pipeline_dag.py for tasks to queue
[2026-02-26T00:08:02.534+0000] {logging_mixin.py:190} INFO - [2026-02-26T00:08:02.533+0000] {dagbag.py:588} INFO - Filling up the DagBag from /opt/airflow/dags/weather_pipeline_dag.py
[2026-02-26T00:08:07.169+0000] {logging_mixin.py:190} INFO - [2026-02-26T00:08:07.167+0000] {warnings.py:109} WARNING - /home/airflow/.local/lib/python3.10/site-packages/snowflake/sqlalchemy/base.py:1068: SAWarning: The GenericFunction 'flatten' is already registered and is going to be overridden.
  functions.register_function("flatten", flatten)
[2026-02-26T00:08:08.119+0000] {logging_mixin.py:190} INFO - [2026-02-26T00:08:08.118+0000] {warnings.py:109} WARNING - /opt/airflow/dags/weather_pipeline_dag.py:39: RemovedInAirflow3Warning: Param `schedule_interval` is deprecated and will be removed in a future release. Please use `schedule` instead. 
  with DAG(
[2026-02-26T00:08:08.127+0000] {logging_mixin.py:190} INFO - [2026-02-26T00:08:08.126+0000] {warnings.py:109} WARNING - /opt/airflow/dags/weather_pipeline_dag.py:48: RemovedInAirflow3Warning: provide_context is deprecated as of 2.0 and is no longer required
  extract = PythonOperator(
[2026-02-26T00:08:08.130+0000] {logging_mixin.py:190} INFO - [2026-02-26T00:08:08.129+0000] {warnings.py:109} WARNING - /opt/airflow/dags/weather_pipeline_dag.py:54: RemovedInAirflow3Warning: provide_context is deprecated as of 2.0 and is no longer required
  transform = PythonOperator(
[2026-02-26T00:08:08.132+0000] {logging_mixin.py:190} INFO - [2026-02-26T00:08:08.132+0000] {warnings.py:109} WARNING - /opt/airflow/dags/weather_pipeline_dag.py:60: RemovedInAirflow3Warning: provide_context is deprecated as of 2.0 and is no longer required
  validate = PythonOperator(
[2026-02-26T00:08:08.135+0000] {logging_mixin.py:190} INFO - [2026-02-26T00:08:08.134+0000] {warnings.py:109} WARNING - /opt/airflow/dags/weather_pipeline_dag.py:66: RemovedInAirflow3Warning: provide_context is deprecated as of 2.0 and is no longer required
  load = PythonOperator(
[2026-02-26T00:08:08.149+0000] {processor.py:925} INFO - DAG(s) 'weather_etl_pipeline' retrieved from /opt/airflow/dags/weather_pipeline_dag.py
[2026-02-26T00:08:08.224+0000] {logging_mixin.py:190} INFO - 2026-02-26 00:08:08,224 | INFO | airflow.models.dag | Sync 1 DAGs
[2026-02-26T00:08:08.226+0000] {logging_mixin.py:190} INFO - [2026-02-26T00:08:08.224+0000] {dag.py:3239} INFO - Sync 1 DAGs
[2026-02-26T00:08:08.272+0000] {logging_mixin.py:190} INFO - 2026-02-26 00:08:08,272 | INFO | airflow.models.dag | Setting next_dagrun for weather_etl_pipeline to 2026-02-25 23:00:00+00:00, run_after=2026-02-26 00:00:00+00:00
[2026-02-26T00:08:08.274+0000] {logging_mixin.py:190} INFO - [2026-02-26T00:08:08.272+0000] {dag.py:4180} INFO - Setting next_dagrun for weather_etl_pipeline to 2026-02-25 23:00:00+00:00, run_after=2026-02-26 00:00:00+00:00
[2026-02-26T00:08:08.308+0000] {processor.py:208} INFO - Processing /opt/airflow/dags/weather_pipeline_dag.py took 5.800 seconds
[2026-02-26T00:08:39.098+0000] {processor.py:186} INFO - Started process (PID=7326) to work on /opt/airflow/dags/weather_pipeline_dag.py
[2026-02-26T00:08:39.101+0000] {processor.py:914} INFO - Processing file /opt/airflow/dags/weather_pipeline_dag.py for tasks to queue
[2026-02-26T00:08:39.105+0000] {logging_mixin.py:190} INFO - [2026-02-26T00:08:39.105+0000] {dagbag.py:588} INFO - Filling up the DagBag from /opt/airflow/dags/weather_pipeline_dag.py
[2026-02-26T00:08:43.977+0000] {logging_mixin.py:190} INFO - [2026-02-26T00:08:43.977+0000] {warnings.py:109} WARNING - /home/airflow/.local/lib/python3.10/site-packages/snowflake/sqlalchemy/base.py:1068: SAWarning: The GenericFunction 'flatten' is already registered and is going to be overridden.
  functions.register_function("flatten", flatten)
[2026-02-26T00:08:44.881+0000] {logging_mixin.py:190} INFO - [2026-02-26T00:08:44.881+0000] {warnings.py:109} WARNING - /opt/airflow/dags/weather_pipeline_dag.py:39: RemovedInAirflow3Warning: Param `schedule_interval` is deprecated and will be removed in a future release. Please use `schedule` instead. 
  with DAG(
[2026-02-26T00:08:44.886+0000] {logging_mixin.py:190} INFO - [2026-02-26T00:08:44.886+0000] {warnings.py:109} WARNING - /opt/airflow/dags/weather_pipeline_dag.py:48: RemovedInAirflow3Warning: provide_context is deprecated as of 2.0 and is no longer required
  extract = PythonOperator(
[2026-02-26T00:08:44.889+0000] {logging_mixin.py:190} INFO - [2026-02-26T00:08:44.888+0000] {warnings.py:109} WARNING - /opt/airflow/dags/weather_pipeline_dag.py:54: RemovedInAirflow3Warning: provide_context is deprecated as of 2.0 and is no longer required
  transform = PythonOperator(
[2026-02-26T00:08:44.890+0000] {logging_mixin.py:190} INFO - [2026-02-26T00:08:44.890+0000] {warnings.py:109} WARNING - /opt/airflow/dags/weather_pipeline_dag.py:60: RemovedInAirflow3Warning: provide_context is deprecated as of 2.0 and is no longer required
  validate = PythonOperator(
[2026-02-26T00:08:44.892+0000] {logging_mixin.py:190} INFO - [2026-02-26T00:08:44.892+0000] {warnings.py:109} WARNING - /opt/airflow/dags/weather_pipeline_dag.py:66: RemovedInAirflow3Warning: provide_context is deprecated as of 2.0 and is no longer required
  load = PythonOperator(
[2026-02-26T00:08:44.901+0000] {processor.py:925} INFO - DAG(s) 'weather_etl_pipeline' retrieved from /opt/airflow/dags/weather_pipeline_dag.py
[2026-02-26T00:08:44.961+0000] {logging_mixin.py:190} INFO - 2026-02-26 00:08:44,961 | INFO | airflow.models.dag | Sync 1 DAGs
[2026-02-26T00:08:44.963+0000] {logging_mixin.py:190} INFO - [2026-02-26T00:08:44.961+0000] {dag.py:3239} INFO - Sync 1 DAGs
[2026-02-26T00:08:45.001+0000] {logging_mixin.py:190} INFO - 2026-02-26 00:08:45,001 | INFO | airflow.models.dag | Setting next_dagrun for weather_etl_pipeline to 2026-02-25 23:00:00+00:00, run_after=2026-02-26 00:00:00+00:00
[2026-02-26T00:08:45.003+0000] {logging_mixin.py:190} INFO - [2026-02-26T00:08:45.001+0000] {dag.py:4180} INFO - Setting next_dagrun for weather_etl_pipeline to 2026-02-25 23:00:00+00:00, run_after=2026-02-26 00:00:00+00:00
[2026-02-26T00:08:45.038+0000] {processor.py:208} INFO - Processing /opt/airflow/dags/weather_pipeline_dag.py took 5.960 seconds
[2026-02-26T00:09:15.776+0000] {processor.py:186} INFO - Started process (PID=7348) to work on /opt/airflow/dags/weather_pipeline_dag.py
[2026-02-26T00:09:15.778+0000] {processor.py:914} INFO - Processing file /opt/airflow/dags/weather_pipeline_dag.py for tasks to queue
[2026-02-26T00:09:15.781+0000] {logging_mixin.py:190} INFO - [2026-02-26T00:09:15.781+0000] {dagbag.py:588} INFO - Filling up the DagBag from /opt/airflow/dags/weather_pipeline_dag.py
[2026-02-26T00:09:19.437+0000] {logging_mixin.py:190} INFO - [2026-02-26T00:09:19.436+0000] {warnings.py:109} WARNING - /home/airflow/.local/lib/python3.10/site-packages/snowflake/sqlalchemy/base.py:1068: SAWarning: The GenericFunction 'flatten' is already registered and is going to be overridden.
  functions.register_function("flatten", flatten)
[2026-02-26T00:09:20.236+0000] {logging_mixin.py:190} INFO - [2026-02-26T00:09:20.235+0000] {warnings.py:109} WARNING - /opt/airflow/dags/weather_pipeline_dag.py:39: RemovedInAirflow3Warning: Param `schedule_interval` is deprecated and will be removed in a future release. Please use `schedule` instead. 
  with DAG(
[2026-02-26T00:09:20.241+0000] {logging_mixin.py:190} INFO - [2026-02-26T00:09:20.241+0000] {warnings.py:109} WARNING - /opt/airflow/dags/weather_pipeline_dag.py:48: RemovedInAirflow3Warning: provide_context is deprecated as of 2.0 and is no longer required
  extract = PythonOperator(
[2026-02-26T00:09:20.243+0000] {logging_mixin.py:190} INFO - [2026-02-26T00:09:20.243+0000] {warnings.py:109} WARNING - /opt/airflow/dags/weather_pipeline_dag.py:54: RemovedInAirflow3Warning: provide_context is deprecated as of 2.0 and is no longer required
  transform = PythonOperator(
[2026-02-26T00:09:20.245+0000] {logging_mixin.py:190} INFO - [2026-02-26T00:09:20.244+0000] {warnings.py:109} WARNING - /opt/airflow/dags/weather_pipeline_dag.py:60: RemovedInAirflow3Warning: provide_context is deprecated as of 2.0 and is no longer required
  validate = PythonOperator(
[2026-02-26T00:09:20.246+0000] {logging_mixin.py:190} INFO - [2026-02-26T00:09:20.246+0000] {warnings.py:109} WARNING - /opt/airflow/dags/weather_pipeline_dag.py:66: RemovedInAirflow3Warning: provide_context is deprecated as of 2.0 and is no longer required
  load = PythonOperator(
[2026-02-26T00:09:20.257+0000] {processor.py:925} INFO - DAG(s) 'weather_etl_pipeline' retrieved from /opt/airflow/dags/weather_pipeline_dag.py
[2026-02-26T00:09:20.306+0000] {logging_mixin.py:190} INFO - 2026-02-26 00:09:20,306 | INFO | airflow.models.dag | Sync 1 DAGs
[2026-02-26T00:09:20.307+0000] {logging_mixin.py:190} INFO - [2026-02-26T00:09:20.306+0000] {dag.py:3239} INFO - Sync 1 DAGs
[2026-02-26T00:09:20.342+0000] {logging_mixin.py:190} INFO - 2026-02-26 00:09:20,342 | INFO | airflow.models.dag | Setting next_dagrun for weather_etl_pipeline to 2026-02-25 23:00:00+00:00, run_after=2026-02-26 00:00:00+00:00
[2026-02-26T00:09:20.343+0000] {logging_mixin.py:190} INFO - [2026-02-26T00:09:20.342+0000] {dag.py:4180} INFO - Setting next_dagrun for weather_etl_pipeline to 2026-02-25 23:00:00+00:00, run_after=2026-02-26 00:00:00+00:00
[2026-02-26T00:09:20.378+0000] {processor.py:208} INFO - Processing /opt/airflow/dags/weather_pipeline_dag.py took 4.615 seconds
[2026-02-26T00:09:51.057+0000] {processor.py:186} INFO - Started process (PID=7370) to work on /opt/airflow/dags/weather_pipeline_dag.py
[2026-02-26T00:09:51.063+0000] {processor.py:914} INFO - Processing file /opt/airflow/dags/weather_pipeline_dag.py for tasks to queue
[2026-02-26T00:09:51.068+0000] {logging_mixin.py:190} INFO - [2026-02-26T00:09:51.067+0000] {dagbag.py:588} INFO - Filling up the DagBag from /opt/airflow/dags/weather_pipeline_dag.py
[2026-02-26T00:09:55.692+0000] {logging_mixin.py:190} INFO - [2026-02-26T00:09:55.691+0000] {warnings.py:109} WARNING - /home/airflow/.local/lib/python3.10/site-packages/snowflake/sqlalchemy/base.py:1068: SAWarning: The GenericFunction 'flatten' is already registered and is going to be overridden.
  functions.register_function("flatten", flatten)
[2026-02-26T00:09:56.597+0000] {logging_mixin.py:190} INFO - [2026-02-26T00:09:56.597+0000] {warnings.py:109} WARNING - /opt/airflow/dags/weather_pipeline_dag.py:39: RemovedInAirflow3Warning: Param `schedule_interval` is deprecated and will be removed in a future release. Please use `schedule` instead. 
  with DAG(
[2026-02-26T00:09:56.601+0000] {logging_mixin.py:190} INFO - [2026-02-26T00:09:56.601+0000] {warnings.py:109} WARNING - /opt/airflow/dags/weather_pipeline_dag.py:48: RemovedInAirflow3Warning: provide_context is deprecated as of 2.0 and is no longer required
  extract = PythonOperator(
[2026-02-26T00:09:56.603+0000] {logging_mixin.py:190} INFO - [2026-02-26T00:09:56.603+0000] {warnings.py:109} WARNING - /opt/airflow/dags/weather_pipeline_dag.py:54: RemovedInAirflow3Warning: provide_context is deprecated as of 2.0 and is no longer required
  transform = PythonOperator(
[2026-02-26T00:09:56.605+0000] {logging_mixin.py:190} INFO - [2026-02-26T00:09:56.605+0000] {warnings.py:109} WARNING - /opt/airflow/dags/weather_pipeline_dag.py:60: RemovedInAirflow3Warning: provide_context is deprecated as of 2.0 and is no longer required
  validate = PythonOperator(
[2026-02-26T00:09:56.607+0000] {logging_mixin.py:190} INFO - [2026-02-26T00:09:56.607+0000] {warnings.py:109} WARNING - /opt/airflow/dags/weather_pipeline_dag.py:66: RemovedInAirflow3Warning: provide_context is deprecated as of 2.0 and is no longer required
  load = PythonOperator(
[2026-02-26T00:09:56.616+0000] {processor.py:925} INFO - DAG(s) 'weather_etl_pipeline' retrieved from /opt/airflow/dags/weather_pipeline_dag.py
[2026-02-26T00:09:56.675+0000] {logging_mixin.py:190} INFO - 2026-02-26 00:09:56,675 | INFO | airflow.models.dag | Sync 1 DAGs
[2026-02-26T00:09:56.676+0000] {logging_mixin.py:190} INFO - [2026-02-26T00:09:56.675+0000] {dag.py:3239} INFO - Sync 1 DAGs
[2026-02-26T00:09:56.717+0000] {logging_mixin.py:190} INFO - 2026-02-26 00:09:56,717 | INFO | airflow.models.dag | Setting next_dagrun for weather_etl_pipeline to 2026-02-25 23:00:00+00:00, run_after=2026-02-26 00:00:00+00:00
[2026-02-26T00:09:56.718+0000] {logging_mixin.py:190} INFO - [2026-02-26T00:09:56.717+0000] {dag.py:4180} INFO - Setting next_dagrun for weather_etl_pipeline to 2026-02-25 23:00:00+00:00, run_after=2026-02-26 00:00:00+00:00
[2026-02-26T00:09:56.755+0000] {processor.py:208} INFO - Processing /opt/airflow/dags/weather_pipeline_dag.py took 5.724 seconds
[2026-02-26T00:10:27.470+0000] {processor.py:186} INFO - Started process (PID=7392) to work on /opt/airflow/dags/weather_pipeline_dag.py
[2026-02-26T00:10:27.473+0000] {processor.py:914} INFO - Processing file /opt/airflow/dags/weather_pipeline_dag.py for tasks to queue
[2026-02-26T00:10:27.476+0000] {logging_mixin.py:190} INFO - [2026-02-26T00:10:27.475+0000] {dagbag.py:588} INFO - Filling up the DagBag from /opt/airflow/dags/weather_pipeline_dag.py
[2026-02-26T00:10:31.702+0000] {logging_mixin.py:190} INFO - [2026-02-26T00:10:31.700+0000] {warnings.py:109} WARNING - /home/airflow/.local/lib/python3.10/site-packages/snowflake/sqlalchemy/base.py:1068: SAWarning: The GenericFunction 'flatten' is already registered and is going to be overridden.
  functions.register_function("flatten", flatten)
[2026-02-26T00:10:32.659+0000] {logging_mixin.py:190} INFO - [2026-02-26T00:10:32.658+0000] {warnings.py:109} WARNING - /opt/airflow/dags/weather_pipeline_dag.py:39: RemovedInAirflow3Warning: Param `schedule_interval` is deprecated and will be removed in a future release. Please use `schedule` instead. 
  with DAG(
[2026-02-26T00:10:32.663+0000] {logging_mixin.py:190} INFO - [2026-02-26T00:10:32.663+0000] {warnings.py:109} WARNING - /opt/airflow/dags/weather_pipeline_dag.py:48: RemovedInAirflow3Warning: provide_context is deprecated as of 2.0 and is no longer required
  extract = PythonOperator(
[2026-02-26T00:10:32.665+0000] {logging_mixin.py:190} INFO - [2026-02-26T00:10:32.665+0000] {warnings.py:109} WARNING - /opt/airflow/dags/weather_pipeline_dag.py:54: RemovedInAirflow3Warning: provide_context is deprecated as of 2.0 and is no longer required
  transform = PythonOperator(
[2026-02-26T00:10:32.666+0000] {logging_mixin.py:190} INFO - [2026-02-26T00:10:32.666+0000] {warnings.py:109} WARNING - /opt/airflow/dags/weather_pipeline_dag.py:60: RemovedInAirflow3Warning: provide_context is deprecated as of 2.0 and is no longer required
  validate = PythonOperator(
[2026-02-26T00:10:32.668+0000] {logging_mixin.py:190} INFO - [2026-02-26T00:10:32.668+0000] {warnings.py:109} WARNING - /opt/airflow/dags/weather_pipeline_dag.py:66: RemovedInAirflow3Warning: provide_context is deprecated as of 2.0 and is no longer required
  load = PythonOperator(
[2026-02-26T00:10:32.677+0000] {processor.py:925} INFO - DAG(s) 'weather_etl_pipeline' retrieved from /opt/airflow/dags/weather_pipeline_dag.py
[2026-02-26T00:10:32.725+0000] {logging_mixin.py:190} INFO - 2026-02-26 00:10:32,725 | INFO | airflow.models.dag | Sync 1 DAGs
[2026-02-26T00:10:32.726+0000] {logging_mixin.py:190} INFO - [2026-02-26T00:10:32.725+0000] {dag.py:3239} INFO - Sync 1 DAGs
[2026-02-26T00:10:32.795+0000] {logging_mixin.py:190} INFO - 2026-02-26 00:10:32,794 | INFO | airflow.models.dag | Setting next_dagrun for weather_etl_pipeline to 2026-02-25 23:00:00+00:00, run_after=2026-02-26 00:00:00+00:00
[2026-02-26T00:10:32.796+0000] {logging_mixin.py:190} INFO - [2026-02-26T00:10:32.794+0000] {dag.py:4180} INFO - Setting next_dagrun for weather_etl_pipeline to 2026-02-25 23:00:00+00:00, run_after=2026-02-26 00:00:00+00:00
[2026-02-26T00:10:32.853+0000] {processor.py:208} INFO - Processing /opt/airflow/dags/weather_pipeline_dag.py took 5.398 seconds
[2026-02-26T00:11:03.693+0000] {processor.py:186} INFO - Started process (PID=7414) to work on /opt/airflow/dags/weather_pipeline_dag.py
[2026-02-26T00:11:03.696+0000] {processor.py:914} INFO - Processing file /opt/airflow/dags/weather_pipeline_dag.py for tasks to queue
[2026-02-26T00:11:03.701+0000] {logging_mixin.py:190} INFO - [2026-02-26T00:11:03.699+0000] {dagbag.py:588} INFO - Filling up the DagBag from /opt/airflow/dags/weather_pipeline_dag.py
[2026-02-26T00:11:08.335+0000] {logging_mixin.py:190} INFO - [2026-02-26T00:11:08.334+0000] {warnings.py:109} WARNING - /home/airflow/.local/lib/python3.10/site-packages/snowflake/sqlalchemy/base.py:1068: SAWarning: The GenericFunction 'flatten' is already registered and is going to be overridden.
  functions.register_function("flatten", flatten)
[2026-02-26T00:11:09.406+0000] {logging_mixin.py:190} INFO - [2026-02-26T00:11:09.405+0000] {warnings.py:109} WARNING - /opt/airflow/dags/weather_pipeline_dag.py:39: RemovedInAirflow3Warning: Param `schedule_interval` is deprecated and will be removed in a future release. Please use `schedule` instead. 
  with DAG(
[2026-02-26T00:11:09.411+0000] {logging_mixin.py:190} INFO - [2026-02-26T00:11:09.410+0000] {warnings.py:109} WARNING - /opt/airflow/dags/weather_pipeline_dag.py:48: RemovedInAirflow3Warning: provide_context is deprecated as of 2.0 and is no longer required
  extract = PythonOperator(
[2026-02-26T00:11:09.413+0000] {logging_mixin.py:190} INFO - [2026-02-26T00:11:09.412+0000] {warnings.py:109} WARNING - /opt/airflow/dags/weather_pipeline_dag.py:54: RemovedInAirflow3Warning: provide_context is deprecated as of 2.0 and is no longer required
  transform = PythonOperator(
[2026-02-26T00:11:09.415+0000] {logging_mixin.py:190} INFO - [2026-02-26T00:11:09.414+0000] {warnings.py:109} WARNING - /opt/airflow/dags/weather_pipeline_dag.py:60: RemovedInAirflow3Warning: provide_context is deprecated as of 2.0 and is no longer required
  validate = PythonOperator(
[2026-02-26T00:11:09.416+0000] {logging_mixin.py:190} INFO - [2026-02-26T00:11:09.416+0000] {warnings.py:109} WARNING - /opt/airflow/dags/weather_pipeline_dag.py:66: RemovedInAirflow3Warning: provide_context is deprecated as of 2.0 and is no longer required
  load = PythonOperator(
[2026-02-26T00:11:09.425+0000] {processor.py:925} INFO - DAG(s) 'weather_etl_pipeline' retrieved from /opt/airflow/dags/weather_pipeline_dag.py
[2026-02-26T00:11:09.485+0000] {logging_mixin.py:190} INFO - 2026-02-26 00:11:09,485 | INFO | airflow.models.dag | Sync 1 DAGs
[2026-02-26T00:11:09.487+0000] {logging_mixin.py:190} INFO - [2026-02-26T00:11:09.485+0000] {dag.py:3239} INFO - Sync 1 DAGs
[2026-02-26T00:11:09.528+0000] {logging_mixin.py:190} INFO - 2026-02-26 00:11:09,528 | INFO | airflow.models.dag | Setting next_dagrun for weather_etl_pipeline to 2026-02-25 23:00:00+00:00, run_after=2026-02-26 00:00:00+00:00
[2026-02-26T00:11:09.529+0000] {logging_mixin.py:190} INFO - [2026-02-26T00:11:09.528+0000] {dag.py:4180} INFO - Setting next_dagrun for weather_etl_pipeline to 2026-02-25 23:00:00+00:00, run_after=2026-02-26 00:00:00+00:00
[2026-02-26T00:11:09.573+0000] {processor.py:208} INFO - Processing /opt/airflow/dags/weather_pipeline_dag.py took 5.825 seconds
[2026-02-26T00:11:40.253+0000] {processor.py:186} INFO - Started process (PID=7436) to work on /opt/airflow/dags/weather_pipeline_dag.py
[2026-02-26T00:11:40.256+0000] {processor.py:914} INFO - Processing file /opt/airflow/dags/weather_pipeline_dag.py for tasks to queue
[2026-02-26T00:11:40.259+0000] {logging_mixin.py:190} INFO - [2026-02-26T00:11:40.258+0000] {dagbag.py:588} INFO - Filling up the DagBag from /opt/airflow/dags/weather_pipeline_dag.py
[2026-02-26T00:11:44.718+0000] {logging_mixin.py:190} INFO - [2026-02-26T00:11:44.717+0000] {warnings.py:109} WARNING - /home/airflow/.local/lib/python3.10/site-packages/snowflake/sqlalchemy/base.py:1068: SAWarning: The GenericFunction 'flatten' is already registered and is going to be overridden.
  functions.register_function("flatten", flatten)
[2026-02-26T00:11:45.558+0000] {logging_mixin.py:190} INFO - [2026-02-26T00:11:45.558+0000] {warnings.py:109} WARNING - /opt/airflow/dags/weather_pipeline_dag.py:39: RemovedInAirflow3Warning: Param `schedule_interval` is deprecated and will be removed in a future release. Please use `schedule` instead. 
  with DAG(
[2026-02-26T00:11:45.565+0000] {logging_mixin.py:190} INFO - [2026-02-26T00:11:45.564+0000] {warnings.py:109} WARNING - /opt/airflow/dags/weather_pipeline_dag.py:48: RemovedInAirflow3Warning: provide_context is deprecated as of 2.0 and is no longer required
  extract = PythonOperator(
[2026-02-26T00:11:45.568+0000] {logging_mixin.py:190} INFO - [2026-02-26T00:11:45.567+0000] {warnings.py:109} WARNING - /opt/airflow/dags/weather_pipeline_dag.py:54: RemovedInAirflow3Warning: provide_context is deprecated as of 2.0 and is no longer required
  transform = PythonOperator(
[2026-02-26T00:11:45.570+0000] {logging_mixin.py:190} INFO - [2026-02-26T00:11:45.570+0000] {warnings.py:109} WARNING - /opt/airflow/dags/weather_pipeline_dag.py:60: RemovedInAirflow3Warning: provide_context is deprecated as of 2.0 and is no longer required
  validate = PythonOperator(
[2026-02-26T00:11:45.573+0000] {logging_mixin.py:190} INFO - [2026-02-26T00:11:45.572+0000] {warnings.py:109} WARNING - /opt/airflow/dags/weather_pipeline_dag.py:66: RemovedInAirflow3Warning: provide_context is deprecated as of 2.0 and is no longer required
  load = PythonOperator(
[2026-02-26T00:11:45.587+0000] {processor.py:925} INFO - DAG(s) 'weather_etl_pipeline' retrieved from /opt/airflow/dags/weather_pipeline_dag.py
[2026-02-26T00:11:45.657+0000] {logging_mixin.py:190} INFO - 2026-02-26 00:11:45,657 | INFO | airflow.models.dag | Sync 1 DAGs
[2026-02-26T00:11:45.658+0000] {logging_mixin.py:190} INFO - [2026-02-26T00:11:45.657+0000] {dag.py:3239} INFO - Sync 1 DAGs
[2026-02-26T00:11:45.704+0000] {logging_mixin.py:190} INFO - 2026-02-26 00:11:45,704 | INFO | airflow.models.dag | Setting next_dagrun for weather_etl_pipeline to 2026-02-25 23:00:00+00:00, run_after=2026-02-26 00:00:00+00:00
[2026-02-26T00:11:45.705+0000] {logging_mixin.py:190} INFO - [2026-02-26T00:11:45.704+0000] {dag.py:4180} INFO - Setting next_dagrun for weather_etl_pipeline to 2026-02-25 23:00:00+00:00, run_after=2026-02-26 00:00:00+00:00
[2026-02-26T00:11:45.747+0000] {processor.py:208} INFO - Processing /opt/airflow/dags/weather_pipeline_dag.py took 5.509 seconds
[2026-02-26T00:12:16.369+0000] {processor.py:186} INFO - Started process (PID=7458) to work on /opt/airflow/dags/weather_pipeline_dag.py
[2026-02-26T00:12:16.372+0000] {processor.py:914} INFO - Processing file /opt/airflow/dags/weather_pipeline_dag.py for tasks to queue
[2026-02-26T00:12:16.376+0000] {logging_mixin.py:190} INFO - [2026-02-26T00:12:16.375+0000] {dagbag.py:588} INFO - Filling up the DagBag from /opt/airflow/dags/weather_pipeline_dag.py
[2026-02-26T00:12:20.953+0000] {logging_mixin.py:190} INFO - [2026-02-26T00:12:20.953+0000] {warnings.py:109} WARNING - /home/airflow/.local/lib/python3.10/site-packages/snowflake/sqlalchemy/base.py:1068: SAWarning: The GenericFunction 'flatten' is already registered and is going to be overridden.
  functions.register_function("flatten", flatten)
[2026-02-26T00:12:21.922+0000] {logging_mixin.py:190} INFO - [2026-02-26T00:12:21.921+0000] {warnings.py:109} WARNING - /opt/airflow/dags/weather_pipeline_dag.py:39: RemovedInAirflow3Warning: Param `schedule_interval` is deprecated and will be removed in a future release. Please use `schedule` instead. 
  with DAG(
[2026-02-26T00:12:21.926+0000] {logging_mixin.py:190} INFO - [2026-02-26T00:12:21.926+0000] {warnings.py:109} WARNING - /opt/airflow/dags/weather_pipeline_dag.py:48: RemovedInAirflow3Warning: provide_context is deprecated as of 2.0 and is no longer required
  extract = PythonOperator(
[2026-02-26T00:12:21.929+0000] {logging_mixin.py:190} INFO - [2026-02-26T00:12:21.929+0000] {warnings.py:109} WARNING - /opt/airflow/dags/weather_pipeline_dag.py:54: RemovedInAirflow3Warning: provide_context is deprecated as of 2.0 and is no longer required
  transform = PythonOperator(
[2026-02-26T00:12:21.931+0000] {logging_mixin.py:190} INFO - [2026-02-26T00:12:21.930+0000] {warnings.py:109} WARNING - /opt/airflow/dags/weather_pipeline_dag.py:60: RemovedInAirflow3Warning: provide_context is deprecated as of 2.0 and is no longer required
  validate = PythonOperator(
[2026-02-26T00:12:21.932+0000] {logging_mixin.py:190} INFO - [2026-02-26T00:12:21.932+0000] {warnings.py:109} WARNING - /opt/airflow/dags/weather_pipeline_dag.py:66: RemovedInAirflow3Warning: provide_context is deprecated as of 2.0 and is no longer required
  load = PythonOperator(
[2026-02-26T00:12:21.940+0000] {processor.py:925} INFO - DAG(s) 'weather_etl_pipeline' retrieved from /opt/airflow/dags/weather_pipeline_dag.py
[2026-02-26T00:12:22.006+0000] {logging_mixin.py:190} INFO - 2026-02-26 00:12:22,006 | INFO | airflow.models.dag | Sync 1 DAGs
[2026-02-26T00:12:22.008+0000] {logging_mixin.py:190} INFO - [2026-02-26T00:12:22.006+0000] {dag.py:3239} INFO - Sync 1 DAGs
[2026-02-26T00:12:22.051+0000] {logging_mixin.py:190} INFO - 2026-02-26 00:12:22,051 | INFO | airflow.models.dag | Setting next_dagrun for weather_etl_pipeline to 2026-02-25 23:00:00+00:00, run_after=2026-02-26 00:00:00+00:00
[2026-02-26T00:12:22.052+0000] {logging_mixin.py:190} INFO - [2026-02-26T00:12:22.051+0000] {dag.py:4180} INFO - Setting next_dagrun for weather_etl_pipeline to 2026-02-25 23:00:00+00:00, run_after=2026-02-26 00:00:00+00:00
[2026-02-26T00:12:22.093+0000] {processor.py:208} INFO - Processing /opt/airflow/dags/weather_pipeline_dag.py took 5.745 seconds
[2026-02-26T00:12:52.480+0000] {processor.py:186} INFO - Started process (PID=7480) to work on /opt/airflow/dags/weather_pipeline_dag.py
[2026-02-26T00:12:52.484+0000] {processor.py:914} INFO - Processing file /opt/airflow/dags/weather_pipeline_dag.py for tasks to queue
[2026-02-26T00:12:52.488+0000] {logging_mixin.py:190} INFO - [2026-02-26T00:12:52.487+0000] {dagbag.py:588} INFO - Filling up the DagBag from /opt/airflow/dags/weather_pipeline_dag.py
[2026-02-26T00:12:57.693+0000] {logging_mixin.py:190} INFO - [2026-02-26T00:12:57.692+0000] {warnings.py:109} WARNING - /home/airflow/.local/lib/python3.10/site-packages/snowflake/sqlalchemy/base.py:1068: SAWarning: The GenericFunction 'flatten' is already registered and is going to be overridden.
  functions.register_function("flatten", flatten)
[2026-02-26T00:12:58.677+0000] {logging_mixin.py:190} INFO - [2026-02-26T00:12:58.677+0000] {warnings.py:109} WARNING - /opt/airflow/dags/weather_pipeline_dag.py:39: RemovedInAirflow3Warning: Param `schedule_interval` is deprecated and will be removed in a future release. Please use `schedule` instead. 
  with DAG(
[2026-02-26T00:12:58.682+0000] {logging_mixin.py:190} INFO - [2026-02-26T00:12:58.681+0000] {warnings.py:109} WARNING - /opt/airflow/dags/weather_pipeline_dag.py:48: RemovedInAirflow3Warning: provide_context is deprecated as of 2.0 and is no longer required
  extract = PythonOperator(
[2026-02-26T00:12:58.684+0000] {logging_mixin.py:190} INFO - [2026-02-26T00:12:58.684+0000] {warnings.py:109} WARNING - /opt/airflow/dags/weather_pipeline_dag.py:54: RemovedInAirflow3Warning: provide_context is deprecated as of 2.0 and is no longer required
  transform = PythonOperator(
[2026-02-26T00:12:58.686+0000] {logging_mixin.py:190} INFO - [2026-02-26T00:12:58.686+0000] {warnings.py:109} WARNING - /opt/airflow/dags/weather_pipeline_dag.py:60: RemovedInAirflow3Warning: provide_context is deprecated as of 2.0 and is no longer required
  validate = PythonOperator(
[2026-02-26T00:12:58.688+0000] {logging_mixin.py:190} INFO - [2026-02-26T00:12:58.687+0000] {warnings.py:109} WARNING - /opt/airflow/dags/weather_pipeline_dag.py:66: RemovedInAirflow3Warning: provide_context is deprecated as of 2.0 and is no longer required
  load = PythonOperator(
[2026-02-26T00:12:58.696+0000] {processor.py:925} INFO - DAG(s) 'weather_etl_pipeline' retrieved from /opt/airflow/dags/weather_pipeline_dag.py
[2026-02-26T00:12:58.755+0000] {logging_mixin.py:190} INFO - 2026-02-26 00:12:58,754 | INFO | airflow.models.dag | Sync 1 DAGs
[2026-02-26T00:12:58.756+0000] {logging_mixin.py:190} INFO - [2026-02-26T00:12:58.754+0000] {dag.py:3239} INFO - Sync 1 DAGs
[2026-02-26T00:12:58.799+0000] {logging_mixin.py:190} INFO - 2026-02-26 00:12:58,799 | INFO | airflow.models.dag | Setting next_dagrun for weather_etl_pipeline to 2026-02-25 23:00:00+00:00, run_after=2026-02-26 00:00:00+00:00
[2026-02-26T00:12:58.800+0000] {logging_mixin.py:190} INFO - [2026-02-26T00:12:58.799+0000] {dag.py:4180} INFO - Setting next_dagrun for weather_etl_pipeline to 2026-02-25 23:00:00+00:00, run_after=2026-02-26 00:00:00+00:00
[2026-02-26T00:12:58.843+0000] {processor.py:208} INFO - Processing /opt/airflow/dags/weather_pipeline_dag.py took 6.380 seconds
[2026-02-26T00:13:29.217+0000] {processor.py:186} INFO - Started process (PID=7502) to work on /opt/airflow/dags/weather_pipeline_dag.py
[2026-02-26T00:13:29.239+0000] {processor.py:914} INFO - Processing file /opt/airflow/dags/weather_pipeline_dag.py for tasks to queue
[2026-02-26T00:13:29.244+0000] {logging_mixin.py:190} INFO - [2026-02-26T00:13:29.242+0000] {dagbag.py:588} INFO - Filling up the DagBag from /opt/airflow/dags/weather_pipeline_dag.py
[2026-02-26T00:13:33.459+0000] {logging_mixin.py:190} INFO - [2026-02-26T00:13:33.458+0000] {warnings.py:109} WARNING - /home/airflow/.local/lib/python3.10/site-packages/snowflake/sqlalchemy/base.py:1068: SAWarning: The GenericFunction 'flatten' is already registered and is going to be overridden.
  functions.register_function("flatten", flatten)
[2026-02-26T00:13:34.306+0000] {logging_mixin.py:190} INFO - [2026-02-26T00:13:34.305+0000] {warnings.py:109} WARNING - /opt/airflow/dags/weather_pipeline_dag.py:39: RemovedInAirflow3Warning: Param `schedule_interval` is deprecated and will be removed in a future release. Please use `schedule` instead. 
  with DAG(
[2026-02-26T00:13:34.310+0000] {logging_mixin.py:190} INFO - [2026-02-26T00:13:34.310+0000] {warnings.py:109} WARNING - /opt/airflow/dags/weather_pipeline_dag.py:48: RemovedInAirflow3Warning: provide_context is deprecated as of 2.0 and is no longer required
  extract = PythonOperator(
[2026-02-26T00:13:34.312+0000] {logging_mixin.py:190} INFO - [2026-02-26T00:13:34.312+0000] {warnings.py:109} WARNING - /opt/airflow/dags/weather_pipeline_dag.py:54: RemovedInAirflow3Warning: provide_context is deprecated as of 2.0 and is no longer required
  transform = PythonOperator(
[2026-02-26T00:13:34.314+0000] {logging_mixin.py:190} INFO - [2026-02-26T00:13:34.313+0000] {warnings.py:109} WARNING - /opt/airflow/dags/weather_pipeline_dag.py:60: RemovedInAirflow3Warning: provide_context is deprecated as of 2.0 and is no longer required
  validate = PythonOperator(
[2026-02-26T00:13:34.316+0000] {logging_mixin.py:190} INFO - [2026-02-26T00:13:34.315+0000] {warnings.py:109} WARNING - /opt/airflow/dags/weather_pipeline_dag.py:66: RemovedInAirflow3Warning: provide_context is deprecated as of 2.0 and is no longer required
  load = PythonOperator(
[2026-02-26T00:13:34.322+0000] {processor.py:925} INFO - DAG(s) 'weather_etl_pipeline' retrieved from /opt/airflow/dags/weather_pipeline_dag.py
[2026-02-26T00:13:34.378+0000] {logging_mixin.py:190} INFO - 2026-02-26 00:13:34,378 | INFO | airflow.models.dag | Sync 1 DAGs
[2026-02-26T00:13:34.379+0000] {logging_mixin.py:190} INFO - [2026-02-26T00:13:34.378+0000] {dag.py:3239} INFO - Sync 1 DAGs
[2026-02-26T00:13:34.414+0000] {logging_mixin.py:190} INFO - 2026-02-26 00:13:34,414 | INFO | airflow.models.dag | Setting next_dagrun for weather_etl_pipeline to 2026-02-25 23:00:00+00:00, run_after=2026-02-26 00:00:00+00:00
[2026-02-26T00:13:34.415+0000] {logging_mixin.py:190} INFO - [2026-02-26T00:13:34.414+0000] {dag.py:4180} INFO - Setting next_dagrun for weather_etl_pipeline to 2026-02-25 23:00:00+00:00, run_after=2026-02-26 00:00:00+00:00
[2026-02-26T00:13:34.454+0000] {processor.py:208} INFO - Processing /opt/airflow/dags/weather_pipeline_dag.py took 5.258 seconds
[2026-02-26T00:14:04.838+0000] {processor.py:186} INFO - Started process (PID=7524) to work on /opt/airflow/dags/weather_pipeline_dag.py
[2026-02-26T00:14:04.841+0000] {processor.py:914} INFO - Processing file /opt/airflow/dags/weather_pipeline_dag.py for tasks to queue
[2026-02-26T00:14:04.843+0000] {logging_mixin.py:190} INFO - [2026-02-26T00:14:04.843+0000] {dagbag.py:588} INFO - Filling up the DagBag from /opt/airflow/dags/weather_pipeline_dag.py
[2026-02-26T00:14:08.455+0000] {logging_mixin.py:190} INFO - [2026-02-26T00:14:08.455+0000] {warnings.py:109} WARNING - /home/airflow/.local/lib/python3.10/site-packages/snowflake/sqlalchemy/base.py:1068: SAWarning: The GenericFunction 'flatten' is already registered and is going to be overridden.
  functions.register_function("flatten", flatten)
[2026-02-26T00:14:09.470+0000] {logging_mixin.py:190} INFO - [2026-02-26T00:14:09.470+0000] {warnings.py:109} WARNING - /opt/airflow/dags/weather_pipeline_dag.py:39: RemovedInAirflow3Warning: Param `schedule_interval` is deprecated and will be removed in a future release. Please use `schedule` instead. 
  with DAG(
[2026-02-26T00:14:09.474+0000] {logging_mixin.py:190} INFO - [2026-02-26T00:14:09.474+0000] {warnings.py:109} WARNING - /opt/airflow/dags/weather_pipeline_dag.py:48: RemovedInAirflow3Warning: provide_context is deprecated as of 2.0 and is no longer required
  extract = PythonOperator(
[2026-02-26T00:14:09.476+0000] {logging_mixin.py:190} INFO - [2026-02-26T00:14:09.476+0000] {warnings.py:109} WARNING - /opt/airflow/dags/weather_pipeline_dag.py:54: RemovedInAirflow3Warning: provide_context is deprecated as of 2.0 and is no longer required
  transform = PythonOperator(
[2026-02-26T00:14:09.478+0000] {logging_mixin.py:190} INFO - [2026-02-26T00:14:09.477+0000] {warnings.py:109} WARNING - /opt/airflow/dags/weather_pipeline_dag.py:60: RemovedInAirflow3Warning: provide_context is deprecated as of 2.0 and is no longer required
  validate = PythonOperator(
[2026-02-26T00:14:09.479+0000] {logging_mixin.py:190} INFO - [2026-02-26T00:14:09.479+0000] {warnings.py:109} WARNING - /opt/airflow/dags/weather_pipeline_dag.py:66: RemovedInAirflow3Warning: provide_context is deprecated as of 2.0 and is no longer required
  load = PythonOperator(
[2026-02-26T00:14:09.487+0000] {processor.py:925} INFO - DAG(s) 'weather_etl_pipeline' retrieved from /opt/airflow/dags/weather_pipeline_dag.py
[2026-02-26T00:14:09.537+0000] {logging_mixin.py:190} INFO - 2026-02-26 00:14:09,537 | INFO | airflow.models.dag | Sync 1 DAGs
[2026-02-26T00:14:09.538+0000] {logging_mixin.py:190} INFO - [2026-02-26T00:14:09.537+0000] {dag.py:3239} INFO - Sync 1 DAGs
[2026-02-26T00:14:09.574+0000] {logging_mixin.py:190} INFO - 2026-02-26 00:14:09,574 | INFO | airflow.models.dag | Setting next_dagrun for weather_etl_pipeline to 2026-02-25 23:00:00+00:00, run_after=2026-02-26 00:00:00+00:00
[2026-02-26T00:14:09.575+0000] {logging_mixin.py:190} INFO - [2026-02-26T00:14:09.574+0000] {dag.py:4180} INFO - Setting next_dagrun for weather_etl_pipeline to 2026-02-25 23:00:00+00:00, run_after=2026-02-26 00:00:00+00:00
[2026-02-26T00:14:09.608+0000] {processor.py:208} INFO - Processing /opt/airflow/dags/weather_pipeline_dag.py took 4.595 seconds
[2026-02-26T00:14:40.271+0000] {processor.py:186} INFO - Started process (PID=7546) to work on /opt/airflow/dags/weather_pipeline_dag.py
[2026-02-26T00:14:40.274+0000] {processor.py:914} INFO - Processing file /opt/airflow/dags/weather_pipeline_dag.py for tasks to queue
[2026-02-26T00:14:40.278+0000] {logging_mixin.py:190} INFO - [2026-02-26T00:14:40.277+0000] {dagbag.py:588} INFO - Filling up the DagBag from /opt/airflow/dags/weather_pipeline_dag.py
[2026-02-26T00:14:44.560+0000] {logging_mixin.py:190} INFO - [2026-02-26T00:14:44.559+0000] {warnings.py:109} WARNING - /home/airflow/.local/lib/python3.10/site-packages/snowflake/sqlalchemy/base.py:1068: SAWarning: The GenericFunction 'flatten' is already registered and is going to be overridden.
  functions.register_function("flatten", flatten)
[2026-02-26T00:14:45.378+0000] {logging_mixin.py:190} INFO - [2026-02-26T00:14:45.377+0000] {warnings.py:109} WARNING - /opt/airflow/dags/weather_pipeline_dag.py:39: RemovedInAirflow3Warning: Param `schedule_interval` is deprecated and will be removed in a future release. Please use `schedule` instead. 
  with DAG(
[2026-02-26T00:14:45.382+0000] {logging_mixin.py:190} INFO - [2026-02-26T00:14:45.381+0000] {warnings.py:109} WARNING - /opt/airflow/dags/weather_pipeline_dag.py:48: RemovedInAirflow3Warning: provide_context is deprecated as of 2.0 and is no longer required
  extract = PythonOperator(
[2026-02-26T00:14:45.384+0000] {logging_mixin.py:190} INFO - [2026-02-26T00:14:45.384+0000] {warnings.py:109} WARNING - /opt/airflow/dags/weather_pipeline_dag.py:54: RemovedInAirflow3Warning: provide_context is deprecated as of 2.0 and is no longer required
  transform = PythonOperator(
[2026-02-26T00:14:45.385+0000] {logging_mixin.py:190} INFO - [2026-02-26T00:14:45.385+0000] {warnings.py:109} WARNING - /opt/airflow/dags/weather_pipeline_dag.py:60: RemovedInAirflow3Warning: provide_context is deprecated as of 2.0 and is no longer required
  validate = PythonOperator(
[2026-02-26T00:14:45.387+0000] {logging_mixin.py:190} INFO - [2026-02-26T00:14:45.387+0000] {warnings.py:109} WARNING - /opt/airflow/dags/weather_pipeline_dag.py:66: RemovedInAirflow3Warning: provide_context is deprecated as of 2.0 and is no longer required
  load = PythonOperator(
[2026-02-26T00:14:45.395+0000] {processor.py:925} INFO - DAG(s) 'weather_etl_pipeline' retrieved from /opt/airflow/dags/weather_pipeline_dag.py
[2026-02-26T00:14:45.450+0000] {logging_mixin.py:190} INFO - 2026-02-26 00:14:45,450 | INFO | airflow.models.dag | Sync 1 DAGs
[2026-02-26T00:14:45.452+0000] {logging_mixin.py:190} INFO - [2026-02-26T00:14:45.450+0000] {dag.py:3239} INFO - Sync 1 DAGs
[2026-02-26T00:14:45.498+0000] {logging_mixin.py:190} INFO - 2026-02-26 00:14:45,498 | INFO | airflow.models.dag | Setting next_dagrun for weather_etl_pipeline to 2026-02-25 23:00:00+00:00, run_after=2026-02-26 00:00:00+00:00
[2026-02-26T00:14:45.500+0000] {logging_mixin.py:190} INFO - [2026-02-26T00:14:45.498+0000] {dag.py:4180} INFO - Setting next_dagrun for weather_etl_pipeline to 2026-02-25 23:00:00+00:00, run_after=2026-02-26 00:00:00+00:00
[2026-02-26T00:14:45.533+0000] {processor.py:208} INFO - Processing /opt/airflow/dags/weather_pipeline_dag.py took 5.279 seconds
[2026-02-26T00:15:15.847+0000] {processor.py:186} INFO - Started process (PID=7568) to work on /opt/airflow/dags/weather_pipeline_dag.py
[2026-02-26T00:15:15.850+0000] {processor.py:914} INFO - Processing file /opt/airflow/dags/weather_pipeline_dag.py for tasks to queue
[2026-02-26T00:15:15.853+0000] {logging_mixin.py:190} INFO - [2026-02-26T00:15:15.853+0000] {dagbag.py:588} INFO - Filling up the DagBag from /opt/airflow/dags/weather_pipeline_dag.py
[2026-02-26T00:15:20.042+0000] {logging_mixin.py:190} INFO - [2026-02-26T00:15:20.041+0000] {warnings.py:109} WARNING - /home/airflow/.local/lib/python3.10/site-packages/snowflake/sqlalchemy/base.py:1068: SAWarning: The GenericFunction 'flatten' is already registered and is going to be overridden.
  functions.register_function("flatten", flatten)
[2026-02-26T00:15:20.886+0000] {logging_mixin.py:190} INFO - [2026-02-26T00:15:20.886+0000] {warnings.py:109} WARNING - /opt/airflow/dags/weather_pipeline_dag.py:39: RemovedInAirflow3Warning: Param `schedule_interval` is deprecated and will be removed in a future release. Please use `schedule` instead. 
  with DAG(
[2026-02-26T00:15:20.890+0000] {logging_mixin.py:190} INFO - [2026-02-26T00:15:20.890+0000] {warnings.py:109} WARNING - /opt/airflow/dags/weather_pipeline_dag.py:48: RemovedInAirflow3Warning: provide_context is deprecated as of 2.0 and is no longer required
  extract = PythonOperator(
[2026-02-26T00:15:20.893+0000] {logging_mixin.py:190} INFO - [2026-02-26T00:15:20.892+0000] {warnings.py:109} WARNING - /opt/airflow/dags/weather_pipeline_dag.py:54: RemovedInAirflow3Warning: provide_context is deprecated as of 2.0 and is no longer required
  transform = PythonOperator(
[2026-02-26T00:15:20.894+0000] {logging_mixin.py:190} INFO - [2026-02-26T00:15:20.894+0000] {warnings.py:109} WARNING - /opt/airflow/dags/weather_pipeline_dag.py:60: RemovedInAirflow3Warning: provide_context is deprecated as of 2.0 and is no longer required
  validate = PythonOperator(
[2026-02-26T00:15:20.896+0000] {logging_mixin.py:190} INFO - [2026-02-26T00:15:20.895+0000] {warnings.py:109} WARNING - /opt/airflow/dags/weather_pipeline_dag.py:66: RemovedInAirflow3Warning: provide_context is deprecated as of 2.0 and is no longer required
  load = PythonOperator(
[2026-02-26T00:15:20.904+0000] {processor.py:925} INFO - DAG(s) 'weather_etl_pipeline' retrieved from /opt/airflow/dags/weather_pipeline_dag.py
[2026-02-26T00:15:20.969+0000] {logging_mixin.py:190} INFO - 2026-02-26 00:15:20,969 | INFO | airflow.models.dag | Sync 1 DAGs
[2026-02-26T00:15:20.970+0000] {logging_mixin.py:190} INFO - [2026-02-26T00:15:20.969+0000] {dag.py:3239} INFO - Sync 1 DAGs
[2026-02-26T00:15:21.017+0000] {logging_mixin.py:190} INFO - 2026-02-26 00:15:21,017 | INFO | airflow.models.dag | Setting next_dagrun for weather_etl_pipeline to 2026-02-25 23:00:00+00:00, run_after=2026-02-26 00:00:00+00:00
[2026-02-26T00:15:21.019+0000] {logging_mixin.py:190} INFO - [2026-02-26T00:15:21.017+0000] {dag.py:4180} INFO - Setting next_dagrun for weather_etl_pipeline to 2026-02-25 23:00:00+00:00, run_after=2026-02-26 00:00:00+00:00
[2026-02-26T00:15:21.064+0000] {processor.py:208} INFO - Processing /opt/airflow/dags/weather_pipeline_dag.py took 5.233 seconds
[2026-02-26T00:15:51.979+0000] {processor.py:186} INFO - Started process (PID=7590) to work on /opt/airflow/dags/weather_pipeline_dag.py
[2026-02-26T00:15:51.983+0000] {processor.py:914} INFO - Processing file /opt/airflow/dags/weather_pipeline_dag.py for tasks to queue
[2026-02-26T00:15:51.986+0000] {logging_mixin.py:190} INFO - [2026-02-26T00:15:51.985+0000] {dagbag.py:588} INFO - Filling up the DagBag from /opt/airflow/dags/weather_pipeline_dag.py
[2026-02-26T00:15:56.990+0000] {logging_mixin.py:190} INFO - [2026-02-26T00:15:56.988+0000] {warnings.py:109} WARNING - /home/airflow/.local/lib/python3.10/site-packages/snowflake/sqlalchemy/base.py:1068: SAWarning: The GenericFunction 'flatten' is already registered and is going to be overridden.
  functions.register_function("flatten", flatten)
[2026-02-26T00:15:58.090+0000] {logging_mixin.py:190} INFO - [2026-02-26T00:15:58.089+0000] {warnings.py:109} WARNING - /opt/airflow/dags/weather_pipeline_dag.py:39: RemovedInAirflow3Warning: Param `schedule_interval` is deprecated and will be removed in a future release. Please use `schedule` instead. 
  with DAG(
[2026-02-26T00:15:58.094+0000] {logging_mixin.py:190} INFO - [2026-02-26T00:15:58.094+0000] {warnings.py:109} WARNING - /opt/airflow/dags/weather_pipeline_dag.py:48: RemovedInAirflow3Warning: provide_context is deprecated as of 2.0 and is no longer required
  extract = PythonOperator(
[2026-02-26T00:15:58.096+0000] {logging_mixin.py:190} INFO - [2026-02-26T00:15:58.096+0000] {warnings.py:109} WARNING - /opt/airflow/dags/weather_pipeline_dag.py:54: RemovedInAirflow3Warning: provide_context is deprecated as of 2.0 and is no longer required
  transform = PythonOperator(
[2026-02-26T00:15:58.098+0000] {logging_mixin.py:190} INFO - [2026-02-26T00:15:58.097+0000] {warnings.py:109} WARNING - /opt/airflow/dags/weather_pipeline_dag.py:60: RemovedInAirflow3Warning: provide_context is deprecated as of 2.0 and is no longer required
  validate = PythonOperator(
[2026-02-26T00:15:58.099+0000] {logging_mixin.py:190} INFO - [2026-02-26T00:15:58.099+0000] {warnings.py:109} WARNING - /opt/airflow/dags/weather_pipeline_dag.py:66: RemovedInAirflow3Warning: provide_context is deprecated as of 2.0 and is no longer required
  load = PythonOperator(
[2026-02-26T00:15:58.108+0000] {processor.py:925} INFO - DAG(s) 'weather_etl_pipeline' retrieved from /opt/airflow/dags/weather_pipeline_dag.py
[2026-02-26T00:15:58.165+0000] {logging_mixin.py:190} INFO - 2026-02-26 00:15:58,164 | INFO | airflow.models.dag | Sync 1 DAGs
[2026-02-26T00:15:58.166+0000] {logging_mixin.py:190} INFO - [2026-02-26T00:15:58.164+0000] {dag.py:3239} INFO - Sync 1 DAGs
[2026-02-26T00:15:58.204+0000] {logging_mixin.py:190} INFO - 2026-02-26 00:15:58,204 | INFO | airflow.models.dag | Setting next_dagrun for weather_etl_pipeline to 2026-02-25 23:00:00+00:00, run_after=2026-02-26 00:00:00+00:00
[2026-02-26T00:15:58.205+0000] {logging_mixin.py:190} INFO - [2026-02-26T00:15:58.204+0000] {dag.py:4180} INFO - Setting next_dagrun for weather_etl_pipeline to 2026-02-25 23:00:00+00:00, run_after=2026-02-26 00:00:00+00:00
[2026-02-26T00:15:58.239+0000] {processor.py:208} INFO - Processing /opt/airflow/dags/weather_pipeline_dag.py took 6.274 seconds
[2026-02-26T00:16:28.712+0000] {processor.py:186} INFO - Started process (PID=7612) to work on /opt/airflow/dags/weather_pipeline_dag.py
[2026-02-26T00:16:28.715+0000] {processor.py:914} INFO - Processing file /opt/airflow/dags/weather_pipeline_dag.py for tasks to queue
[2026-02-26T00:16:28.719+0000] {logging_mixin.py:190} INFO - [2026-02-26T00:16:28.718+0000] {dagbag.py:588} INFO - Filling up the DagBag from /opt/airflow/dags/weather_pipeline_dag.py
[2026-02-26T00:16:33.915+0000] {logging_mixin.py:190} INFO - [2026-02-26T00:16:33.914+0000] {warnings.py:109} WARNING - /home/airflow/.local/lib/python3.10/site-packages/snowflake/sqlalchemy/base.py:1068: SAWarning: The GenericFunction 'flatten' is already registered and is going to be overridden.
  functions.register_function("flatten", flatten)
[2026-02-26T00:16:34.899+0000] {logging_mixin.py:190} INFO - [2026-02-26T00:16:34.898+0000] {warnings.py:109} WARNING - /opt/airflow/dags/weather_pipeline_dag.py:39: RemovedInAirflow3Warning: Param `schedule_interval` is deprecated and will be removed in a future release. Please use `schedule` instead. 
  with DAG(
[2026-02-26T00:16:34.903+0000] {logging_mixin.py:190} INFO - [2026-02-26T00:16:34.903+0000] {warnings.py:109} WARNING - /opt/airflow/dags/weather_pipeline_dag.py:48: RemovedInAirflow3Warning: provide_context is deprecated as of 2.0 and is no longer required
  extract = PythonOperator(
[2026-02-26T00:16:34.905+0000] {logging_mixin.py:190} INFO - [2026-02-26T00:16:34.905+0000] {warnings.py:109} WARNING - /opt/airflow/dags/weather_pipeline_dag.py:54: RemovedInAirflow3Warning: provide_context is deprecated as of 2.0 and is no longer required
  transform = PythonOperator(
[2026-02-26T00:16:34.907+0000] {logging_mixin.py:190} INFO - [2026-02-26T00:16:34.907+0000] {warnings.py:109} WARNING - /opt/airflow/dags/weather_pipeline_dag.py:60: RemovedInAirflow3Warning: provide_context is deprecated as of 2.0 and is no longer required
  validate = PythonOperator(
[2026-02-26T00:16:34.909+0000] {logging_mixin.py:190} INFO - [2026-02-26T00:16:34.908+0000] {warnings.py:109} WARNING - /opt/airflow/dags/weather_pipeline_dag.py:66: RemovedInAirflow3Warning: provide_context is deprecated as of 2.0 and is no longer required
  load = PythonOperator(
[2026-02-26T00:16:34.918+0000] {processor.py:925} INFO - DAG(s) 'weather_etl_pipeline' retrieved from /opt/airflow/dags/weather_pipeline_dag.py
[2026-02-26T00:16:34.973+0000] {logging_mixin.py:190} INFO - 2026-02-26 00:16:34,973 | INFO | airflow.models.dag | Sync 1 DAGs
[2026-02-26T00:16:34.974+0000] {logging_mixin.py:190} INFO - [2026-02-26T00:16:34.973+0000] {dag.py:3239} INFO - Sync 1 DAGs
[2026-02-26T00:16:35.013+0000] {logging_mixin.py:190} INFO - 2026-02-26 00:16:35,012 | INFO | airflow.models.dag | Setting next_dagrun for weather_etl_pipeline to 2026-02-25 23:00:00+00:00, run_after=2026-02-26 00:00:00+00:00
[2026-02-26T00:16:35.014+0000] {logging_mixin.py:190} INFO - [2026-02-26T00:16:35.012+0000] {dag.py:4180} INFO - Setting next_dagrun for weather_etl_pipeline to 2026-02-25 23:00:00+00:00, run_after=2026-02-26 00:00:00+00:00
[2026-02-26T00:16:35.061+0000] {processor.py:208} INFO - Processing /opt/airflow/dags/weather_pipeline_dag.py took 6.369 seconds
[2026-02-26T00:17:05.392+0000] {processor.py:186} INFO - Started process (PID=7634) to work on /opt/airflow/dags/weather_pipeline_dag.py
[2026-02-26T00:17:05.396+0000] {processor.py:914} INFO - Processing file /opt/airflow/dags/weather_pipeline_dag.py for tasks to queue
[2026-02-26T00:17:05.399+0000] {logging_mixin.py:190} INFO - [2026-02-26T00:17:05.399+0000] {dagbag.py:588} INFO - Filling up the DagBag from /opt/airflow/dags/weather_pipeline_dag.py
[2026-02-26T00:17:10.635+0000] {logging_mixin.py:190} INFO - [2026-02-26T00:17:10.634+0000] {warnings.py:109} WARNING - /home/airflow/.local/lib/python3.10/site-packages/snowflake/sqlalchemy/base.py:1068: SAWarning: The GenericFunction 'flatten' is already registered and is going to be overridden.
  functions.register_function("flatten", flatten)
[2026-02-26T00:17:11.811+0000] {logging_mixin.py:190} INFO - [2026-02-26T00:17:11.810+0000] {warnings.py:109} WARNING - /opt/airflow/dags/weather_pipeline_dag.py:39: RemovedInAirflow3Warning: Param `schedule_interval` is deprecated and will be removed in a future release. Please use `schedule` instead. 
  with DAG(
[2026-02-26T00:17:11.816+0000] {logging_mixin.py:190} INFO - [2026-02-26T00:17:11.816+0000] {warnings.py:109} WARNING - /opt/airflow/dags/weather_pipeline_dag.py:48: RemovedInAirflow3Warning: provide_context is deprecated as of 2.0 and is no longer required
  extract = PythonOperator(
[2026-02-26T00:17:11.819+0000] {logging_mixin.py:190} INFO - [2026-02-26T00:17:11.818+0000] {warnings.py:109} WARNING - /opt/airflow/dags/weather_pipeline_dag.py:54: RemovedInAirflow3Warning: provide_context is deprecated as of 2.0 and is no longer required
  transform = PythonOperator(
[2026-02-26T00:17:11.821+0000] {logging_mixin.py:190} INFO - [2026-02-26T00:17:11.820+0000] {warnings.py:109} WARNING - /opt/airflow/dags/weather_pipeline_dag.py:60: RemovedInAirflow3Warning: provide_context is deprecated as of 2.0 and is no longer required
  validate = PythonOperator(
[2026-02-26T00:17:11.822+0000] {logging_mixin.py:190} INFO - [2026-02-26T00:17:11.822+0000] {warnings.py:109} WARNING - /opt/airflow/dags/weather_pipeline_dag.py:66: RemovedInAirflow3Warning: provide_context is deprecated as of 2.0 and is no longer required
  load = PythonOperator(
[2026-02-26T00:17:11.832+0000] {processor.py:925} INFO - DAG(s) 'weather_etl_pipeline' retrieved from /opt/airflow/dags/weather_pipeline_dag.py
[2026-02-26T00:17:11.899+0000] {logging_mixin.py:190} INFO - 2026-02-26 00:17:11,898 | INFO | airflow.models.dag | Sync 1 DAGs
[2026-02-26T00:17:11.900+0000] {logging_mixin.py:190} INFO - [2026-02-26T00:17:11.898+0000] {dag.py:3239} INFO - Sync 1 DAGs
[2026-02-26T00:17:11.949+0000] {logging_mixin.py:190} INFO - 2026-02-26 00:17:11,948 | INFO | airflow.models.dag | Setting next_dagrun for weather_etl_pipeline to 2026-02-25 23:00:00+00:00, run_after=2026-02-26 00:00:00+00:00
[2026-02-26T00:17:11.950+0000] {logging_mixin.py:190} INFO - [2026-02-26T00:17:11.948+0000] {dag.py:4180} INFO - Setting next_dagrun for weather_etl_pipeline to 2026-02-25 23:00:00+00:00, run_after=2026-02-26 00:00:00+00:00
[2026-02-26T00:17:11.997+0000] {processor.py:208} INFO - Processing /opt/airflow/dags/weather_pipeline_dag.py took 6.602 seconds
[2026-02-26T00:17:42.296+0000] {processor.py:186} INFO - Started process (PID=7656) to work on /opt/airflow/dags/weather_pipeline_dag.py
[2026-02-26T00:17:42.299+0000] {processor.py:914} INFO - Processing file /opt/airflow/dags/weather_pipeline_dag.py for tasks to queue
[2026-02-26T00:17:42.303+0000] {logging_mixin.py:190} INFO - [2026-02-26T00:17:42.302+0000] {dagbag.py:588} INFO - Filling up the DagBag from /opt/airflow/dags/weather_pipeline_dag.py
[2026-02-26T00:17:46.985+0000] {logging_mixin.py:190} INFO - [2026-02-26T00:17:46.984+0000] {warnings.py:109} WARNING - /home/airflow/.local/lib/python3.10/site-packages/snowflake/sqlalchemy/base.py:1068: SAWarning: The GenericFunction 'flatten' is already registered and is going to be overridden.
  functions.register_function("flatten", flatten)
[2026-02-26T00:17:47.798+0000] {logging_mixin.py:190} INFO - [2026-02-26T00:17:47.798+0000] {warnings.py:109} WARNING - /opt/airflow/dags/weather_pipeline_dag.py:39: RemovedInAirflow3Warning: Param `schedule_interval` is deprecated and will be removed in a future release. Please use `schedule` instead. 
  with DAG(
[2026-02-26T00:17:47.802+0000] {logging_mixin.py:190} INFO - [2026-02-26T00:17:47.802+0000] {warnings.py:109} WARNING - /opt/airflow/dags/weather_pipeline_dag.py:48: RemovedInAirflow3Warning: provide_context is deprecated as of 2.0 and is no longer required
  extract = PythonOperator(
[2026-02-26T00:17:47.804+0000] {logging_mixin.py:190} INFO - [2026-02-26T00:17:47.804+0000] {warnings.py:109} WARNING - /opt/airflow/dags/weather_pipeline_dag.py:54: RemovedInAirflow3Warning: provide_context is deprecated as of 2.0 and is no longer required
  transform = PythonOperator(
[2026-02-26T00:17:47.806+0000] {logging_mixin.py:190} INFO - [2026-02-26T00:17:47.805+0000] {warnings.py:109} WARNING - /opt/airflow/dags/weather_pipeline_dag.py:60: RemovedInAirflow3Warning: provide_context is deprecated as of 2.0 and is no longer required
  validate = PythonOperator(
[2026-02-26T00:17:47.807+0000] {logging_mixin.py:190} INFO - [2026-02-26T00:17:47.807+0000] {warnings.py:109} WARNING - /opt/airflow/dags/weather_pipeline_dag.py:66: RemovedInAirflow3Warning: provide_context is deprecated as of 2.0 and is no longer required
  load = PythonOperator(
[2026-02-26T00:17:47.813+0000] {processor.py:925} INFO - DAG(s) 'weather_etl_pipeline' retrieved from /opt/airflow/dags/weather_pipeline_dag.py
[2026-02-26T00:17:47.857+0000] {logging_mixin.py:190} INFO - 2026-02-26 00:17:47,856 | INFO | airflow.models.dag | Sync 1 DAGs
[2026-02-26T00:17:47.858+0000] {logging_mixin.py:190} INFO - [2026-02-26T00:17:47.856+0000] {dag.py:3239} INFO - Sync 1 DAGs
[2026-02-26T00:17:47.898+0000] {logging_mixin.py:190} INFO - 2026-02-26 00:17:47,898 | INFO | airflow.models.dag | Setting next_dagrun for weather_etl_pipeline to 2026-02-25 23:00:00+00:00, run_after=2026-02-26 00:00:00+00:00
[2026-02-26T00:17:47.899+0000] {logging_mixin.py:190} INFO - [2026-02-26T00:17:47.898+0000] {dag.py:4180} INFO - Setting next_dagrun for weather_etl_pipeline to 2026-02-25 23:00:00+00:00, run_after=2026-02-26 00:00:00+00:00
[2026-02-26T00:17:47.947+0000] {processor.py:208} INFO - Processing /opt/airflow/dags/weather_pipeline_dag.py took 5.672 seconds
[2026-02-26T00:18:18.246+0000] {processor.py:186} INFO - Started process (PID=7678) to work on /opt/airflow/dags/weather_pipeline_dag.py
[2026-02-26T00:18:18.249+0000] {processor.py:914} INFO - Processing file /opt/airflow/dags/weather_pipeline_dag.py for tasks to queue
[2026-02-26T00:18:18.253+0000] {logging_mixin.py:190} INFO - [2026-02-26T00:18:18.252+0000] {dagbag.py:588} INFO - Filling up the DagBag from /opt/airflow/dags/weather_pipeline_dag.py
[2026-02-26T00:18:22.925+0000] {logging_mixin.py:190} INFO - [2026-02-26T00:18:22.924+0000] {warnings.py:109} WARNING - /home/airflow/.local/lib/python3.10/site-packages/snowflake/sqlalchemy/base.py:1068: SAWarning: The GenericFunction 'flatten' is already registered and is going to be overridden.
  functions.register_function("flatten", flatten)
[2026-02-26T00:18:23.821+0000] {logging_mixin.py:190} INFO - [2026-02-26T00:18:23.821+0000] {warnings.py:109} WARNING - /opt/airflow/dags/weather_pipeline_dag.py:39: RemovedInAirflow3Warning: Param `schedule_interval` is deprecated and will be removed in a future release. Please use `schedule` instead. 
  with DAG(
[2026-02-26T00:18:23.827+0000] {logging_mixin.py:190} INFO - [2026-02-26T00:18:23.827+0000] {warnings.py:109} WARNING - /opt/airflow/dags/weather_pipeline_dag.py:48: RemovedInAirflow3Warning: provide_context is deprecated as of 2.0 and is no longer required
  extract = PythonOperator(
[2026-02-26T00:18:23.830+0000] {logging_mixin.py:190} INFO - [2026-02-26T00:18:23.829+0000] {warnings.py:109} WARNING - /opt/airflow/dags/weather_pipeline_dag.py:54: RemovedInAirflow3Warning: provide_context is deprecated as of 2.0 and is no longer required
  transform = PythonOperator(
[2026-02-26T00:18:23.831+0000] {logging_mixin.py:190} INFO - [2026-02-26T00:18:23.831+0000] {warnings.py:109} WARNING - /opt/airflow/dags/weather_pipeline_dag.py:60: RemovedInAirflow3Warning: provide_context is deprecated as of 2.0 and is no longer required
  validate = PythonOperator(
[2026-02-26T00:18:23.833+0000] {logging_mixin.py:190} INFO - [2026-02-26T00:18:23.833+0000] {warnings.py:109} WARNING - /opt/airflow/dags/weather_pipeline_dag.py:66: RemovedInAirflow3Warning: provide_context is deprecated as of 2.0 and is no longer required
  load = PythonOperator(
[2026-02-26T00:18:23.843+0000] {processor.py:925} INFO - DAG(s) 'weather_etl_pipeline' retrieved from /opt/airflow/dags/weather_pipeline_dag.py
[2026-02-26T00:18:23.903+0000] {logging_mixin.py:190} INFO - 2026-02-26 00:18:23,902 | INFO | airflow.models.dag | Sync 1 DAGs
[2026-02-26T00:18:23.904+0000] {logging_mixin.py:190} INFO - [2026-02-26T00:18:23.902+0000] {dag.py:3239} INFO - Sync 1 DAGs
[2026-02-26T00:18:23.950+0000] {logging_mixin.py:190} INFO - 2026-02-26 00:18:23,950 | INFO | airflow.models.dag | Setting next_dagrun for weather_etl_pipeline to 2026-02-25 23:00:00+00:00, run_after=2026-02-26 00:00:00+00:00
[2026-02-26T00:18:23.951+0000] {logging_mixin.py:190} INFO - [2026-02-26T00:18:23.950+0000] {dag.py:4180} INFO - Setting next_dagrun for weather_etl_pipeline to 2026-02-25 23:00:00+00:00, run_after=2026-02-26 00:00:00+00:00
[2026-02-26T00:18:23.990+0000] {processor.py:208} INFO - Processing /opt/airflow/dags/weather_pipeline_dag.py took 5.761 seconds
[2026-02-26T00:18:54.612+0000] {processor.py:186} INFO - Started process (PID=7700) to work on /opt/airflow/dags/weather_pipeline_dag.py
[2026-02-26T00:18:54.616+0000] {processor.py:914} INFO - Processing file /opt/airflow/dags/weather_pipeline_dag.py for tasks to queue
[2026-02-26T00:18:54.620+0000] {logging_mixin.py:190} INFO - [2026-02-26T00:18:54.619+0000] {dagbag.py:588} INFO - Filling up the DagBag from /opt/airflow/dags/weather_pipeline_dag.py
[2026-02-26T00:19:00.196+0000] {logging_mixin.py:190} INFO - [2026-02-26T00:19:00.195+0000] {warnings.py:109} WARNING - /home/airflow/.local/lib/python3.10/site-packages/snowflake/sqlalchemy/base.py:1068: SAWarning: The GenericFunction 'flatten' is already registered and is going to be overridden.
  functions.register_function("flatten", flatten)
[2026-02-26T00:19:01.147+0000] {logging_mixin.py:190} INFO - [2026-02-26T00:19:01.147+0000] {warnings.py:109} WARNING - /opt/airflow/dags/weather_pipeline_dag.py:39: RemovedInAirflow3Warning: Param `schedule_interval` is deprecated and will be removed in a future release. Please use `schedule` instead. 
  with DAG(
[2026-02-26T00:19:01.152+0000] {logging_mixin.py:190} INFO - [2026-02-26T00:19:01.151+0000] {warnings.py:109} WARNING - /opt/airflow/dags/weather_pipeline_dag.py:48: RemovedInAirflow3Warning: provide_context is deprecated as of 2.0 and is no longer required
  extract = PythonOperator(
[2026-02-26T00:19:01.153+0000] {logging_mixin.py:190} INFO - [2026-02-26T00:19:01.153+0000] {warnings.py:109} WARNING - /opt/airflow/dags/weather_pipeline_dag.py:54: RemovedInAirflow3Warning: provide_context is deprecated as of 2.0 and is no longer required
  transform = PythonOperator(
[2026-02-26T00:19:01.155+0000] {logging_mixin.py:190} INFO - [2026-02-26T00:19:01.155+0000] {warnings.py:109} WARNING - /opt/airflow/dags/weather_pipeline_dag.py:60: RemovedInAirflow3Warning: provide_context is deprecated as of 2.0 and is no longer required
  validate = PythonOperator(
[2026-02-26T00:19:01.156+0000] {logging_mixin.py:190} INFO - [2026-02-26T00:19:01.156+0000] {warnings.py:109} WARNING - /opt/airflow/dags/weather_pipeline_dag.py:66: RemovedInAirflow3Warning: provide_context is deprecated as of 2.0 and is no longer required
  load = PythonOperator(
[2026-02-26T00:19:01.166+0000] {processor.py:925} INFO - DAG(s) 'weather_etl_pipeline' retrieved from /opt/airflow/dags/weather_pipeline_dag.py
[2026-02-26T00:19:01.218+0000] {logging_mixin.py:190} INFO - 2026-02-26 00:19:01,218 | INFO | airflow.models.dag | Sync 1 DAGs
[2026-02-26T00:19:01.219+0000] {logging_mixin.py:190} INFO - [2026-02-26T00:19:01.218+0000] {dag.py:3239} INFO - Sync 1 DAGs
[2026-02-26T00:19:01.256+0000] {logging_mixin.py:190} INFO - 2026-02-26 00:19:01,256 | INFO | airflow.models.dag | Setting next_dagrun for weather_etl_pipeline to 2026-02-25 23:00:00+00:00, run_after=2026-02-26 00:00:00+00:00
[2026-02-26T00:19:01.257+0000] {logging_mixin.py:190} INFO - [2026-02-26T00:19:01.256+0000] {dag.py:4180} INFO - Setting next_dagrun for weather_etl_pipeline to 2026-02-25 23:00:00+00:00, run_after=2026-02-26 00:00:00+00:00
[2026-02-26T00:19:01.290+0000] {processor.py:208} INFO - Processing /opt/airflow/dags/weather_pipeline_dag.py took 6.698 seconds
[2026-02-26T00:19:31.647+0000] {processor.py:186} INFO - Started process (PID=7722) to work on /opt/airflow/dags/weather_pipeline_dag.py
[2026-02-26T00:19:31.650+0000] {processor.py:914} INFO - Processing file /opt/airflow/dags/weather_pipeline_dag.py for tasks to queue
[2026-02-26T00:19:31.654+0000] {logging_mixin.py:190} INFO - [2026-02-26T00:19:31.653+0000] {dagbag.py:588} INFO - Filling up the DagBag from /opt/airflow/dags/weather_pipeline_dag.py
[2026-02-26T00:19:35.419+0000] {logging_mixin.py:190} INFO - [2026-02-26T00:19:35.418+0000] {warnings.py:109} WARNING - /home/airflow/.local/lib/python3.10/site-packages/snowflake/sqlalchemy/base.py:1068: SAWarning: The GenericFunction 'flatten' is already registered and is going to be overridden.
  functions.register_function("flatten", flatten)
[2026-02-26T00:19:36.274+0000] {logging_mixin.py:190} INFO - [2026-02-26T00:19:36.273+0000] {warnings.py:109} WARNING - /opt/airflow/dags/weather_pipeline_dag.py:39: RemovedInAirflow3Warning: Param `schedule_interval` is deprecated and will be removed in a future release. Please use `schedule` instead. 
  with DAG(
[2026-02-26T00:19:36.277+0000] {logging_mixin.py:190} INFO - [2026-02-26T00:19:36.277+0000] {warnings.py:109} WARNING - /opt/airflow/dags/weather_pipeline_dag.py:48: RemovedInAirflow3Warning: provide_context is deprecated as of 2.0 and is no longer required
  extract = PythonOperator(
[2026-02-26T00:19:36.279+0000] {logging_mixin.py:190} INFO - [2026-02-26T00:19:36.278+0000] {warnings.py:109} WARNING - /opt/airflow/dags/weather_pipeline_dag.py:54: RemovedInAirflow3Warning: provide_context is deprecated as of 2.0 and is no longer required
  transform = PythonOperator(
[2026-02-26T00:19:36.280+0000] {logging_mixin.py:190} INFO - [2026-02-26T00:19:36.280+0000] {warnings.py:109} WARNING - /opt/airflow/dags/weather_pipeline_dag.py:60: RemovedInAirflow3Warning: provide_context is deprecated as of 2.0 and is no longer required
  validate = PythonOperator(
[2026-02-26T00:19:36.282+0000] {logging_mixin.py:190} INFO - [2026-02-26T00:19:36.281+0000] {warnings.py:109} WARNING - /opt/airflow/dags/weather_pipeline_dag.py:66: RemovedInAirflow3Warning: provide_context is deprecated as of 2.0 and is no longer required
  load = PythonOperator(
[2026-02-26T00:19:36.287+0000] {processor.py:925} INFO - DAG(s) 'weather_etl_pipeline' retrieved from /opt/airflow/dags/weather_pipeline_dag.py
[2026-02-26T00:19:36.336+0000] {logging_mixin.py:190} INFO - 2026-02-26 00:19:36,336 | INFO | airflow.models.dag | Sync 1 DAGs
[2026-02-26T00:19:36.338+0000] {logging_mixin.py:190} INFO - [2026-02-26T00:19:36.336+0000] {dag.py:3239} INFO - Sync 1 DAGs
[2026-02-26T00:19:36.370+0000] {logging_mixin.py:190} INFO - 2026-02-26 00:19:36,369 | INFO | airflow.models.dag | Setting next_dagrun for weather_etl_pipeline to 2026-02-25 23:00:00+00:00, run_after=2026-02-26 00:00:00+00:00
[2026-02-26T00:19:36.370+0000] {logging_mixin.py:190} INFO - [2026-02-26T00:19:36.369+0000] {dag.py:4180} INFO - Setting next_dagrun for weather_etl_pipeline to 2026-02-25 23:00:00+00:00, run_after=2026-02-26 00:00:00+00:00
[2026-02-26T00:19:36.423+0000] {processor.py:208} INFO - Processing /opt/airflow/dags/weather_pipeline_dag.py took 4.796 seconds
[2026-02-26T00:20:07.080+0000] {processor.py:186} INFO - Started process (PID=7744) to work on /opt/airflow/dags/weather_pipeline_dag.py
[2026-02-26T00:20:07.083+0000] {processor.py:914} INFO - Processing file /opt/airflow/dags/weather_pipeline_dag.py for tasks to queue
[2026-02-26T00:20:07.087+0000] {logging_mixin.py:190} INFO - [2026-02-26T00:20:07.086+0000] {dagbag.py:588} INFO - Filling up the DagBag from /opt/airflow/dags/weather_pipeline_dag.py
[2026-02-26T00:20:11.584+0000] {logging_mixin.py:190} INFO - [2026-02-26T00:20:11.583+0000] {warnings.py:109} WARNING - /home/airflow/.local/lib/python3.10/site-packages/snowflake/sqlalchemy/base.py:1068: SAWarning: The GenericFunction 'flatten' is already registered and is going to be overridden.
  functions.register_function("flatten", flatten)
[2026-02-26T00:20:12.735+0000] {logging_mixin.py:190} INFO - [2026-02-26T00:20:12.734+0000] {warnings.py:109} WARNING - /opt/airflow/dags/weather_pipeline_dag.py:39: RemovedInAirflow3Warning: Param `schedule_interval` is deprecated and will be removed in a future release. Please use `schedule` instead. 
  with DAG(
[2026-02-26T00:20:12.739+0000] {logging_mixin.py:190} INFO - [2026-02-26T00:20:12.739+0000] {warnings.py:109} WARNING - /opt/airflow/dags/weather_pipeline_dag.py:48: RemovedInAirflow3Warning: provide_context is deprecated as of 2.0 and is no longer required
  extract = PythonOperator(
[2026-02-26T00:20:12.741+0000] {logging_mixin.py:190} INFO - [2026-02-26T00:20:12.741+0000] {warnings.py:109} WARNING - /opt/airflow/dags/weather_pipeline_dag.py:54: RemovedInAirflow3Warning: provide_context is deprecated as of 2.0 and is no longer required
  transform = PythonOperator(
[2026-02-26T00:20:12.743+0000] {logging_mixin.py:190} INFO - [2026-02-26T00:20:12.743+0000] {warnings.py:109} WARNING - /opt/airflow/dags/weather_pipeline_dag.py:60: RemovedInAirflow3Warning: provide_context is deprecated as of 2.0 and is no longer required
  validate = PythonOperator(
[2026-02-26T00:20:12.745+0000] {logging_mixin.py:190} INFO - [2026-02-26T00:20:12.744+0000] {warnings.py:109} WARNING - /opt/airflow/dags/weather_pipeline_dag.py:66: RemovedInAirflow3Warning: provide_context is deprecated as of 2.0 and is no longer required
  load = PythonOperator(
[2026-02-26T00:20:12.753+0000] {processor.py:925} INFO - DAG(s) 'weather_etl_pipeline' retrieved from /opt/airflow/dags/weather_pipeline_dag.py
[2026-02-26T00:20:12.824+0000] {logging_mixin.py:190} INFO - 2026-02-26 00:20:12,824 | INFO | airflow.models.dag | Sync 1 DAGs
[2026-02-26T00:20:12.825+0000] {logging_mixin.py:190} INFO - [2026-02-26T00:20:12.824+0000] {dag.py:3239} INFO - Sync 1 DAGs
[2026-02-26T00:20:12.867+0000] {logging_mixin.py:190} INFO - 2026-02-26 00:20:12,867 | INFO | airflow.models.dag | Setting next_dagrun for weather_etl_pipeline to 2026-02-25 23:00:00+00:00, run_after=2026-02-26 00:00:00+00:00
[2026-02-26T00:20:12.869+0000] {logging_mixin.py:190} INFO - [2026-02-26T00:20:12.867+0000] {dag.py:4180} INFO - Setting next_dagrun for weather_etl_pipeline to 2026-02-25 23:00:00+00:00, run_after=2026-02-26 00:00:00+00:00
[2026-02-26T00:20:12.907+0000] {processor.py:208} INFO - Processing /opt/airflow/dags/weather_pipeline_dag.py took 5.790 seconds
[2026-02-26T00:20:43.257+0000] {processor.py:186} INFO - Started process (PID=7766) to work on /opt/airflow/dags/weather_pipeline_dag.py
[2026-02-26T00:20:43.260+0000] {processor.py:914} INFO - Processing file /opt/airflow/dags/weather_pipeline_dag.py for tasks to queue
[2026-02-26T00:20:43.264+0000] {logging_mixin.py:190} INFO - [2026-02-26T00:20:43.263+0000] {dagbag.py:588} INFO - Filling up the DagBag from /opt/airflow/dags/weather_pipeline_dag.py
[2026-02-26T00:20:47.640+0000] {logging_mixin.py:190} INFO - [2026-02-26T00:20:47.639+0000] {warnings.py:109} WARNING - /home/airflow/.local/lib/python3.10/site-packages/snowflake/sqlalchemy/base.py:1068: SAWarning: The GenericFunction 'flatten' is already registered and is going to be overridden.
  functions.register_function("flatten", flatten)
[2026-02-26T00:20:48.551+0000] {logging_mixin.py:190} INFO - [2026-02-26T00:20:48.550+0000] {warnings.py:109} WARNING - /opt/airflow/dags/weather_pipeline_dag.py:39: RemovedInAirflow3Warning: Param `schedule_interval` is deprecated and will be removed in a future release. Please use `schedule` instead. 
  with DAG(
[2026-02-26T00:20:48.555+0000] {logging_mixin.py:190} INFO - [2026-02-26T00:20:48.555+0000] {warnings.py:109} WARNING - /opt/airflow/dags/weather_pipeline_dag.py:48: RemovedInAirflow3Warning: provide_context is deprecated as of 2.0 and is no longer required
  extract = PythonOperator(
[2026-02-26T00:20:48.557+0000] {logging_mixin.py:190} INFO - [2026-02-26T00:20:48.557+0000] {warnings.py:109} WARNING - /opt/airflow/dags/weather_pipeline_dag.py:54: RemovedInAirflow3Warning: provide_context is deprecated as of 2.0 and is no longer required
  transform = PythonOperator(
[2026-02-26T00:20:48.559+0000] {logging_mixin.py:190} INFO - [2026-02-26T00:20:48.558+0000] {warnings.py:109} WARNING - /opt/airflow/dags/weather_pipeline_dag.py:60: RemovedInAirflow3Warning: provide_context is deprecated as of 2.0 and is no longer required
  validate = PythonOperator(
[2026-02-26T00:20:48.560+0000] {logging_mixin.py:190} INFO - [2026-02-26T00:20:48.560+0000] {warnings.py:109} WARNING - /opt/airflow/dags/weather_pipeline_dag.py:66: RemovedInAirflow3Warning: provide_context is deprecated as of 2.0 and is no longer required
  load = PythonOperator(
[2026-02-26T00:20:48.568+0000] {processor.py:925} INFO - DAG(s) 'weather_etl_pipeline' retrieved from /opt/airflow/dags/weather_pipeline_dag.py
[2026-02-26T00:20:48.627+0000] {logging_mixin.py:190} INFO - 2026-02-26 00:20:48,626 | INFO | airflow.models.dag | Sync 1 DAGs
[2026-02-26T00:20:48.628+0000] {logging_mixin.py:190} INFO - [2026-02-26T00:20:48.626+0000] {dag.py:3239} INFO - Sync 1 DAGs
[2026-02-26T00:20:48.670+0000] {logging_mixin.py:190} INFO - 2026-02-26 00:20:48,670 | INFO | airflow.models.dag | Setting next_dagrun for weather_etl_pipeline to 2026-02-25 23:00:00+00:00, run_after=2026-02-26 00:00:00+00:00
[2026-02-26T00:20:48.671+0000] {logging_mixin.py:190} INFO - [2026-02-26T00:20:48.670+0000] {dag.py:4180} INFO - Setting next_dagrun for weather_etl_pipeline to 2026-02-25 23:00:00+00:00, run_after=2026-02-26 00:00:00+00:00
[2026-02-26T00:20:48.716+0000] {processor.py:208} INFO - Processing /opt/airflow/dags/weather_pipeline_dag.py took 5.474 seconds
[2026-02-26T00:21:19.286+0000] {processor.py:186} INFO - Started process (PID=7788) to work on /opt/airflow/dags/weather_pipeline_dag.py
[2026-02-26T00:21:19.289+0000] {processor.py:914} INFO - Processing file /opt/airflow/dags/weather_pipeline_dag.py for tasks to queue
[2026-02-26T00:21:19.291+0000] {logging_mixin.py:190} INFO - [2026-02-26T00:21:19.291+0000] {dagbag.py:588} INFO - Filling up the DagBag from /opt/airflow/dags/weather_pipeline_dag.py
[2026-02-26T00:21:23.046+0000] {logging_mixin.py:190} INFO - [2026-02-26T00:21:23.045+0000] {warnings.py:109} WARNING - /home/airflow/.local/lib/python3.10/site-packages/snowflake/sqlalchemy/base.py:1068: SAWarning: The GenericFunction 'flatten' is already registered and is going to be overridden.
  functions.register_function("flatten", flatten)
[2026-02-26T00:21:23.757+0000] {logging_mixin.py:190} INFO - [2026-02-26T00:21:23.757+0000] {warnings.py:109} WARNING - /opt/airflow/dags/weather_pipeline_dag.py:39: RemovedInAirflow3Warning: Param `schedule_interval` is deprecated and will be removed in a future release. Please use `schedule` instead. 
  with DAG(
[2026-02-26T00:21:23.760+0000] {logging_mixin.py:190} INFO - [2026-02-26T00:21:23.760+0000] {warnings.py:109} WARNING - /opt/airflow/dags/weather_pipeline_dag.py:48: RemovedInAirflow3Warning: provide_context is deprecated as of 2.0 and is no longer required
  extract = PythonOperator(
[2026-02-26T00:21:23.762+0000] {logging_mixin.py:190} INFO - [2026-02-26T00:21:23.762+0000] {warnings.py:109} WARNING - /opt/airflow/dags/weather_pipeline_dag.py:54: RemovedInAirflow3Warning: provide_context is deprecated as of 2.0 and is no longer required
  transform = PythonOperator(
[2026-02-26T00:21:23.763+0000] {logging_mixin.py:190} INFO - [2026-02-26T00:21:23.763+0000] {warnings.py:109} WARNING - /opt/airflow/dags/weather_pipeline_dag.py:60: RemovedInAirflow3Warning: provide_context is deprecated as of 2.0 and is no longer required
  validate = PythonOperator(
[2026-02-26T00:21:23.765+0000] {logging_mixin.py:190} INFO - [2026-02-26T00:21:23.764+0000] {warnings.py:109} WARNING - /opt/airflow/dags/weather_pipeline_dag.py:66: RemovedInAirflow3Warning: provide_context is deprecated as of 2.0 and is no longer required
  load = PythonOperator(
[2026-02-26T00:21:23.770+0000] {processor.py:925} INFO - DAG(s) 'weather_etl_pipeline' retrieved from /opt/airflow/dags/weather_pipeline_dag.py
[2026-02-26T00:21:23.810+0000] {logging_mixin.py:190} INFO - 2026-02-26 00:21:23,810 | INFO | airflow.models.dag | Sync 1 DAGs
[2026-02-26T00:21:23.811+0000] {logging_mixin.py:190} INFO - [2026-02-26T00:21:23.810+0000] {dag.py:3239} INFO - Sync 1 DAGs
[2026-02-26T00:21:23.843+0000] {logging_mixin.py:190} INFO - 2026-02-26 00:21:23,842 | INFO | airflow.models.dag | Setting next_dagrun for weather_etl_pipeline to 2026-02-25 23:00:00+00:00, run_after=2026-02-26 00:00:00+00:00
[2026-02-26T00:21:23.844+0000] {logging_mixin.py:190} INFO - [2026-02-26T00:21:23.842+0000] {dag.py:4180} INFO - Setting next_dagrun for weather_etl_pipeline to 2026-02-25 23:00:00+00:00, run_after=2026-02-26 00:00:00+00:00
[2026-02-26T00:21:23.878+0000] {processor.py:208} INFO - Processing /opt/airflow/dags/weather_pipeline_dag.py took 4.606 seconds
[2026-02-26T00:21:54.224+0000] {processor.py:186} INFO - Started process (PID=7810) to work on /opt/airflow/dags/weather_pipeline_dag.py
[2026-02-26T00:21:54.228+0000] {processor.py:914} INFO - Processing file /opt/airflow/dags/weather_pipeline_dag.py for tasks to queue
[2026-02-26T00:21:54.231+0000] {logging_mixin.py:190} INFO - [2026-02-26T00:21:54.230+0000] {dagbag.py:588} INFO - Filling up the DagBag from /opt/airflow/dags/weather_pipeline_dag.py
[2026-02-26T00:21:58.909+0000] {logging_mixin.py:190} INFO - [2026-02-26T00:21:58.908+0000] {warnings.py:109} WARNING - /home/airflow/.local/lib/python3.10/site-packages/snowflake/sqlalchemy/base.py:1068: SAWarning: The GenericFunction 'flatten' is already registered and is going to be overridden.
  functions.register_function("flatten", flatten)
[2026-02-26T00:21:59.743+0000] {logging_mixin.py:190} INFO - [2026-02-26T00:21:59.742+0000] {warnings.py:109} WARNING - /opt/airflow/dags/weather_pipeline_dag.py:39: RemovedInAirflow3Warning: Param `schedule_interval` is deprecated and will be removed in a future release. Please use `schedule` instead. 
  with DAG(
[2026-02-26T00:21:59.747+0000] {logging_mixin.py:190} INFO - [2026-02-26T00:21:59.747+0000] {warnings.py:109} WARNING - /opt/airflow/dags/weather_pipeline_dag.py:48: RemovedInAirflow3Warning: provide_context is deprecated as of 2.0 and is no longer required
  extract = PythonOperator(
[2026-02-26T00:21:59.749+0000] {logging_mixin.py:190} INFO - [2026-02-26T00:21:59.749+0000] {warnings.py:109} WARNING - /opt/airflow/dags/weather_pipeline_dag.py:54: RemovedInAirflow3Warning: provide_context is deprecated as of 2.0 and is no longer required
  transform = PythonOperator(
[2026-02-26T00:21:59.751+0000] {logging_mixin.py:190} INFO - [2026-02-26T00:21:59.751+0000] {warnings.py:109} WARNING - /opt/airflow/dags/weather_pipeline_dag.py:60: RemovedInAirflow3Warning: provide_context is deprecated as of 2.0 and is no longer required
  validate = PythonOperator(
[2026-02-26T00:21:59.753+0000] {logging_mixin.py:190} INFO - [2026-02-26T00:21:59.752+0000] {warnings.py:109} WARNING - /opt/airflow/dags/weather_pipeline_dag.py:66: RemovedInAirflow3Warning: provide_context is deprecated as of 2.0 and is no longer required
  load = PythonOperator(
[2026-02-26T00:21:59.763+0000] {processor.py:925} INFO - DAG(s) 'weather_etl_pipeline' retrieved from /opt/airflow/dags/weather_pipeline_dag.py
[2026-02-26T00:21:59.813+0000] {logging_mixin.py:190} INFO - 2026-02-26 00:21:59,813 | INFO | airflow.models.dag | Sync 1 DAGs
[2026-02-26T00:21:59.814+0000] {logging_mixin.py:190} INFO - [2026-02-26T00:21:59.813+0000] {dag.py:3239} INFO - Sync 1 DAGs
[2026-02-26T00:21:59.854+0000] {logging_mixin.py:190} INFO - 2026-02-26 00:21:59,854 | INFO | airflow.models.dag | Setting next_dagrun for weather_etl_pipeline to 2026-02-25 23:00:00+00:00, run_after=2026-02-26 00:00:00+00:00
[2026-02-26T00:21:59.855+0000] {logging_mixin.py:190} INFO - [2026-02-26T00:21:59.854+0000] {dag.py:4180} INFO - Setting next_dagrun for weather_etl_pipeline to 2026-02-25 23:00:00+00:00, run_after=2026-02-26 00:00:00+00:00
[2026-02-26T00:21:59.897+0000] {processor.py:208} INFO - Processing /opt/airflow/dags/weather_pipeline_dag.py took 5.692 seconds
[2026-02-26T00:22:30.490+0000] {processor.py:186} INFO - Started process (PID=7832) to work on /opt/airflow/dags/weather_pipeline_dag.py
[2026-02-26T00:22:30.493+0000] {processor.py:914} INFO - Processing file /opt/airflow/dags/weather_pipeline_dag.py for tasks to queue
[2026-02-26T00:22:30.496+0000] {logging_mixin.py:190} INFO - [2026-02-26T00:22:30.495+0000] {dagbag.py:588} INFO - Filling up the DagBag from /opt/airflow/dags/weather_pipeline_dag.py
[2026-02-26T00:22:34.712+0000] {logging_mixin.py:190} INFO - [2026-02-26T00:22:34.711+0000] {warnings.py:109} WARNING - /home/airflow/.local/lib/python3.10/site-packages/snowflake/sqlalchemy/base.py:1068: SAWarning: The GenericFunction 'flatten' is already registered and is going to be overridden.
  functions.register_function("flatten", flatten)
[2026-02-26T00:22:35.526+0000] {logging_mixin.py:190} INFO - [2026-02-26T00:22:35.525+0000] {warnings.py:109} WARNING - /opt/airflow/dags/weather_pipeline_dag.py:39: RemovedInAirflow3Warning: Param `schedule_interval` is deprecated and will be removed in a future release. Please use `schedule` instead. 
  with DAG(
[2026-02-26T00:22:35.530+0000] {logging_mixin.py:190} INFO - [2026-02-26T00:22:35.530+0000] {warnings.py:109} WARNING - /opt/airflow/dags/weather_pipeline_dag.py:48: RemovedInAirflow3Warning: provide_context is deprecated as of 2.0 and is no longer required
  extract = PythonOperator(
[2026-02-26T00:22:35.532+0000] {logging_mixin.py:190} INFO - [2026-02-26T00:22:35.531+0000] {warnings.py:109} WARNING - /opt/airflow/dags/weather_pipeline_dag.py:54: RemovedInAirflow3Warning: provide_context is deprecated as of 2.0 and is no longer required
  transform = PythonOperator(
[2026-02-26T00:22:35.533+0000] {logging_mixin.py:190} INFO - [2026-02-26T00:22:35.533+0000] {warnings.py:109} WARNING - /opt/airflow/dags/weather_pipeline_dag.py:60: RemovedInAirflow3Warning: provide_context is deprecated as of 2.0 and is no longer required
  validate = PythonOperator(
[2026-02-26T00:22:35.535+0000] {logging_mixin.py:190} INFO - [2026-02-26T00:22:35.534+0000] {warnings.py:109} WARNING - /opt/airflow/dags/weather_pipeline_dag.py:66: RemovedInAirflow3Warning: provide_context is deprecated as of 2.0 and is no longer required
  load = PythonOperator(
[2026-02-26T00:22:35.543+0000] {processor.py:925} INFO - DAG(s) 'weather_etl_pipeline' retrieved from /opt/airflow/dags/weather_pipeline_dag.py
[2026-02-26T00:22:35.600+0000] {logging_mixin.py:190} INFO - 2026-02-26 00:22:35,600 | INFO | airflow.models.dag | Sync 1 DAGs
[2026-02-26T00:22:35.601+0000] {logging_mixin.py:190} INFO - [2026-02-26T00:22:35.600+0000] {dag.py:3239} INFO - Sync 1 DAGs
[2026-02-26T00:22:35.641+0000] {logging_mixin.py:190} INFO - 2026-02-26 00:22:35,641 | INFO | airflow.models.dag | Setting next_dagrun for weather_etl_pipeline to 2026-02-25 23:00:00+00:00, run_after=2026-02-26 00:00:00+00:00
[2026-02-26T00:22:35.642+0000] {logging_mixin.py:190} INFO - [2026-02-26T00:22:35.641+0000] {dag.py:4180} INFO - Setting next_dagrun for weather_etl_pipeline to 2026-02-25 23:00:00+00:00, run_after=2026-02-26 00:00:00+00:00
[2026-02-26T00:22:35.677+0000] {processor.py:208} INFO - Processing /opt/airflow/dags/weather_pipeline_dag.py took 5.204 seconds
[2026-02-26T00:23:06.105+0000] {processor.py:186} INFO - Started process (PID=7854) to work on /opt/airflow/dags/weather_pipeline_dag.py
[2026-02-26T00:23:06.109+0000] {processor.py:914} INFO - Processing file /opt/airflow/dags/weather_pipeline_dag.py for tasks to queue
[2026-02-26T00:23:06.114+0000] {logging_mixin.py:190} INFO - [2026-02-26T00:23:06.113+0000] {dagbag.py:588} INFO - Filling up the DagBag from /opt/airflow/dags/weather_pipeline_dag.py
[2026-02-26T00:23:13.138+0000] {logging_mixin.py:190} INFO - [2026-02-26T00:23:13.137+0000] {warnings.py:109} WARNING - /home/airflow/.local/lib/python3.10/site-packages/snowflake/sqlalchemy/base.py:1068: SAWarning: The GenericFunction 'flatten' is already registered and is going to be overridden.
  functions.register_function("flatten", flatten)
[2026-02-26T00:23:14.573+0000] {logging_mixin.py:190} INFO - [2026-02-26T00:23:14.572+0000] {warnings.py:109} WARNING - /opt/airflow/dags/weather_pipeline_dag.py:39: RemovedInAirflow3Warning: Param `schedule_interval` is deprecated and will be removed in a future release. Please use `schedule` instead. 
  with DAG(
[2026-02-26T00:23:14.578+0000] {logging_mixin.py:190} INFO - [2026-02-26T00:23:14.578+0000] {warnings.py:109} WARNING - /opt/airflow/dags/weather_pipeline_dag.py:48: RemovedInAirflow3Warning: provide_context is deprecated as of 2.0 and is no longer required
  extract = PythonOperator(
[2026-02-26T00:23:14.581+0000] {logging_mixin.py:190} INFO - [2026-02-26T00:23:14.580+0000] {warnings.py:109} WARNING - /opt/airflow/dags/weather_pipeline_dag.py:54: RemovedInAirflow3Warning: provide_context is deprecated as of 2.0 and is no longer required
  transform = PythonOperator(
[2026-02-26T00:23:14.582+0000] {logging_mixin.py:190} INFO - [2026-02-26T00:23:14.582+0000] {warnings.py:109} WARNING - /opt/airflow/dags/weather_pipeline_dag.py:60: RemovedInAirflow3Warning: provide_context is deprecated as of 2.0 and is no longer required
  validate = PythonOperator(
[2026-02-26T00:23:14.584+0000] {logging_mixin.py:190} INFO - [2026-02-26T00:23:14.583+0000] {warnings.py:109} WARNING - /opt/airflow/dags/weather_pipeline_dag.py:66: RemovedInAirflow3Warning: provide_context is deprecated as of 2.0 and is no longer required
  load = PythonOperator(
[2026-02-26T00:23:14.596+0000] {processor.py:925} INFO - DAG(s) 'weather_etl_pipeline' retrieved from /opt/airflow/dags/weather_pipeline_dag.py
[2026-02-26T00:23:14.798+0000] {logging_mixin.py:190} INFO - 2026-02-26 00:23:14,798 | INFO | airflow.models.dag | Sync 1 DAGs
[2026-02-26T00:23:14.799+0000] {logging_mixin.py:190} INFO - [2026-02-26T00:23:14.798+0000] {dag.py:3239} INFO - Sync 1 DAGs
[2026-02-26T00:23:14.867+0000] {logging_mixin.py:190} INFO - 2026-02-26 00:23:14,867 | INFO | airflow.models.dag | Setting next_dagrun for weather_etl_pipeline to 2026-02-25 23:00:00+00:00, run_after=2026-02-26 00:00:00+00:00
[2026-02-26T00:23:14.869+0000] {logging_mixin.py:190} INFO - [2026-02-26T00:23:14.867+0000] {dag.py:4180} INFO - Setting next_dagrun for weather_etl_pipeline to 2026-02-25 23:00:00+00:00, run_after=2026-02-26 00:00:00+00:00
[2026-02-26T00:23:14.917+0000] {processor.py:208} INFO - Processing /opt/airflow/dags/weather_pipeline_dag.py took 8.794 seconds
[2026-02-26T00:23:45.606+0000] {processor.py:186} INFO - Started process (PID=7876) to work on /opt/airflow/dags/weather_pipeline_dag.py
[2026-02-26T00:23:45.610+0000] {processor.py:914} INFO - Processing file /opt/airflow/dags/weather_pipeline_dag.py for tasks to queue
[2026-02-26T00:23:45.614+0000] {logging_mixin.py:190} INFO - [2026-02-26T00:23:45.613+0000] {dagbag.py:588} INFO - Filling up the DagBag from /opt/airflow/dags/weather_pipeline_dag.py
[2026-02-26T00:23:49.805+0000] {logging_mixin.py:190} INFO - [2026-02-26T00:23:49.804+0000] {warnings.py:109} WARNING - /home/airflow/.local/lib/python3.10/site-packages/snowflake/sqlalchemy/base.py:1068: SAWarning: The GenericFunction 'flatten' is already registered and is going to be overridden.
  functions.register_function("flatten", flatten)
[2026-02-26T00:23:50.696+0000] {logging_mixin.py:190} INFO - [2026-02-26T00:23:50.695+0000] {warnings.py:109} WARNING - /opt/airflow/dags/weather_pipeline_dag.py:39: RemovedInAirflow3Warning: Param `schedule_interval` is deprecated and will be removed in a future release. Please use `schedule` instead. 
  with DAG(
[2026-02-26T00:23:50.701+0000] {logging_mixin.py:190} INFO - [2026-02-26T00:23:50.701+0000] {warnings.py:109} WARNING - /opt/airflow/dags/weather_pipeline_dag.py:48: RemovedInAirflow3Warning: provide_context is deprecated as of 2.0 and is no longer required
  extract = PythonOperator(
[2026-02-26T00:23:50.704+0000] {logging_mixin.py:190} INFO - [2026-02-26T00:23:50.703+0000] {warnings.py:109} WARNING - /opt/airflow/dags/weather_pipeline_dag.py:54: RemovedInAirflow3Warning: provide_context is deprecated as of 2.0 and is no longer required
  transform = PythonOperator(
[2026-02-26T00:23:50.705+0000] {logging_mixin.py:190} INFO - [2026-02-26T00:23:50.705+0000] {warnings.py:109} WARNING - /opt/airflow/dags/weather_pipeline_dag.py:60: RemovedInAirflow3Warning: provide_context is deprecated as of 2.0 and is no longer required
  validate = PythonOperator(
[2026-02-26T00:23:50.707+0000] {logging_mixin.py:190} INFO - [2026-02-26T00:23:50.707+0000] {warnings.py:109} WARNING - /opt/airflow/dags/weather_pipeline_dag.py:66: RemovedInAirflow3Warning: provide_context is deprecated as of 2.0 and is no longer required
  load = PythonOperator(
[2026-02-26T00:23:50.717+0000] {processor.py:925} INFO - DAG(s) 'weather_etl_pipeline' retrieved from /opt/airflow/dags/weather_pipeline_dag.py
[2026-02-26T00:23:50.816+0000] {logging_mixin.py:190} INFO - 2026-02-26 00:23:50,816 | INFO | airflow.models.dag | Sync 1 DAGs
[2026-02-26T00:23:50.817+0000] {logging_mixin.py:190} INFO - [2026-02-26T00:23:50.816+0000] {dag.py:3239} INFO - Sync 1 DAGs
[2026-02-26T00:23:50.865+0000] {logging_mixin.py:190} INFO - 2026-02-26 00:23:50,865 | INFO | airflow.models.dag | Setting next_dagrun for weather_etl_pipeline to 2026-02-25 23:00:00+00:00, run_after=2026-02-26 00:00:00+00:00
[2026-02-26T00:23:50.866+0000] {logging_mixin.py:190} INFO - [2026-02-26T00:23:50.865+0000] {dag.py:4180} INFO - Setting next_dagrun for weather_etl_pipeline to 2026-02-25 23:00:00+00:00, run_after=2026-02-26 00:00:00+00:00
[2026-02-26T00:23:50.915+0000] {processor.py:208} INFO - Processing /opt/airflow/dags/weather_pipeline_dag.py took 5.326 seconds
[2026-02-26T00:24:21.650+0000] {processor.py:186} INFO - Started process (PID=7898) to work on /opt/airflow/dags/weather_pipeline_dag.py
[2026-02-26T00:24:21.653+0000] {processor.py:914} INFO - Processing file /opt/airflow/dags/weather_pipeline_dag.py for tasks to queue
[2026-02-26T00:24:21.656+0000] {logging_mixin.py:190} INFO - [2026-02-26T00:24:21.656+0000] {dagbag.py:588} INFO - Filling up the DagBag from /opt/airflow/dags/weather_pipeline_dag.py
[2026-02-26T00:24:26.251+0000] {logging_mixin.py:190} INFO - [2026-02-26T00:24:26.251+0000] {warnings.py:109} WARNING - /home/airflow/.local/lib/python3.10/site-packages/snowflake/sqlalchemy/base.py:1068: SAWarning: The GenericFunction 'flatten' is already registered and is going to be overridden.
  functions.register_function("flatten", flatten)
[2026-02-26T00:24:27.144+0000] {logging_mixin.py:190} INFO - [2026-02-26T00:24:27.144+0000] {warnings.py:109} WARNING - /opt/airflow/dags/weather_pipeline_dag.py:39: RemovedInAirflow3Warning: Param `schedule_interval` is deprecated and will be removed in a future release. Please use `schedule` instead. 
  with DAG(
[2026-02-26T00:24:27.150+0000] {logging_mixin.py:190} INFO - [2026-02-26T00:24:27.150+0000] {warnings.py:109} WARNING - /opt/airflow/dags/weather_pipeline_dag.py:48: RemovedInAirflow3Warning: provide_context is deprecated as of 2.0 and is no longer required
  extract = PythonOperator(
[2026-02-26T00:24:27.152+0000] {logging_mixin.py:190} INFO - [2026-02-26T00:24:27.152+0000] {warnings.py:109} WARNING - /opt/airflow/dags/weather_pipeline_dag.py:54: RemovedInAirflow3Warning: provide_context is deprecated as of 2.0 and is no longer required
  transform = PythonOperator(
[2026-02-26T00:24:27.154+0000] {logging_mixin.py:190} INFO - [2026-02-26T00:24:27.154+0000] {warnings.py:109} WARNING - /opt/airflow/dags/weather_pipeline_dag.py:60: RemovedInAirflow3Warning: provide_context is deprecated as of 2.0 and is no longer required
  validate = PythonOperator(
[2026-02-26T00:24:27.156+0000] {logging_mixin.py:190} INFO - [2026-02-26T00:24:27.156+0000] {warnings.py:109} WARNING - /opt/airflow/dags/weather_pipeline_dag.py:66: RemovedInAirflow3Warning: provide_context is deprecated as of 2.0 and is no longer required
  load = PythonOperator(
[2026-02-26T00:24:27.165+0000] {processor.py:925} INFO - DAG(s) 'weather_etl_pipeline' retrieved from /opt/airflow/dags/weather_pipeline_dag.py
[2026-02-26T00:24:27.237+0000] {logging_mixin.py:190} INFO - 2026-02-26 00:24:27,237 | INFO | airflow.models.dag | Sync 1 DAGs
[2026-02-26T00:24:27.239+0000] {logging_mixin.py:190} INFO - [2026-02-26T00:24:27.237+0000] {dag.py:3239} INFO - Sync 1 DAGs
[2026-02-26T00:24:27.297+0000] {logging_mixin.py:190} INFO - 2026-02-26 00:24:27,297 | INFO | airflow.models.dag | Setting next_dagrun for weather_etl_pipeline to 2026-02-25 23:00:00+00:00, run_after=2026-02-26 00:00:00+00:00
[2026-02-26T00:24:27.298+0000] {logging_mixin.py:190} INFO - [2026-02-26T00:24:27.297+0000] {dag.py:4180} INFO - Setting next_dagrun for weather_etl_pipeline to 2026-02-25 23:00:00+00:00, run_after=2026-02-26 00:00:00+00:00
[2026-02-26T00:24:27.343+0000] {processor.py:208} INFO - Processing /opt/airflow/dags/weather_pipeline_dag.py took 5.708 seconds
[2026-02-26T00:24:58.008+0000] {processor.py:186} INFO - Started process (PID=7920) to work on /opt/airflow/dags/weather_pipeline_dag.py
[2026-02-26T00:24:58.011+0000] {processor.py:914} INFO - Processing file /opt/airflow/dags/weather_pipeline_dag.py for tasks to queue
[2026-02-26T00:24:58.014+0000] {logging_mixin.py:190} INFO - [2026-02-26T00:24:58.013+0000] {dagbag.py:588} INFO - Filling up the DagBag from /opt/airflow/dags/weather_pipeline_dag.py
[2026-02-26T00:25:01.698+0000] {logging_mixin.py:190} INFO - [2026-02-26T00:25:01.697+0000] {warnings.py:109} WARNING - /home/airflow/.local/lib/python3.10/site-packages/snowflake/sqlalchemy/base.py:1068: SAWarning: The GenericFunction 'flatten' is already registered and is going to be overridden.
  functions.register_function("flatten", flatten)
[2026-02-26T00:25:02.475+0000] {logging_mixin.py:190} INFO - [2026-02-26T00:25:02.474+0000] {warnings.py:109} WARNING - /opt/airflow/dags/weather_pipeline_dag.py:39: RemovedInAirflow3Warning: Param `schedule_interval` is deprecated and will be removed in a future release. Please use `schedule` instead. 
  with DAG(
[2026-02-26T00:25:02.478+0000] {logging_mixin.py:190} INFO - [2026-02-26T00:25:02.478+0000] {warnings.py:109} WARNING - /opt/airflow/dags/weather_pipeline_dag.py:48: RemovedInAirflow3Warning: provide_context is deprecated as of 2.0 and is no longer required
  extract = PythonOperator(
[2026-02-26T00:25:02.480+0000] {logging_mixin.py:190} INFO - [2026-02-26T00:25:02.480+0000] {warnings.py:109} WARNING - /opt/airflow/dags/weather_pipeline_dag.py:54: RemovedInAirflow3Warning: provide_context is deprecated as of 2.0 and is no longer required
  transform = PythonOperator(
[2026-02-26T00:25:02.482+0000] {logging_mixin.py:190} INFO - [2026-02-26T00:25:02.481+0000] {warnings.py:109} WARNING - /opt/airflow/dags/weather_pipeline_dag.py:60: RemovedInAirflow3Warning: provide_context is deprecated as of 2.0 and is no longer required
  validate = PythonOperator(
[2026-02-26T00:25:02.483+0000] {logging_mixin.py:190} INFO - [2026-02-26T00:25:02.483+0000] {warnings.py:109} WARNING - /opt/airflow/dags/weather_pipeline_dag.py:66: RemovedInAirflow3Warning: provide_context is deprecated as of 2.0 and is no longer required
  load = PythonOperator(
[2026-02-26T00:25:02.490+0000] {processor.py:925} INFO - DAG(s) 'weather_etl_pipeline' retrieved from /opt/airflow/dags/weather_pipeline_dag.py
[2026-02-26T00:25:02.552+0000] {logging_mixin.py:190} INFO - 2026-02-26 00:25:02,552 | INFO | airflow.models.dag | Sync 1 DAGs
[2026-02-26T00:25:02.554+0000] {logging_mixin.py:190} INFO - [2026-02-26T00:25:02.552+0000] {dag.py:3239} INFO - Sync 1 DAGs
[2026-02-26T00:25:02.594+0000] {logging_mixin.py:190} INFO - 2026-02-26 00:25:02,593 | INFO | airflow.models.dag | Setting next_dagrun for weather_etl_pipeline to 2026-02-25 23:00:00+00:00, run_after=2026-02-26 00:00:00+00:00
[2026-02-26T00:25:02.595+0000] {logging_mixin.py:190} INFO - [2026-02-26T00:25:02.593+0000] {dag.py:4180} INFO - Setting next_dagrun for weather_etl_pipeline to 2026-02-25 23:00:00+00:00, run_after=2026-02-26 00:00:00+00:00
[2026-02-26T00:25:02.629+0000] {processor.py:208} INFO - Processing /opt/airflow/dags/weather_pipeline_dag.py took 4.634 seconds
[2026-02-26T00:25:33.148+0000] {processor.py:186} INFO - Started process (PID=7942) to work on /opt/airflow/dags/weather_pipeline_dag.py
[2026-02-26T00:25:33.150+0000] {processor.py:914} INFO - Processing file /opt/airflow/dags/weather_pipeline_dag.py for tasks to queue
[2026-02-26T00:25:33.154+0000] {logging_mixin.py:190} INFO - [2026-02-26T00:25:33.153+0000] {dagbag.py:588} INFO - Filling up the DagBag from /opt/airflow/dags/weather_pipeline_dag.py
[2026-02-26T00:25:36.860+0000] {logging_mixin.py:190} INFO - [2026-02-26T00:25:36.859+0000] {warnings.py:109} WARNING - /home/airflow/.local/lib/python3.10/site-packages/snowflake/sqlalchemy/base.py:1068: SAWarning: The GenericFunction 'flatten' is already registered and is going to be overridden.
  functions.register_function("flatten", flatten)
[2026-02-26T00:25:37.619+0000] {logging_mixin.py:190} INFO - [2026-02-26T00:25:37.619+0000] {warnings.py:109} WARNING - /opt/airflow/dags/weather_pipeline_dag.py:39: RemovedInAirflow3Warning: Param `schedule_interval` is deprecated and will be removed in a future release. Please use `schedule` instead. 
  with DAG(
[2026-02-26T00:25:37.623+0000] {logging_mixin.py:190} INFO - [2026-02-26T00:25:37.623+0000] {warnings.py:109} WARNING - /opt/airflow/dags/weather_pipeline_dag.py:48: RemovedInAirflow3Warning: provide_context is deprecated as of 2.0 and is no longer required
  extract = PythonOperator(
[2026-02-26T00:25:37.625+0000] {logging_mixin.py:190} INFO - [2026-02-26T00:25:37.625+0000] {warnings.py:109} WARNING - /opt/airflow/dags/weather_pipeline_dag.py:54: RemovedInAirflow3Warning: provide_context is deprecated as of 2.0 and is no longer required
  transform = PythonOperator(
[2026-02-26T00:25:37.628+0000] {logging_mixin.py:190} INFO - [2026-02-26T00:25:37.627+0000] {warnings.py:109} WARNING - /opt/airflow/dags/weather_pipeline_dag.py:60: RemovedInAirflow3Warning: provide_context is deprecated as of 2.0 and is no longer required
  validate = PythonOperator(
[2026-02-26T00:25:37.630+0000] {logging_mixin.py:190} INFO - [2026-02-26T00:25:37.629+0000] {warnings.py:109} WARNING - /opt/airflow/dags/weather_pipeline_dag.py:66: RemovedInAirflow3Warning: provide_context is deprecated as of 2.0 and is no longer required
  load = PythonOperator(
[2026-02-26T00:25:37.637+0000] {processor.py:925} INFO - DAG(s) 'weather_etl_pipeline' retrieved from /opt/airflow/dags/weather_pipeline_dag.py
[2026-02-26T00:25:37.683+0000] {logging_mixin.py:190} INFO - 2026-02-26 00:25:37,683 | INFO | airflow.models.dag | Sync 1 DAGs
[2026-02-26T00:25:37.684+0000] {logging_mixin.py:190} INFO - [2026-02-26T00:25:37.683+0000] {dag.py:3239} INFO - Sync 1 DAGs
[2026-02-26T00:25:37.718+0000] {logging_mixin.py:190} INFO - 2026-02-26 00:25:37,718 | INFO | airflow.models.dag | Setting next_dagrun for weather_etl_pipeline to 2026-02-25 23:00:00+00:00, run_after=2026-02-26 00:00:00+00:00
[2026-02-26T00:25:37.719+0000] {logging_mixin.py:190} INFO - [2026-02-26T00:25:37.718+0000] {dag.py:4180} INFO - Setting next_dagrun for weather_etl_pipeline to 2026-02-25 23:00:00+00:00, run_after=2026-02-26 00:00:00+00:00
[2026-02-26T00:25:37.754+0000] {processor.py:208} INFO - Processing /opt/airflow/dags/weather_pipeline_dag.py took 4.618 seconds
[2026-02-26T00:26:08.823+0000] {processor.py:186} INFO - Started process (PID=7964) to work on /opt/airflow/dags/weather_pipeline_dag.py
[2026-02-26T00:26:08.826+0000] {processor.py:914} INFO - Processing file /opt/airflow/dags/weather_pipeline_dag.py for tasks to queue
[2026-02-26T00:26:08.830+0000] {logging_mixin.py:190} INFO - [2026-02-26T00:26:08.830+0000] {dagbag.py:588} INFO - Filling up the DagBag from /opt/airflow/dags/weather_pipeline_dag.py
[2026-02-26T00:26:13.887+0000] {logging_mixin.py:190} INFO - [2026-02-26T00:26:13.886+0000] {warnings.py:109} WARNING - /home/airflow/.local/lib/python3.10/site-packages/snowflake/sqlalchemy/base.py:1068: SAWarning: The GenericFunction 'flatten' is already registered and is going to be overridden.
  functions.register_function("flatten", flatten)
[2026-02-26T00:26:14.753+0000] {logging_mixin.py:190} INFO - [2026-02-26T00:26:14.752+0000] {warnings.py:109} WARNING - /opt/airflow/dags/weather_pipeline_dag.py:39: RemovedInAirflow3Warning: Param `schedule_interval` is deprecated and will be removed in a future release. Please use `schedule` instead. 
  with DAG(
[2026-02-26T00:26:14.758+0000] {logging_mixin.py:190} INFO - [2026-02-26T00:26:14.757+0000] {warnings.py:109} WARNING - /opt/airflow/dags/weather_pipeline_dag.py:48: RemovedInAirflow3Warning: provide_context is deprecated as of 2.0 and is no longer required
  extract = PythonOperator(
[2026-02-26T00:26:14.759+0000] {logging_mixin.py:190} INFO - [2026-02-26T00:26:14.759+0000] {warnings.py:109} WARNING - /opt/airflow/dags/weather_pipeline_dag.py:54: RemovedInAirflow3Warning: provide_context is deprecated as of 2.0 and is no longer required
  transform = PythonOperator(
[2026-02-26T00:26:14.760+0000] {logging_mixin.py:190} INFO - [2026-02-26T00:26:14.760+0000] {warnings.py:109} WARNING - /opt/airflow/dags/weather_pipeline_dag.py:60: RemovedInAirflow3Warning: provide_context is deprecated as of 2.0 and is no longer required
  validate = PythonOperator(
[2026-02-26T00:26:14.762+0000] {logging_mixin.py:190} INFO - [2026-02-26T00:26:14.762+0000] {warnings.py:109} WARNING - /opt/airflow/dags/weather_pipeline_dag.py:66: RemovedInAirflow3Warning: provide_context is deprecated as of 2.0 and is no longer required
  load = PythonOperator(
[2026-02-26T00:26:14.772+0000] {processor.py:925} INFO - DAG(s) 'weather_etl_pipeline' retrieved from /opt/airflow/dags/weather_pipeline_dag.py
[2026-02-26T00:26:14.823+0000] {logging_mixin.py:190} INFO - 2026-02-26 00:26:14,823 | INFO | airflow.models.dag | Sync 1 DAGs
[2026-02-26T00:26:14.824+0000] {logging_mixin.py:190} INFO - [2026-02-26T00:26:14.823+0000] {dag.py:3239} INFO - Sync 1 DAGs
[2026-02-26T00:26:14.862+0000] {logging_mixin.py:190} INFO - 2026-02-26 00:26:14,862 | INFO | airflow.models.dag | Setting next_dagrun for weather_etl_pipeline to 2026-02-25 23:00:00+00:00, run_after=2026-02-26 00:00:00+00:00
[2026-02-26T00:26:14.864+0000] {logging_mixin.py:190} INFO - [2026-02-26T00:26:14.862+0000] {dag.py:4180} INFO - Setting next_dagrun for weather_etl_pipeline to 2026-02-25 23:00:00+00:00, run_after=2026-02-26 00:00:00+00:00
[2026-02-26T00:26:14.895+0000] {processor.py:208} INFO - Processing /opt/airflow/dags/weather_pipeline_dag.py took 6.027 seconds
[2026-02-26T00:26:45.504+0000] {processor.py:186} INFO - Started process (PID=7986) to work on /opt/airflow/dags/weather_pipeline_dag.py
[2026-02-26T00:26:45.506+0000] {processor.py:914} INFO - Processing file /opt/airflow/dags/weather_pipeline_dag.py for tasks to queue
[2026-02-26T00:26:45.509+0000] {logging_mixin.py:190} INFO - [2026-02-26T00:26:45.509+0000] {dagbag.py:588} INFO - Filling up the DagBag from /opt/airflow/dags/weather_pipeline_dag.py
[2026-02-26T00:26:49.432+0000] {logging_mixin.py:190} INFO - [2026-02-26T00:26:49.430+0000] {warnings.py:109} WARNING - /home/airflow/.local/lib/python3.10/site-packages/snowflake/sqlalchemy/base.py:1068: SAWarning: The GenericFunction 'flatten' is already registered and is going to be overridden.
  functions.register_function("flatten", flatten)
[2026-02-26T00:26:50.239+0000] {logging_mixin.py:190} INFO - [2026-02-26T00:26:50.238+0000] {warnings.py:109} WARNING - /opt/airflow/dags/weather_pipeline_dag.py:39: RemovedInAirflow3Warning: Param `schedule_interval` is deprecated and will be removed in a future release. Please use `schedule` instead. 
  with DAG(
[2026-02-26T00:26:50.243+0000] {logging_mixin.py:190} INFO - [2026-02-26T00:26:50.242+0000] {warnings.py:109} WARNING - /opt/airflow/dags/weather_pipeline_dag.py:48: RemovedInAirflow3Warning: provide_context is deprecated as of 2.0 and is no longer required
  extract = PythonOperator(
[2026-02-26T00:26:50.244+0000] {logging_mixin.py:190} INFO - [2026-02-26T00:26:50.244+0000] {warnings.py:109} WARNING - /opt/airflow/dags/weather_pipeline_dag.py:54: RemovedInAirflow3Warning: provide_context is deprecated as of 2.0 and is no longer required
  transform = PythonOperator(
[2026-02-26T00:26:50.246+0000] {logging_mixin.py:190} INFO - [2026-02-26T00:26:50.245+0000] {warnings.py:109} WARNING - /opt/airflow/dags/weather_pipeline_dag.py:60: RemovedInAirflow3Warning: provide_context is deprecated as of 2.0 and is no longer required
  validate = PythonOperator(
[2026-02-26T00:26:50.247+0000] {logging_mixin.py:190} INFO - [2026-02-26T00:26:50.247+0000] {warnings.py:109} WARNING - /opt/airflow/dags/weather_pipeline_dag.py:66: RemovedInAirflow3Warning: provide_context is deprecated as of 2.0 and is no longer required
  load = PythonOperator(
[2026-02-26T00:26:50.254+0000] {processor.py:925} INFO - DAG(s) 'weather_etl_pipeline' retrieved from /opt/airflow/dags/weather_pipeline_dag.py
[2026-02-26T00:26:50.302+0000] {logging_mixin.py:190} INFO - 2026-02-26 00:26:50,301 | INFO | airflow.models.dag | Sync 1 DAGs
[2026-02-26T00:26:50.304+0000] {logging_mixin.py:190} INFO - [2026-02-26T00:26:50.301+0000] {dag.py:3239} INFO - Sync 1 DAGs
[2026-02-26T00:26:50.344+0000] {logging_mixin.py:190} INFO - 2026-02-26 00:26:50,343 | INFO | airflow.models.dag | Setting next_dagrun for weather_etl_pipeline to 2026-02-25 23:00:00+00:00, run_after=2026-02-26 00:00:00+00:00
[2026-02-26T00:26:50.345+0000] {logging_mixin.py:190} INFO - [2026-02-26T00:26:50.343+0000] {dag.py:4180} INFO - Setting next_dagrun for weather_etl_pipeline to 2026-02-25 23:00:00+00:00, run_after=2026-02-26 00:00:00+00:00
[2026-02-26T00:26:50.386+0000] {processor.py:208} INFO - Processing /opt/airflow/dags/weather_pipeline_dag.py took 4.894 seconds
[2026-02-26T00:27:21.122+0000] {processor.py:186} INFO - Started process (PID=8008) to work on /opt/airflow/dags/weather_pipeline_dag.py
[2026-02-26T00:27:21.125+0000] {processor.py:914} INFO - Processing file /opt/airflow/dags/weather_pipeline_dag.py for tasks to queue
[2026-02-26T00:27:21.129+0000] {logging_mixin.py:190} INFO - [2026-02-26T00:27:21.129+0000] {dagbag.py:588} INFO - Filling up the DagBag from /opt/airflow/dags/weather_pipeline_dag.py
[2026-02-26T00:27:25.965+0000] {logging_mixin.py:190} INFO - [2026-02-26T00:27:25.965+0000] {warnings.py:109} WARNING - /home/airflow/.local/lib/python3.10/site-packages/snowflake/sqlalchemy/base.py:1068: SAWarning: The GenericFunction 'flatten' is already registered and is going to be overridden.
  functions.register_function("flatten", flatten)
[2026-02-26T00:27:26.839+0000] {logging_mixin.py:190} INFO - [2026-02-26T00:27:26.839+0000] {warnings.py:109} WARNING - /opt/airflow/dags/weather_pipeline_dag.py:39: RemovedInAirflow3Warning: Param `schedule_interval` is deprecated and will be removed in a future release. Please use `schedule` instead. 
  with DAG(
[2026-02-26T00:27:26.843+0000] {logging_mixin.py:190} INFO - [2026-02-26T00:27:26.843+0000] {warnings.py:109} WARNING - /opt/airflow/dags/weather_pipeline_dag.py:48: RemovedInAirflow3Warning: provide_context is deprecated as of 2.0 and is no longer required
  extract = PythonOperator(
[2026-02-26T00:27:26.845+0000] {logging_mixin.py:190} INFO - [2026-02-26T00:27:26.845+0000] {warnings.py:109} WARNING - /opt/airflow/dags/weather_pipeline_dag.py:54: RemovedInAirflow3Warning: provide_context is deprecated as of 2.0 and is no longer required
  transform = PythonOperator(
[2026-02-26T00:27:26.847+0000] {logging_mixin.py:190} INFO - [2026-02-26T00:27:26.846+0000] {warnings.py:109} WARNING - /opt/airflow/dags/weather_pipeline_dag.py:60: RemovedInAirflow3Warning: provide_context is deprecated as of 2.0 and is no longer required
  validate = PythonOperator(
[2026-02-26T00:27:26.848+0000] {logging_mixin.py:190} INFO - [2026-02-26T00:27:26.848+0000] {warnings.py:109} WARNING - /opt/airflow/dags/weather_pipeline_dag.py:66: RemovedInAirflow3Warning: provide_context is deprecated as of 2.0 and is no longer required
  load = PythonOperator(
[2026-02-26T00:27:26.857+0000] {processor.py:925} INFO - DAG(s) 'weather_etl_pipeline' retrieved from /opt/airflow/dags/weather_pipeline_dag.py
[2026-02-26T00:27:26.926+0000] {logging_mixin.py:190} INFO - 2026-02-26 00:27:26,926 | INFO | airflow.models.dag | Sync 1 DAGs
[2026-02-26T00:27:26.927+0000] {logging_mixin.py:190} INFO - [2026-02-26T00:27:26.926+0000] {dag.py:3239} INFO - Sync 1 DAGs
[2026-02-26T00:27:26.973+0000] {logging_mixin.py:190} INFO - 2026-02-26 00:27:26,973 | INFO | airflow.models.dag | Setting next_dagrun for weather_etl_pipeline to 2026-02-25 23:00:00+00:00, run_after=2026-02-26 00:00:00+00:00
[2026-02-26T00:27:26.974+0000] {logging_mixin.py:190} INFO - [2026-02-26T00:27:26.973+0000] {dag.py:4180} INFO - Setting next_dagrun for weather_etl_pipeline to 2026-02-25 23:00:00+00:00, run_after=2026-02-26 00:00:00+00:00
[2026-02-26T00:27:27.008+0000] {processor.py:208} INFO - Processing /opt/airflow/dags/weather_pipeline_dag.py took 5.901 seconds
[2026-02-26T00:27:57.723+0000] {processor.py:186} INFO - Started process (PID=8030) to work on /opt/airflow/dags/weather_pipeline_dag.py
[2026-02-26T00:27:57.726+0000] {processor.py:914} INFO - Processing file /opt/airflow/dags/weather_pipeline_dag.py for tasks to queue
[2026-02-26T00:27:57.730+0000] {logging_mixin.py:190} INFO - [2026-02-26T00:27:57.729+0000] {dagbag.py:588} INFO - Filling up the DagBag from /opt/airflow/dags/weather_pipeline_dag.py
[2026-02-26T00:28:02.328+0000] {logging_mixin.py:190} INFO - [2026-02-26T00:28:02.327+0000] {warnings.py:109} WARNING - /home/airflow/.local/lib/python3.10/site-packages/snowflake/sqlalchemy/base.py:1068: SAWarning: The GenericFunction 'flatten' is already registered and is going to be overridden.
  functions.register_function("flatten", flatten)
[2026-02-26T00:28:03.507+0000] {logging_mixin.py:190} INFO - [2026-02-26T00:28:03.507+0000] {warnings.py:109} WARNING - /opt/airflow/dags/weather_pipeline_dag.py:39: RemovedInAirflow3Warning: Param `schedule_interval` is deprecated and will be removed in a future release. Please use `schedule` instead. 
  with DAG(
[2026-02-26T00:28:03.512+0000] {logging_mixin.py:190} INFO - [2026-02-26T00:28:03.511+0000] {warnings.py:109} WARNING - /opt/airflow/dags/weather_pipeline_dag.py:48: RemovedInAirflow3Warning: provide_context is deprecated as of 2.0 and is no longer required
  extract = PythonOperator(
[2026-02-26T00:28:03.514+0000] {logging_mixin.py:190} INFO - [2026-02-26T00:28:03.514+0000] {warnings.py:109} WARNING - /opt/airflow/dags/weather_pipeline_dag.py:54: RemovedInAirflow3Warning: provide_context is deprecated as of 2.0 and is no longer required
  transform = PythonOperator(
[2026-02-26T00:28:03.516+0000] {logging_mixin.py:190} INFO - [2026-02-26T00:28:03.515+0000] {warnings.py:109} WARNING - /opt/airflow/dags/weather_pipeline_dag.py:60: RemovedInAirflow3Warning: provide_context is deprecated as of 2.0 and is no longer required
  validate = PythonOperator(
[2026-02-26T00:28:03.517+0000] {logging_mixin.py:190} INFO - [2026-02-26T00:28:03.517+0000] {warnings.py:109} WARNING - /opt/airflow/dags/weather_pipeline_dag.py:66: RemovedInAirflow3Warning: provide_context is deprecated as of 2.0 and is no longer required
  load = PythonOperator(
[2026-02-26T00:28:03.526+0000] {processor.py:925} INFO - DAG(s) 'weather_etl_pipeline' retrieved from /opt/airflow/dags/weather_pipeline_dag.py
[2026-02-26T00:28:03.590+0000] {logging_mixin.py:190} INFO - 2026-02-26 00:28:03,589 | INFO | airflow.models.dag | Sync 1 DAGs
[2026-02-26T00:28:03.591+0000] {logging_mixin.py:190} INFO - [2026-02-26T00:28:03.589+0000] {dag.py:3239} INFO - Sync 1 DAGs
[2026-02-26T00:28:03.643+0000] {logging_mixin.py:190} INFO - 2026-02-26 00:28:03,643 | INFO | airflow.models.dag | Setting next_dagrun for weather_etl_pipeline to 2026-02-25 23:00:00+00:00, run_after=2026-02-26 00:00:00+00:00
[2026-02-26T00:28:03.645+0000] {logging_mixin.py:190} INFO - [2026-02-26T00:28:03.643+0000] {dag.py:4180} INFO - Setting next_dagrun for weather_etl_pipeline to 2026-02-25 23:00:00+00:00, run_after=2026-02-26 00:00:00+00:00
[2026-02-26T00:28:03.682+0000] {processor.py:208} INFO - Processing /opt/airflow/dags/weather_pipeline_dag.py took 5.977 seconds
[2026-02-26T00:28:34.415+0000] {processor.py:186} INFO - Started process (PID=8052) to work on /opt/airflow/dags/weather_pipeline_dag.py
[2026-02-26T00:28:34.419+0000] {processor.py:914} INFO - Processing file /opt/airflow/dags/weather_pipeline_dag.py for tasks to queue
[2026-02-26T00:28:34.424+0000] {logging_mixin.py:190} INFO - [2026-02-26T00:28:34.423+0000] {dagbag.py:588} INFO - Filling up the DagBag from /opt/airflow/dags/weather_pipeline_dag.py
[2026-02-26T00:28:38.944+0000] {logging_mixin.py:190} INFO - [2026-02-26T00:28:38.944+0000] {warnings.py:109} WARNING - /home/airflow/.local/lib/python3.10/site-packages/snowflake/sqlalchemy/base.py:1068: SAWarning: The GenericFunction 'flatten' is already registered and is going to be overridden.
  functions.register_function("flatten", flatten)
[2026-02-26T00:28:40.145+0000] {logging_mixin.py:190} INFO - [2026-02-26T00:28:40.145+0000] {warnings.py:109} WARNING - /opt/airflow/dags/weather_pipeline_dag.py:39: RemovedInAirflow3Warning: Param `schedule_interval` is deprecated and will be removed in a future release. Please use `schedule` instead. 
  with DAG(
[2026-02-26T00:28:40.155+0000] {logging_mixin.py:190} INFO - [2026-02-26T00:28:40.154+0000] {warnings.py:109} WARNING - /opt/airflow/dags/weather_pipeline_dag.py:48: RemovedInAirflow3Warning: provide_context is deprecated as of 2.0 and is no longer required
  extract = PythonOperator(
[2026-02-26T00:28:40.158+0000] {logging_mixin.py:190} INFO - [2026-02-26T00:28:40.157+0000] {warnings.py:109} WARNING - /opt/airflow/dags/weather_pipeline_dag.py:54: RemovedInAirflow3Warning: provide_context is deprecated as of 2.0 and is no longer required
  transform = PythonOperator(
[2026-02-26T00:28:40.160+0000] {logging_mixin.py:190} INFO - [2026-02-26T00:28:40.160+0000] {warnings.py:109} WARNING - /opt/airflow/dags/weather_pipeline_dag.py:60: RemovedInAirflow3Warning: provide_context is deprecated as of 2.0 and is no longer required
  validate = PythonOperator(
[2026-02-26T00:28:40.163+0000] {logging_mixin.py:190} INFO - [2026-02-26T00:28:40.162+0000] {warnings.py:109} WARNING - /opt/airflow/dags/weather_pipeline_dag.py:66: RemovedInAirflow3Warning: provide_context is deprecated as of 2.0 and is no longer required
  load = PythonOperator(
[2026-02-26T00:28:40.173+0000] {processor.py:925} INFO - DAG(s) 'weather_etl_pipeline' retrieved from /opt/airflow/dags/weather_pipeline_dag.py
[2026-02-26T00:28:40.239+0000] {logging_mixin.py:190} INFO - 2026-02-26 00:28:40,238 | INFO | airflow.models.dag | Sync 1 DAGs
[2026-02-26T00:28:40.240+0000] {logging_mixin.py:190} INFO - [2026-02-26T00:28:40.238+0000] {dag.py:3239} INFO - Sync 1 DAGs
[2026-02-26T00:28:40.279+0000] {logging_mixin.py:190} INFO - 2026-02-26 00:28:40,279 | INFO | airflow.models.dag | Setting next_dagrun for weather_etl_pipeline to 2026-02-25 23:00:00+00:00, run_after=2026-02-26 00:00:00+00:00
[2026-02-26T00:28:40.281+0000] {logging_mixin.py:190} INFO - [2026-02-26T00:28:40.279+0000] {dag.py:4180} INFO - Setting next_dagrun for weather_etl_pipeline to 2026-02-25 23:00:00+00:00, run_after=2026-02-26 00:00:00+00:00
[2026-02-26T00:28:40.320+0000] {processor.py:208} INFO - Processing /opt/airflow/dags/weather_pipeline_dag.py took 5.925 seconds
[2026-02-26T00:29:10.917+0000] {processor.py:186} INFO - Started process (PID=8074) to work on /opt/airflow/dags/weather_pipeline_dag.py
[2026-02-26T00:29:10.920+0000] {processor.py:914} INFO - Processing file /opt/airflow/dags/weather_pipeline_dag.py for tasks to queue
[2026-02-26T00:29:10.922+0000] {logging_mixin.py:190} INFO - [2026-02-26T00:29:10.922+0000] {dagbag.py:588} INFO - Filling up the DagBag from /opt/airflow/dags/weather_pipeline_dag.py
[2026-02-26T00:29:14.604+0000] {logging_mixin.py:190} INFO - [2026-02-26T00:29:14.604+0000] {warnings.py:109} WARNING - /home/airflow/.local/lib/python3.10/site-packages/snowflake/sqlalchemy/base.py:1068: SAWarning: The GenericFunction 'flatten' is already registered and is going to be overridden.
  functions.register_function("flatten", flatten)
[2026-02-26T00:29:15.434+0000] {logging_mixin.py:190} INFO - [2026-02-26T00:29:15.434+0000] {warnings.py:109} WARNING - /opt/airflow/dags/weather_pipeline_dag.py:39: RemovedInAirflow3Warning: Param `schedule_interval` is deprecated and will be removed in a future release. Please use `schedule` instead. 
  with DAG(
[2026-02-26T00:29:15.439+0000] {logging_mixin.py:190} INFO - [2026-02-26T00:29:15.438+0000] {warnings.py:109} WARNING - /opt/airflow/dags/weather_pipeline_dag.py:48: RemovedInAirflow3Warning: provide_context is deprecated as of 2.0 and is no longer required
  extract = PythonOperator(
[2026-02-26T00:29:15.441+0000] {logging_mixin.py:190} INFO - [2026-02-26T00:29:15.441+0000] {warnings.py:109} WARNING - /opt/airflow/dags/weather_pipeline_dag.py:54: RemovedInAirflow3Warning: provide_context is deprecated as of 2.0 and is no longer required
  transform = PythonOperator(
[2026-02-26T00:29:15.443+0000] {logging_mixin.py:190} INFO - [2026-02-26T00:29:15.442+0000] {warnings.py:109} WARNING - /opt/airflow/dags/weather_pipeline_dag.py:60: RemovedInAirflow3Warning: provide_context is deprecated as of 2.0 and is no longer required
  validate = PythonOperator(
[2026-02-26T00:29:15.444+0000] {logging_mixin.py:190} INFO - [2026-02-26T00:29:15.444+0000] {warnings.py:109} WARNING - /opt/airflow/dags/weather_pipeline_dag.py:66: RemovedInAirflow3Warning: provide_context is deprecated as of 2.0 and is no longer required
  load = PythonOperator(
[2026-02-26T00:29:15.450+0000] {processor.py:925} INFO - DAG(s) 'weather_etl_pipeline' retrieved from /opt/airflow/dags/weather_pipeline_dag.py
[2026-02-26T00:29:15.504+0000] {logging_mixin.py:190} INFO - 2026-02-26 00:29:15,504 | INFO | airflow.models.dag | Sync 1 DAGs
[2026-02-26T00:29:15.506+0000] {logging_mixin.py:190} INFO - [2026-02-26T00:29:15.504+0000] {dag.py:3239} INFO - Sync 1 DAGs
[2026-02-26T00:29:15.540+0000] {logging_mixin.py:190} INFO - 2026-02-26 00:29:15,540 | INFO | airflow.models.dag | Setting next_dagrun for weather_etl_pipeline to 2026-02-25 23:00:00+00:00, run_after=2026-02-26 00:00:00+00:00
[2026-02-26T00:29:15.541+0000] {logging_mixin.py:190} INFO - [2026-02-26T00:29:15.540+0000] {dag.py:4180} INFO - Setting next_dagrun for weather_etl_pipeline to 2026-02-25 23:00:00+00:00, run_after=2026-02-26 00:00:00+00:00
[2026-02-26T00:29:15.575+0000] {processor.py:208} INFO - Processing /opt/airflow/dags/weather_pipeline_dag.py took 4.598 seconds
[2026-02-26T00:29:46.319+0000] {processor.py:186} INFO - Started process (PID=8096) to work on /opt/airflow/dags/weather_pipeline_dag.py
[2026-02-26T00:29:46.322+0000] {processor.py:914} INFO - Processing file /opt/airflow/dags/weather_pipeline_dag.py for tasks to queue
[2026-02-26T00:29:46.325+0000] {logging_mixin.py:190} INFO - [2026-02-26T00:29:46.325+0000] {dagbag.py:588} INFO - Filling up the DagBag from /opt/airflow/dags/weather_pipeline_dag.py
[2026-02-26T00:29:50.993+0000] {logging_mixin.py:190} INFO - [2026-02-26T00:29:50.992+0000] {warnings.py:109} WARNING - /home/airflow/.local/lib/python3.10/site-packages/snowflake/sqlalchemy/base.py:1068: SAWarning: The GenericFunction 'flatten' is already registered and is going to be overridden.
  functions.register_function("flatten", flatten)
[2026-02-26T00:29:51.775+0000] {logging_mixin.py:190} INFO - [2026-02-26T00:29:51.775+0000] {warnings.py:109} WARNING - /opt/airflow/dags/weather_pipeline_dag.py:39: RemovedInAirflow3Warning: Param `schedule_interval` is deprecated and will be removed in a future release. Please use `schedule` instead. 
  with DAG(
[2026-02-26T00:29:51.780+0000] {logging_mixin.py:190} INFO - [2026-02-26T00:29:51.779+0000] {warnings.py:109} WARNING - /opt/airflow/dags/weather_pipeline_dag.py:48: RemovedInAirflow3Warning: provide_context is deprecated as of 2.0 and is no longer required
  extract = PythonOperator(
[2026-02-26T00:29:51.781+0000] {logging_mixin.py:190} INFO - [2026-02-26T00:29:51.781+0000] {warnings.py:109} WARNING - /opt/airflow/dags/weather_pipeline_dag.py:54: RemovedInAirflow3Warning: provide_context is deprecated as of 2.0 and is no longer required
  transform = PythonOperator(
[2026-02-26T00:29:51.783+0000] {logging_mixin.py:190} INFO - [2026-02-26T00:29:51.783+0000] {warnings.py:109} WARNING - /opt/airflow/dags/weather_pipeline_dag.py:60: RemovedInAirflow3Warning: provide_context is deprecated as of 2.0 and is no longer required
  validate = PythonOperator(
[2026-02-26T00:29:51.785+0000] {logging_mixin.py:190} INFO - [2026-02-26T00:29:51.785+0000] {warnings.py:109} WARNING - /opt/airflow/dags/weather_pipeline_dag.py:66: RemovedInAirflow3Warning: provide_context is deprecated as of 2.0 and is no longer required
  load = PythonOperator(
[2026-02-26T00:29:51.793+0000] {processor.py:925} INFO - DAG(s) 'weather_etl_pipeline' retrieved from /opt/airflow/dags/weather_pipeline_dag.py
[2026-02-26T00:29:51.841+0000] {logging_mixin.py:190} INFO - 2026-02-26 00:29:51,841 | INFO | airflow.models.dag | Sync 1 DAGs
[2026-02-26T00:29:51.842+0000] {logging_mixin.py:190} INFO - [2026-02-26T00:29:51.841+0000] {dag.py:3239} INFO - Sync 1 DAGs
[2026-02-26T00:29:51.877+0000] {logging_mixin.py:190} INFO - 2026-02-26 00:29:51,877 | INFO | airflow.models.dag | Setting next_dagrun for weather_etl_pipeline to 2026-02-25 23:00:00+00:00, run_after=2026-02-26 00:00:00+00:00
[2026-02-26T00:29:51.878+0000] {logging_mixin.py:190} INFO - [2026-02-26T00:29:51.877+0000] {dag.py:4180} INFO - Setting next_dagrun for weather_etl_pipeline to 2026-02-25 23:00:00+00:00, run_after=2026-02-26 00:00:00+00:00
[2026-02-26T00:29:51.910+0000] {processor.py:208} INFO - Processing /opt/airflow/dags/weather_pipeline_dag.py took 5.607 seconds
[2026-02-26T00:30:22.235+0000] {processor.py:186} INFO - Started process (PID=8118) to work on /opt/airflow/dags/weather_pipeline_dag.py
[2026-02-26T00:30:22.238+0000] {processor.py:914} INFO - Processing file /opt/airflow/dags/weather_pipeline_dag.py for tasks to queue
[2026-02-26T00:30:22.241+0000] {logging_mixin.py:190} INFO - [2026-02-26T00:30:22.241+0000] {dagbag.py:588} INFO - Filling up the DagBag from /opt/airflow/dags/weather_pipeline_dag.py
[2026-02-26T00:30:27.595+0000] {logging_mixin.py:190} INFO - [2026-02-26T00:30:27.595+0000] {warnings.py:109} WARNING - /home/airflow/.local/lib/python3.10/site-packages/snowflake/sqlalchemy/base.py:1068: SAWarning: The GenericFunction 'flatten' is already registered and is going to be overridden.
  functions.register_function("flatten", flatten)
[2026-02-26T00:30:28.359+0000] {logging_mixin.py:190} INFO - [2026-02-26T00:30:28.359+0000] {warnings.py:109} WARNING - /opt/airflow/dags/weather_pipeline_dag.py:39: RemovedInAirflow3Warning: Param `schedule_interval` is deprecated and will be removed in a future release. Please use `schedule` instead. 
  with DAG(
[2026-02-26T00:30:28.362+0000] {logging_mixin.py:190} INFO - [2026-02-26T00:30:28.362+0000] {warnings.py:109} WARNING - /opt/airflow/dags/weather_pipeline_dag.py:48: RemovedInAirflow3Warning: provide_context is deprecated as of 2.0 and is no longer required
  extract = PythonOperator(
[2026-02-26T00:30:28.364+0000] {logging_mixin.py:190} INFO - [2026-02-26T00:30:28.364+0000] {warnings.py:109} WARNING - /opt/airflow/dags/weather_pipeline_dag.py:54: RemovedInAirflow3Warning: provide_context is deprecated as of 2.0 and is no longer required
  transform = PythonOperator(
[2026-02-26T00:30:28.365+0000] {logging_mixin.py:190} INFO - [2026-02-26T00:30:28.365+0000] {warnings.py:109} WARNING - /opt/airflow/dags/weather_pipeline_dag.py:60: RemovedInAirflow3Warning: provide_context is deprecated as of 2.0 and is no longer required
  validate = PythonOperator(
[2026-02-26T00:30:28.367+0000] {logging_mixin.py:190} INFO - [2026-02-26T00:30:28.366+0000] {warnings.py:109} WARNING - /opt/airflow/dags/weather_pipeline_dag.py:66: RemovedInAirflow3Warning: provide_context is deprecated as of 2.0 and is no longer required
  load = PythonOperator(
[2026-02-26T00:30:28.374+0000] {processor.py:925} INFO - DAG(s) 'weather_etl_pipeline' retrieved from /opt/airflow/dags/weather_pipeline_dag.py
[2026-02-26T00:30:28.430+0000] {logging_mixin.py:190} INFO - 2026-02-26 00:30:28,430 | INFO | airflow.models.dag | Sync 1 DAGs
[2026-02-26T00:30:28.431+0000] {logging_mixin.py:190} INFO - [2026-02-26T00:30:28.430+0000] {dag.py:3239} INFO - Sync 1 DAGs
[2026-02-26T00:30:28.477+0000] {logging_mixin.py:190} INFO - 2026-02-26 00:30:28,477 | INFO | airflow.models.dag | Setting next_dagrun for weather_etl_pipeline to 2026-02-25 23:00:00+00:00, run_after=2026-02-26 00:00:00+00:00
[2026-02-26T00:30:28.479+0000] {logging_mixin.py:190} INFO - [2026-02-26T00:30:28.477+0000] {dag.py:4180} INFO - Setting next_dagrun for weather_etl_pipeline to 2026-02-25 23:00:00+00:00, run_after=2026-02-26 00:00:00+00:00
[2026-02-26T00:30:28.534+0000] {processor.py:208} INFO - Processing /opt/airflow/dags/weather_pipeline_dag.py took 6.317 seconds
